user_id,recommendation
0,14 11 15 13 12 18 1 22 20 24
1,38 31 30 36 39 34 37 33 29 32
2,80 94 76 92 77 54 50 86 46 70
3,132 123 157 151 166 156 168 172 130 155
4,192 203 200 194 196 199 205 202 193 197
5,212 221 216 222 218 219 223 224 217 215
6,230 231 232 229 3862 13950 10867 6070 3859 11366
7,241 248 244 247 242 250 238 243 240 245
8,257 258 256 14887 5920 6094 14417 2344 14986 2291
9,263 264 261 262 4381 1556 7954 8688 13641 11063
10,274 271 268 269 273 270 272 9404 568 11445
11,277 279 280 278 14959 6345 14613 3821 7586 6481
12,287 133 291 286 282 284 292 290 293 285
13,321 303 307 327 313 305 300 316 302 335
14,351 344 346 343 339 341 342 340 349 350
15,354 356 355 704 5288 5506 14411 8576 7714 10744
16,360 359 361 15258 2742 2820 15094 2614 1532 14333
17,363 365 364 11916 8307 611 2958 2141 12829 14981
18,368 367 6218 5851 13198 13197 13199 12766 4806 1347
19,383 377 385 371 386 381 387 372 378 384
20,396 393 399 400 395 401 398 402 397 394
21,405 404 1166 2820 12426 2742 1323 1535 1532 3465
22,409 411 296 410 7522 7537 3558 8843 5865 14174
23,497 459 474 446 470 498 479 493 501 449
24,538 530 537 532 534 529 533 535 536 531
25,542 540 544 549 545 541 548 547 543 539
26,558 554 557 556 553 555 552 6710 6723 6711
27,564 566 565 571 574 562 570 572 575 573
28,323 578 580 577 579 583 582 581 873 466
29,589 593 592 597 83 596 600 591 587 599
30,611 618 614 620 606 627 612 626 613 608
31,169 634 149 466 686 165 611 2309 2262 618
32,645 644 637 643 636 638 641 639 642 640
33,648 650 649 3288 922 10679 7688 4395 11812 6302
34,466 661 653 656 660 655 659 657 658 654
35,665 666 667 3479 2350 10245 7483 3369 10247 11291
36,669 11366 3055 10715 8999 611 4426 53 2820 13885
37,670 672 671 10090 10087 10089 10091 5868 10074 4037
38,692 675 706 682 693 709 681 690 691 708
39,719 721 720 718 11366 13885 12850 14238 11405 14538
40,726 584 727 731 730 729 725 723 733 724
41,833 828 800 829 832 763 814 751 758 752
42,873 869 879 882 871 867 866 868 884 889
43,898 897 899 11366 7719 6483 2346 3522 10554 2282
44,900 906 904 902 903 905 901 12577 3878 5248
45,927 958 965 933 914 915 916 953 957 913
46,1011 1001 1003 1008 1006 1002 1010 1009 1005 1007
47,1065 1053 1062 1042 1054 1086 1063 1085 1025 1076
48,1107 1115 1112 1110 1111 1106 1113 1109 1108 1114
49,1119 1122 1123 1120 1125 1124 1121 8021 9393 5244
50,1130 1128 25 1131 1129 1132 14159 9610 14160 13311
51,1136 1149 1142 1139 1145 1146 1157 1137 1141 1144
52,1160 1161 1159 1162 3398 4884 3359 3288 3237 144
53,1166 1165 2742 2820 3464 405 1535 404 3465 1168
54,1173 1172 1171 1174 755 11055 3616 7293 10644 12481
55,626 1177 1180 1179 1170 1178 358 4966 2984 9365
56,1183 1184 1185 6773 9859 10111 12546 1677 12093 5974
57,323 873 796 1210 1192 462 1197 1209 1199 1206
58,1222 1224 1223 1221 1220 1226 904 1228 1225 1227
59,467 1231 1230 1233 1232 1229 1234 4204 10299 3704
60,687 686 1239 1238 1241 1242 1240 466 323 3811
61,1244 1245 1246 6292 6274 6289 6281 6272 6291 6283
62,1247 1249 1248 5758 8918 2761 4217 5428 12555 2751
63,1252 1255 44 1253 1254 1256 1251 745 10255 169
64,1261 1260 1259 1263 1262 688 1266 1265 1264 7887
65,1081 1279 1274 1280 1281 1271 1278 1272 1277 1275
66,1287 1286 1285 8999 10541 8273 3055 9610 3834 14210
67,1291 1290 1292 1289 5748 2556 9908 3145 2509 2192
68,1302 705 1300 1304 1296 1297 1301 1295 1298 1299
69,1309 1307 1312 1308 1310 1305 1311 1306 1313 5968
70,1317 1319 1318 1315 1314 1316 1320 6362 3083 1778
71,1323 405 2614 1324 2742 2820 12426 1325 3465 1166
72,1329 1327 1331 1330 1328 11076 1525 3881 6730 1531
73,611 118 1333 10893 618 9781 383 9924 10421 1621
74,1339 1340 1337 1336 1338 1335 254 4516 14463 1360
75,426 1283 1343 10723 2590 14319 5500 10235 8508 5114
76,1345 1346 11821 2277 2276 7333 11654 711 7334 3892
77,1351 1349 1348 1350 740 10715 14089 14307 10909 8999
78,1354 1355 1357 1356 1353 2369 2371 2378 4141 4138
79,1359 1364 1363 1361 1362 1365 1360 980 57 14626
80,1367 1371 1369 1164 1370 1368 3237 3234 8999 3238
81,1374 1381 1380 1379 1373 1375 1377 1376 1378 55
82,1425 493 1408 1431 1415 1401 1434 427 809 838
83,1395 1463 1465 1464 1462 1461 1466 5908 11946 5906
84,1471 1473 1472 1468 1469 1470 15159 15105 7292 7857
85,1475 1489 1483 1488 1485 1487 1490 1477 1481 1484
86,1500 1503 1501 1498 1499 1502 4 1161 6026 3727
87,1507 1508 1509 13130 5685 9601 9441 3119 10809 9621
88,1513 1512 1514 3957 9443 9227 4782 3525 4781 6246
89,149 773 782 419 1516 747 1517 764 169 794
90,1522 1523 1521 11401 9810 4170 6173 399 11742 11744
91,1532 1529 2614 1533 1534 2742 1525 2820 1531 3465
92,1540 1537 1536 1541 1539 1542 1538 15043 14608 15042
93,1547 1545 1546 3127 203 207 6048 3120 11589 7463
94,1551 1550 1552 1982 2790 8716 2196 7004 9561 417
95,1557 1558 1554 1555 1559 1556 9324 9323 13068 264
96,1563 1562 11366 692 13885 3055 6572 12850 626 14519
97,1564 1568 1565 598 1579 1567 1577 596 1580 1566
98,169 686 163 685 241 1592 1591 1590 1593 1594
99,1598 1599 1597 1605 235 1616 1617 1608 1609 1601
100,1627 1628 8411 14711 11405 11366 3055 10715 2820 8999
101,1630 1629 1631 1632 8027 8007 8132 8129 8125 8124
102,1635 1634 1636 2662 2663 8629 8215 14451 10605 13361
103,879 1648 1646 1645 788 757 1650 1639 889 1638
104,1655 1656 1654 8298 2438 5384 11309 10715 11565 9682
105,1660 1659 1658 3945 2952 4419 11720 5621 5022 2428
106,1662 1663 1664 2438 6623 6253 1939 9810 2394 6622
107,1668 1667 6803 811 1435 3754 500 692 3753 8225
108,1677 1673 1676 1672 1671 1678 1674 1675 5483 7999
109,873 794 1686 1684 489 1688 1503 1683 1685 1687
110,1697 1695 1694 1087 1696 1698 1693 1699 611 5830
111,1136 1721 1146 1145 1708 1717 1710 1150 1718 1711
112,476 478 1732 1734 1733 794 466 149 2457 464
113,1737 1280 1063 1736 3527 3530 3539 1081 1062 1016
114,1742 1740 1741 5229 7684 1532 15038 7249 5228 12842
115,1746 342 1747 1748 1744 1745 13888 629 6118 6493
116,1750 196 573 8984 6433 5502 3115 9985 3734 5046
117,1515 1764 1757 1763 1755 1753 1761 1754 1760 1758
118,1136 1724 1776 1773 1775 1774 1771 1770 1772 1769
119,1785 1784 1783 1786 1781 1782 6097 7662 7893 4174
120,1794 1790 1789 1791 1788 1792 1793 1787 10000 9232
121,1796 1798 1197 1199 1797 1799 1801 1800 1802 1452
122,1806 1811 1817 1818 1808 1807 1809 1814 1813 1810
123,1826 1823 1822 1821 1825 1824 1827 3843 4416 4414
124,873 1835 1833 1834 1831 1832 1830 323 149 686
125,1843 1842 1841 1849 1853 1857 1838 1856 1845 1851
126,1859 1858 1860 1864 1862 1863 1861 1011 15195 12551
127,1869 1868 1867 83 3504 5218 9545 3340 9546 7551
128,1263 1872 1873 4023 12550 13773 10152 8036 4787 13407
129,1877 1875 1876 7518 2755 12135 4410 8519 3811 2309
130,1880 23 1879 2509 1291 10654 7726 2549 11739 13413
131,1883 1885 1884 1882 13247 8323 12997 13002 5329 13432
132,1611 1887 1888 13662 8822 6734 9629 9754 1010 2378
133,1896 1893 1894 1895 1892 1113 1891 8515 2906 10869
134,871 1239 1901 868 1390 1899 1570 1900 879 8403
135,1907 1905 1904 1909 1908 444 1903 1906 472 13908
136,1003 1916 1914 1915 1913 9662 7065 9665 6554 2891
137,1918 1919 1640 9904 2559 2556 10016 6890 611 392
138,1921 1923 1930 1922 1924 1929 1927 1896 1934 1925
139,1940 1943 1942 1944 1941 7530 12215 6062 15232 15231
140,902 1946 1945 1896 7890 7892 901 905 904 906
141,1884 1954 1953 1955 1949 1950 1956 1951 1952 13925
142,1568 1959 600 1969 1963 1967 1973 1962 1960 1975
143,795 1985 1986 794 1219 736 13630 323 466 1071
144,1989 1990 1991 3764 7143 7145 1688 250 2689 644
145,1997 1996 1993 1995 1044 1994 12949 12092 8216 8215
146,1263 2000 2005 2003 2004 2002 2001 2006 4023 2460
147,1354 1357 2014 2010 2013 2011 1355 2009 2015 1303
148,101 1686 2026 2029 2024 2027 2019 2020 2023 2030
149,2039 2037 2041 2040 2034 2038 2036 2035 998 501
150,2047 2054 2056 2045 2050 2046 2048 2053 2052 2049
151,2059 2060 2061 2058 3671 3279 3280 13305 7951 11019
152,2063 1079 419 2064 875 2062 3529 1035 1042 1014
153,2073 2067 2075 2072 2071 2077 2069 2070 217 2076
154,1367 2083 2084 2085 722 12711 7121 3055 8999 7116
155,2086 2091 2092 2090 2093 2087 1578 2089 2094 2088
156,788 2102 2097 2101 2096 2103 2100 2098 484 2099
157,2113 2116 2112 2114 2109 2111 2115 2110 5820 324
158,618 41 2120 612 2146 2140 81 2123 2132 2127
159,466 873 424 437 2161 1902 2162 2167 2166 2168
160,2171 2179 2176 2173 2178 2177 2172 2181 2180 2183
161,2185 2198 374 2033 2192 2191 118 2199 2187 2190
162,2207 2223 2212 2245 329 306 2233 2238 460 2243
163,2256 453 2257 7515 2992 239 14275 2993 10183 4574
164,1987 2259 2260 9294 12297 5206 7080 8004 7504 9458
165,169 1902 2261 466 149 686 2309 165 873 870
166,719 721 720 718 11366 13885 12850 14238 11405 14538
167,2266 2265 2267 2264 3887 4068 12941 6749 14235 11469
168,2272 2280 2279 2292 2273 1346 2276 2275 2284 2271
169,2297 2035 2298 2300 2299 3927 7273 7269 9496 8264
170,2309 363 2306 2312 2318 2314 1381 2315 2310 1239
171,873 2328 2327 323 149 686 466 775 794 1204
172,2353 2352 2355 631 2336 2337 1692 2340 2344 2351
173,2362 2363 1088 9993 7118 14520 4810 4811 2249 7968
174,464 788 2005 2366 1481 794 463 476 687 466
175,1354 2371 2375 2372 2369 2374 2370 1357 11347 1355
176,2390 2384 2385 2383 2388 2389 2396 2381 2382 2387
177,2402 2401 2403 2404 526 538 537 12899 14641 530
178,2406 11366 3055 10715 8999 611 4426 53 2820 14555
179,476 738 2407 2408 480 466 794 478 464 323
180,2429 2433 2419 2410 2434 2426 2423 2414 2413 2421
181,2442 2441 977 2443 12761 967 938 12944 4590 12762
182,2448 2445 268 2447 2446 7697 182 769 176 879
183,2449 2450 2451 1262 6943 9128 1947 5670 1264 3554
184,2457 2460 775 2456 2458 331 2459 780 455 749
185,871 1047 2145 2030 2466 2465 1901 8403 2764 879
186,2471 2474 1164 2473 2476 2475 2470 2469 2472 3305
187,2524 2552 2530 2544 2487 2512 2153 2528 2531 2542
188,2578 2577 12305 10709 8797 5048 2003 2702 4278 281
189,1621 2582 2581 2580 2579 2583 1622 1617 611 1620
190,2457 1238 2588 1521 2587 2586 2589 6032 476 1239
191,2597 2591 2598 2595 2596 2594 2593 2592 160 1181
192,2603 2601 2602 8458 10345 1801 3441 12814 3680 8270
193,2604 2605 12485 14402 10836 6799 4659 8086 14401 2837
194,2607 2608 2609 7960 7961 15280 6106 2653 1392 8418
195,2612 2610 2611 2613 4059 9813 8212 1543 9812 9814
196,2620 1730 1729 2622 2616 2618 2623 2619 2621 2617
197,2625 2626 15140 15139 10287 10481 8708 4865 2192 10144
198,2628 2629 2630 4315 13646 14067 3147 7339 997 1011
199,2221 2635 1173 2634 2632 2633 10560 7647 5850 11055
200,2647 2642 2646 2644 2648 2643 2639 2640 2649 2645
201,1204 2657 2652 2653 2296 2650 2654 2651 2655 2656
202,2663 1635 2662 2665 2666 2664 4056 8215 4059 8216
203,2669 2673 2671 2672 2670 987 4312 3848 13100 8108
204,2713 2691 2678 2708 2693 2076 2687 2692 2695 2681
205,1840 2729 2723 2728 2726 2725 2724 2727 5255 9226
206,1687 2734 2735 2733 4049 148 11013 9602 3384 1750
207,2742 2741 1529 2614 2820 2743 5998 2739 1165 405
208,2750 2748 138 1247 807 2754 2751 1444 2747 2456
209,323 1452 2761 2776 2764 2774 2779 2768 2778 2758
210,2788 2786 2803 2787 2792 2789 2804 2797 2801 2793
211,2811 2813 2812 10189 1857 10190 10346 538 8430 10188
212,2820 1166 405 1535 2742 2815 12426 2814 3464 3465
213,2826 2827 1626 2825 7644 148 10762 7645 1250 226
214,2830 2834 2831 2833 2835 2828 2829 2832 2836 3861
215,2839 2840 2841 14065 9381 9376 9378 12684 9137 12685
216,2844 2854 2850 2843 2852 2849 2847 2857 608 2862
217,2869 2875 2876 2874 2871 2873 2870 2872 4139 7554
218,611 9781 10893 618 1621 10421 612 3213 9924 11483
219,2875 2881 2891 2883 2882 2890 2892 2887 2879 2886
220,2895 2901 2906 2257 2902 2903 2905 2904 1898 2730
221,2928 2917 2919 2916 1392 2607 1747 2925 2918 2927
222,2934 2932 2939 2937 2933 2935 2938 2759 2936 11804
223,2944 2943 13221 8965 7708 9089 7836 5262 1047 4524
224,1660 1374 1328 2948 2951 2945 2950 61 0 2949
225,2959 2958 2957 2960 2956 482 2955 2961 383 12918
226,2974 2964 2967 2976 2965 2975 2968 2966 2970 2972
227,74 2986 2985 5415 8561 541 13012 3719 3488 11316
228,2987 2719 7453 4017 9886 9561 3684 10494 7760 1317
229,2989 2442 31 2988 7416 30 4590 8813 8814 4589
230,625 1056 2992 2257 2993 2991 2736 3646 3654 3340
231,2996 1321 2998 2999 3002 3001 3000 2997 2995 1320
232,58 3008 3007 3011 3012 3009 3010 3005 3006 3004
233,2024 1569 3015 3016 3014 1452 176 3711 879 2448
234,3019 2029 2131 114 105 3018 3055 7115 1367 11405
235,2225 3023 3024 6378 298 9050 3153 3335 8198 2081
236,3032 2767 3029 1653 3030 3036 3027 3039 3037 3035
237,3043 1752 3044 2560 4863 5132 1751 3403 2270 4865
238,1529 3046 2614 12426 5998 2741 2820 3045 2742 3465
239,3048 960 3047 10691 6312 8820 10487 2785 1509 2117
240,3055 3052 3058 3059 3053 3057 3051 3056 3054 15001
241,3067 3068 3064 3066 3065 11401 8735 13166 12900 8734
242,3072 3069 3071 3070 3512 6937 4546 4170 6475 218
243,1001 3083 3079 2996 3077 3076 3078 3075 3074 3082
244,1893 3088 3086 3089 3087 6546 8966 2906 11709 10869
245,3092 106 3093 10282 740 14351 1332 14843 6306 2204
246,3094 13572 2869 5778 9439 9757 10098 4132 4688 8269
247,879 1684 3100 3097 788 3099 3098 500 3095 2520
248,3106 3107 11100 11104 11106 11103 8156 10543 11101 11105
249,3108 3111 3109 3115 2692 3112 3110 3113 2293 3114
250,3118 11475 8234 336 611 3998 6513 8846 7373 7377
251,3123 3127 203 1547 3125 205 424 2945 199 3120
252,3166 3158 3133 3137 3168 3138 3159 3141 3150 3154
253,3204 3208 3202 3191 3196 3205 3185 3207 3198 2235
254,466 873 478 163 3222 1686 1646 1071 3223 3217
255,3229 3227 3232 3234 3230 3235 909 3233 3228 3231
256,3019 3242 3241 243 3244 3240 3243 705 4569 4627
257,3141 15031 11868 12150 10160 12783 14408 12503 11046 10657
258,3248 2709 3253 3250 3249 3254 784 3251 3252 3255
259,3263 3262 3261 3260 1311 3259 3813 1307 14644 11627
260,3267 3266 3268 13824 5079 12799 1499 8403 1901 1047
261,3270 3271 3272 2794 3269 5748 174 1961 9320 7731
262,3281 3324 3349 123 3295 3326 3360 3334 2359 2720
263,3387 3388 8884 11145 14173 3411 6305 14102 5402 7695
264,3390 3389 4143 5458 11713 7617 11332 4002 1584 8955
265,618 2959 3403 3404 3392 56 3393 3399 3391 3394
266,3407 3408 51 2187 3406 64 2198 55 63 2802
267,3411 3410 3412 3387 13210 2726 8292 12296 13577 2653
268,3415 3413 3414 673 1887 8822 11340 1826 7059 1828
269,3419 3418 3417 3910 7761 8301 1993 8566 4973 323
270,2908 3426 3425 3422 3421 3423 3424 7745 10119 10120
271,3428 3429 3427 4350 1119 9393 8016 13403 5743 5249
272,3431 3430 3433 3432 3434 3435 14739 943 11366 1475
273,3436 11366 13885 12850 14238 11405 3055 14538 726 2742
274,4 2221 3441 1390 1389 3438 3439 3440 778 3919
275,3448 3447 3450 3445 3451 3446 3449 12352 5228 14305
276,3452 11366 13885 3055 6572 12850 626 8808 2742 13838
277,2457 3460 1686 661 1099 2156 3458 3456 343 3455
278,2614 3465 3464 1166 2820 2742 1532 1323 5998 1529
279,3467 3466 2537 4558 5789 12714 2348 9130 11843 11084
280,3471 3470 3469 14552 14557 618 611 14550 3811 3598
281,2750 2790 3210 3472 1550 1982 3473 3110 2428 1503
282,1201 128 3479 3478 3477 3049 323 4223 163 778
283,3481 3480 1882 14155 13002 14369 3482 11096 8646 1703
284,3483 3084 1720 3484 1721 1718 3083 13374 12733 2369
285,3321 3487 1978 3283 4488 4941 10471 1268 830 1033
286,3491 3489 3490 9451 9138 13250 13776 13107 11611 7985
287,3500 42 3498 198 3503 3502 2129 3494 3496 3501
288,3510 3513 67 3511 3512 1302 10547 10293 2195 3965
289,2750 2781 3186 3518 3515 3519 3516 3517 3514 760
290,1062 2357 1030 3528 194 1059 189 3293 3531 190
291,3556 3242 3553 3551 3557 518 3555 1514 3550 3552
292,2086 3563 3564 3569 2636 3562 3567 3565 3568 3561
293,770 3574 1875 3577 3576 3575 796 4238 4180 2309
294,994 876 3578 3579 1673 6271 11366 9254 10943 7941
295,3585 3588 3582 3587 3584 3586 3581 3583 2233 971
296,3591 3590 3593 3198 3592 6398 7524 3793 13839 6494
297,3598 3594 3596 42 3599 3595 3597 2738 12666 5191
298,3602 3609 1765 3605 1868 3606 3603 3608 3601 1019
299,3616 3615 1171 3617 1173 1174 1172 15108 9618 14955
300,3628 3625 3626 3638 3630 3636 3631 3633 3619 3622
301,3646 3652 3650 3654 3656 3653 2421 3657 2991 3661
302,3667 3666 1007 7065 3074 1003 9536 11892 3688 11778
303,3671 3669 3672 3670 2060 4070 7625 7951 4068 6169
304,3195 1641 420 3678 1008 3682 3686 1006 3677 3684
305,3704 3699 3702 3697 598 3696 1566 3707 3708 3700
306,3716 968 3714 3717 3715 3138 13608 3168 10084 8636
307,3721 3722 14900 8270 13609 8279 9076 12266 9077 8271
308,3737 46 3725 3734 3115 3740 2692 3733 3340 3741
309,3749 2826 3748 3534 1112 1943 190 3750 1080 1039
310,3753 1667 500 3754 1435 11014 3755 1668 3855 6803
311,3758 3761 3757 1098 1080 1278 1050 3760 3759 3763
312,3771 3770 3767 3769 3768 3772 5036 970 692 5023
313,3776 3783 3780 3778 3777 3786 3784 3775 3782 3779
314,3790 3791 3792 463 15147 3406 739 1797 4180 2240
315,476 736 477 3794 3796 3795 466 794 478 149
316,3798 3799 2430 2434 9116 11124 1784 2436 624 2429
317,3801 3805 3802 3804 3806 3800 3808 3807 3803 3809
318,3811 3810 884 879 466 2309 686 323 769 764
319,3263 3813 3814 3816 3815 3817 3818 5886 14737 4849
320,3830 3826 3836 3827 3832 1285 3828 3833 3831 3214
321,3843 2767 3844 3845 3842 3516 1826 2876 4416 4599
322,2673 3848 3849 3847 3396 1878 3852 3851 3850 5150
323,3407 399 3855 246 3856 6477 6997 1896 8245 6181
324,230 3862 2830 3859 629 2831 3861 3863 3860 9826
325,3871 3870 3869 3868 30 3867 3866 4989 3287 1399
326,3880 3665 3877 3882 3883 3886 1523 3887 1889 3885
327,3903 3907 3896 3899 3898 3901 3900 2043 3895 3906
328,383 3909 851 3252 2153 996 611 2533 2958 386
329,3919 3929 3927 3922 852 3914 3912 3915 3918 1390
330,873 3943 3945 714 3881 732 3942 3941 3946 3944
331,3952 3950 3951 6187 9014 4468 5285 5284 13358 1897
332,3953 3954 15073 14894 8093 8102 8506 5560 14399 9076
333,654 1292 3957 3956 3960 3510 3513 715 3959 2556
334,3978 3979 14216 471 6827 12777 10562 8734 12688 9270
335,626 3980 3982 3981 4966 8397 9365 5898 6488 7408
336,3984 3720 3985 3986 9570 8445 8891 6984 5525 9085
337,3990 3989 3991 13143 11670 5397 11904 7053 5523 3992
338,3993 1095 3994 7863 2858 5982 8028 2415 4351 1734
339,3996 3998 3997 3995 7893 5246 1896 2848 10408 2977
340,1811 1817 2332 4005 4006 2068 4007 4001 4003 4004
341,4012 11468 7811 7813 7812 777 2269 7668 7814 4870
342,625 3945 4016 4015 4014 1660 2457 476 12178 7697
343,3055 476 2739 163 753 4022 1648 4023 1263 2935
344,4037 4035 4036 3442 4034 1317 10073 1011 2880 10072
345,4042 4047 4043 4040 4045 4041 1051 1372 4044 4046
346,3111 3108 4050 4049 4051 3109 4976 4972 3819 4975
347,4054 11366 13885 3055 6572 12850 626 3452 8808 2742
348,4055 11366 3055 10715 8999 4159 5356 611 4426 53
349,4056 4058 4057 2663 13944 4059 13451 8392 13818 2612
350,4060 1778 1320 6362 2375 6363 1779 2371 6361 9192
351,4068 3670 3669 1844 3097 4070 4065 4067 4066 4069
352,4078 4094 4083 4079 4082 4088 4091 4080 4076 3664
353,652 4098 4097 4110 4109 4100 4113 4112 4105 4107
354,4117 4116 4118 3498 203 3040 4120 4119 15050 4581
355,4123 11366 692 13885 3055 12850 14519 1345 2742 6661
356,3811 1684 4126 4127 4129 4125 807 4124 4128 4130
357,1354 1357 2371 4138 4132 1355 4135 4139 4134 2378
358,4150 4148 4149 4153 4151 4152 3648 14598 3645 3051
359,4156 4155 4165 988 4160 4161 410 4162 4164 4163
360,2108 4170 1123 2982 4169 4173 4168 4171 4172 5788
361,476 794 478 1213 494 797 437 1192 1683 809
362,4248 4240 4212 4247 4215 4243 4245 4190 858 4246
363,4275 4274 1176 4273 4272 9823 6396 9824 6395 6398
364,4294 4296 4287 4289 4279 4277 4281 4298 4278 412
365,4314 4313 4304 4309 4307 4306 4310 4311 4305 4312
366,593 4321 4320 4319 4325 4324 3730 4323 4322 2910
367,2820 2742 12426 4330 1166 405 2614 3465 1532 1866
368,4332 2243 4331 11858 7059 5874 5855 5861 9533 5933
369,4335 4333 4334 12956 13918 12954 12952 12958 12953 950
370,240 4338 4337 7966 2731 7965 9129 6401 13458 12941
371,4344 2540 3831 3826 2488 3289 3339 4342 2486 4341
372,4350 687 4351 2305 4352 686 2460 3428 1444 323
373,4353 4355 4354 873 5051 546 1803 878 143 1204
374,2614 618 287 2742 3465 2820 1532 5998 366 1323
375,1222 4358 282 7936 6692 2908 1837 1938 1896 10188
376,4361 4362 7530 12879 4734 4733 1794 12215 13669 4735
377,4363 1453 7120 447 3510 137 10547 8722 6572 81
378,1568 209 4364 4365 4251 2768 7420 4366 3185 5540
379,2916 412 4367 2919 11619 15145 14847 10048 4066 15144
380,1798 4371 4376 1764 4375 4373 3920 4369 822 4372
381,1452 4383 4382 4381 4380 5972 3697 1516 176 7697
382,4390 4394 4393 4389 4412 4400 4392 4391 4411 4386
383,4414 4415 1826 1306 4134 7427 6362 6363 6361 4060
384,4417 4418 11760 8145 3294 9255 12197 5954 7390 5000
385,4435 4433 4432 4426 4431 4429 4421 4424 4428 4420
386,707 4438 4440 4439 323 5769 1169 2726 1480 4860
387,4445 4443 4444 9435 9700 9705 6691 9701 2019 5303
388,4450 4447 4449 4448 4446 936 8258 8316 15188 8122
389,2686 4453 9249 6858 6857 5031 773 2133 3533 2700
390,2866 1823 1927 2843 2852 4457 2977 4454 4460 4455
391,3922 763 542 4502 804 4494 4469 540 1608 3924
392,2741 1529 4515 2814 4514 2742 2614 2820 12426 3465
393,2569 4517 827 4519 746 10475 814 742 1466 5908
394,4525 4520 4526 4522 4524 4529 1947 4530 4528 4527
395,4532 4533 981 1731 4534 4535 955 4531 927 979
396,4538 4543 4539 4542 4540 4546 4536 4541 4548 4545
397,4553 3092 4554 4552 1257 4557 3769 541 4558 4556
398,4561 4560 4563 4562 4564 569 4565 11744 11742 10151
399,4587 4586 4583 4584 4582 4573 966 4585 4572 4571
400,1721 4138 4605 2875 4599 2881 4133 2891 4596 4606
401,698 4610 3498 4470 476 4277 6752 2935 10271 10176
402,4621 4615 4619 4614 4617 3085 4620 4622 4623 4618
403,4628 4633 4630 559 4629 4632 2462 354 4631 443
404,4635 3380 2539 1163 2483 4637 4636 1275 2480 3237
405,4647 4646 4648 4645 4657 4650 4649 4642 4656 4652
406,4666 4667 12330 13406 7722 13770 11147 10867 231 9210
407,2556 4669 4668 12087 2506 1919 1621 9337 11030 2527
408,4671 4672 7384 10488 13793 13848 14720 8575 14229 11248
409,4675 11366 3055 10715 8999 611 4426 53 2820 323
410,4683 4682 4676 4681 4685 4686 4679 4684 4677 4680
411,4132 4687 4688 1136 3443 4692 2873 4138 4689 4690
412,807 4492 4376 4370 9688 822 1764 806 9687 1684
413,4170 4699 4697 4696 4701 1699 4700 4706 4698 4705
414,4712 4711 3121 7090 7386 207 15097 11084 14129 13320
415,4718 4713 4714 4717 4715 4719 4716 8274 14377 12601
416,2480 137 4724 4720 4723 4305 4721 4722 5209 5822
417,4728 4727 7713 7715 8999 7712 7714 611 14547 10503
418,4730 11366 3055 10715 8999 1317 4037 611 4426 53
419,4734 4733 4735 4737 4732 4361 4731 1798 4738 4045
420,4575 4742 4741 3916 13057 14502 5499 3296 2676 8986
421,1296 4743 4077 5846 10996 10627 1001 10630 5845 12915
422,1269 2982 4746 4745 2894 4748 4749 4747 11366 6059
423,4753 4752 2947 4754 4751 4964 4962 4073 6544 11871
424,3811 879 1569 1452 383 1418 3711 2312 3016 4262
425,1732 3097 894 4765 4766 2366 2294 4768 4767 4200
426,4774 4772 4776 1960 4777 3386 4778 4773 4779 4775
427,1513 3525 4782 4781 6181 5099 2693 1512 10761 9443
428,4784 4786 4783 4800 4795 4794 4798 4793 4785 4796
429,2362 4810 4811 11679 11682 14520 11674 11677 11678 8956
430,3398 1392 798 2607 4814 4812 3397 184 4813 3219
431,3110 4818 4817 4820 4061 4819 2750 2790 10209 6317
432,3771 4821 4823 4824 4825 4822 1452 5014 4884 3699
433,1083 4829 4827 890 4830 4828 2751 4831 1060 3363
434,538 529 4836 4840 4839 4841 4835 526 4837 4838
435,1751 873 169 466 4852 149 2560 4853 3044 4846
436,794 4874 1657 1687 4875 4873 2775 4879 1971 2692
437,393 401 398 402 400 397 396 395 394 399
438,3237 3238 4887 4900 4883 3236 4891 1371 4905 1370
439,4916 4915 4920 4913 4901 4912 2567 4918 2488 4917
440,46 4924 4925 6825 12318 2538 466 392 7372 2026
441,46 234 235 420 2323 4499 4930 4929 1020 813
442,4371 4935 6525 11773 6181 6171 399 9682 4369 8357
443,4945 4944 4938 4927 1022 4941 4942 4939 4829 2008
444,2770 4950 4949 1046 6955 1735 4221 3704 2748 9972
445,4955 4958 4964 4963 4960 4954 769 4962 4959 4752
446,3108 3109 3819 4975 4050 4972 3546 4976 3111 1014
447,4987 3287 3359 4990 4635 1399 4986 1159 4989 135
448,4994 4995 4996 12202 589 3458 8718 12166 9002 6261
449,3553 89 4997 4998 4999 5001 3366 5000 4158 5002
450,5007 5005 5006 5010 5008 5009 11146 7980 11782 4673
451,5055 5057 3208 4732 5051 4354 5052 5048 4269 5040
452,5086 2066 5085 5081 5082 1653 5084 5076 4223 5077
453,5096 5097 5099 5098 4729 5100 9349 9337 11481 2285
454,5108 5101 5102 5103 5107 5106 5105 5112 5113 5110
455,5115 11366 13885 3055 6572 12850 626 3452 8808 2742
456,4235 5122 3245 5121 3910 5116 3151 3167 5120 5119
457,5129 5126 5127 5128 5125 5124 9179 4285 9967 9627
458,5154 5160 3129 5150 5071 5162 5133 5158 5136 5130
459,4085 3557 5181 2714 5182 3556 1993 216 14861 9265
460,753 4369 5185 4090 4021 5184 1038 3296 1016 1053
461,5190 5191 4038 5193 1620 5189 5192 1461 5187 5188
462,2699 5197 5196 4465 7527 6477 1385 2705 6097 14423
463,5199 5201 5198 5200 5202 7972 13942 15125 4800 2632
464,5205 5204 4033 576 6079 1451 8426 11115 8473 14926
465,3319 4979 3339 3351 5215 3316 3329 1477 5217 2826
466,26 5225 5223 5224 7992 7054 3734 9985 5046 196
467,1740 5229 5230 5232 5227 5228 5231 3449 1741 7684
468,3526 5237 5233 5234 5235 5236 9901 188 9131 7371
469,5239 5240 5238 5242 5241 780 2699 11124 11366 6009
470,1119 5244 5243 5246 5248 5247 5245 9393 1122 9394
471,5250 5251 5377 5341 9365 626 13543 13564 13918 2903
472,5255 678 1886 5256 5253 5252 5254 13954 8256 8258
473,1799 5260 15162 15161 568 4306 10257 723 274 7952
474,2657 5262 5263 2013 1381 2944 5264 5265 3993 5174
475,1492 299 1483 5276 5278 5277 5270 5272 5279 1489
476,4273 2268 5282 6093 4800 12479 12557 1176 10455 10457
477,1177 5287 5285 3950 1897 5286 5284 2984 10868 7890
478,4871 2830 5289 5292 5294 5291 5296 4409 5290 5293
479,1367 3019 5299 5301 5020 289 5305 5310 5302 5311
480,5319 5317 5318 5320 2624 6431 8255 9961 4574 8002
481,467 5324 5322 1391 5323 5321 4224 1423 1230 6216
482,5328 3482 5326 5329 5330 5327 1882 13002 3568 14370
483,3794 2901 1979 5333 5334 1896 6632 14175 11708 2732
484,5337 5338 2673 5335 5339 5336 11445 3848 7257 14542
485,5342 3385 3384 1281 5343 2691 10515 9648 5859 1272
486,1533 5344 2824 1532 13926 8526 13329 12426 1529 3465
487,5347 5346 5349 5348 7695 4282 13799 8993 14414 5772
488,576 5352 5353 5357 5354 5358 5356 5355 13023 11341
489,2139 3428 5359 5360 5361 3550 436 4 3429 4350
490,626 5374 5371 5367 5375 5363 3864 3012 5368 5379
491,3359 3289 5388 2540 5386 5394 2495 5392 3332 5393
492,1568 2101 4188 3911 5397 253 5396 4091 10571 10572
493,5399 12300 1933 12892 12520 11366 3055 10715 8999 611
494,209 4937 5400 4422 6248 3478 4946 1568 219 3690
495,685 5401 5402 169 686 466 10781 1701 8884 10564
496,5405 5408 5406 5407 147 5404 5403 8058 7691 10208
497,466 1686 4891 4823 4878 2470 4992 2482 5411 5410
498,3043 1752 5415 5416 5418 5417 711 4228 5420 5419
499,5424 3529 3453 1484 5425 5427 1611 5423 874 5426
500,2422 5428 2421 3661 2414 567 12036 10224 9807 7953
501,5429 5432 5433 5430 5431 427 477 1405 3117 3384
502,1721 4407 1723 1776 5445 5444 1153 5441 5439 5443
503,1826 4139 2996 5447 5449 5450 5448 10199 2869 4414
504,5454 5453 1112 5458 3352 5459 5452 3770 1104 5462
505,5466 991 5464 5463 5467 5465 8707 11113 4867 2457
506,5476 5470 5469 5484 5479 5472 5482 5483 5481 5471
507,5488 5490 5489 4183 5487 5082 3042 6689 595 9706
508,5494 5493 5492 8297 8137 12557 1897 1818 1548 8051
509,5496 5495 5978 3889 12344 5979 4304 11366 3055 10715
510,5502 5501 5503 5505 5499 3909 5498 5500 5504 5497
511,1684 3396 5508 5511 253 5507 5509 5510 2702 1749
512,5514 5515 5516 5513 13670 15163 13431 14224 14426 14316
513,5518 5519 5520 10163 14581 14424 14204 14379 14380 14222
514,478 5329 5527 465 5524 5525 4816 5528 5523 5526
515,5532 1140 5449 5448 5529 5534 5530 5533 5531 5535
516,1568 2774 4366 2758 2779 2768 5543 4031 4201 5545
517,344 2795 5554 638 5556 5557 5555 1254 5558 416
518,2309 5561 3811 466 169 686 149 476 774 5958
519,4642 4644 5565 5563 5564 5566 4643 4647 4641 4646
520,879 2192 5568 5570 5569 5571 2553 2445 1553 5269
521,149 5577 5475 481 5433 5576 873 169 466 794
522,466 5580 5579 5578 4925 1690 476 323 686 873
523,5582 5583 7669 7672 7488 7670 11326 7677 5146 7589
524,5588 5591 5585 5590 5589 2331 4478 5586 3519 3913
525,1836 5594 5592 5593 4191 1401 3942 7053 1830 14356
526,5600 4750 1940 5598 2905 4169 4747 5599 901 5605
527,5607 2081 937 5606 5609 5608 932 2304 9429 2079
528,4350 228 5613 5615 5617 4045 5620 357 5618 2930
529,5628 5627 5626 12172 2614 8624 8628 11717 14071 12616
530,5636 664 1419 4983 5634 5637 134 5633 4635 424
531,5299 3714 8747 7730 2519 5305 10359 3857 6325 9135
532,5643 5644 5647 5645 5646 5648 5649 5656 5658 5650
533,5666 5665 3344 12592 10202 2705 4940 9492 3545 1098
534,5667 5671 5670 1773 5669 5668 10988 9665 1914 8979
535,1360 1337 5676 5675 4386 5674 1748 1122 1359 1364
536,782 177 5683 5681 3515 5680 5679 5682 3101 5434
537,648 922 642 5684 5685 649 7688 10809 638 10631
538,1011 4132 4688 4134 4687 4596 5447 5686 4133 5687
539,5697 5693 5692 5691 5694 5696 5695 12088 11611 13218
540,5698 5705 5701 5702 5704 5699 5703 5700 1654 13095
541,626 4668 3886 5709 5712 5711 5713 5707 5708 990
542,873 686 2309 5722 1638 2763 4765 2589 5721 5720
543,323 687 5735 767 5727 5682 1402 5734 5731 5736
544,5499 2064 3532 190 875 1079 2063 3293 3531 189
545,3043 3403 49 1752 5748 5752 5750 2270 5365 5749
546,5759 5757 5235 5758 14733 11124 12603 11384 8918 553
547,5762 5767 3441 5761 3719 5763 5764 5768 5769 5200
548,212 5770 5773 5772 5771 5774 10275 11137 12431 4893
549,5782 3028 5780 5781 3038 5775 644 5776 5779 5777
550,5788 5787 5786 7000 14404 3178 12667 4170 6884 12641
551,3467 5789 4558 2537 3607 3466 8067 10 715 4553
552,5791 5792 4284 15025 9433 3501 67 10547 131 11690
553,5797 4099 5799 3137 578 5794 271 4339 935 4111
554,5806 5816 5803 5813 5827 4640 4915 3326 2478 5820
555,1136 1145 1826 4139 1146 5848 5845 5840 5846 5843
556,2221 5851 5850 2913 11157 7393 6218 6905 368 6304
557,5855 5861 611 5870 5856 4331 5873 5854 4512 5865
558,5878 5886 2405 3411 3814 5879 5881 1674 4410 5880
559,1329 586 5177 2723 5620 5891 3881 2729 10439 1300
560,2993 226 3286 5862 2736 1075 1760 3342 5894 5893
561,4964 5896 5895 4710 5897 5898 1753 2131 4073 3982
562,1466 5908 1464 1465 5900 5906 5910 5905 5912 5909
563,5924 5930 5936 5933 5944 5932 5925 5949 5940 5926
564,3811 2309 764 745 420 5958 5957 5961 5960 5956
565,5963 5968 5964 5966 5965 3125 5969 1596 2903 5967
566,5580 1340 249 1341 3499 7929 606 9714 7624 9712
567,1568 3699 5972 5974 5979 5977 5978 5975 5980 5973
568,4709 5984 1366 5983 4518 11412 10024 6069 11600 8006
569,5992 5990 5987 5993 1296 5177 5991 5791 5988 5175
570,2614 2742 2820 5998 1529 3465 405 1166 2741 1532
571,46 618 578 3213 5324 1957 6002 611 612 287
572,6009 6006 6007 6010 6011 6008 6680 5677 13762 11761
573,6034 794 6024 1450 6018 5211 1417 6014 6017 6031
574,46 5073 5072 5067 5034 5065 4366 169 234 1619
575,1684 6054 1416 6055 5416 5418 5417 1688 3341 2782
576,6060 6059 4748 6058 684 6061 6057 14048 6494 10220
577,2133 6063 6064 323 1569 1206 618 3916 5725 1977
578,4132 4687 4138 4688 3083 1317 1011 1719 7057 1354
579,6069 6068 11412 10024 11413 11414 11411 4709 7640 13631
580,231 6070 5638 230 13950 7107 229 9190 232 4569
581,4350 578 6072 6074 202 6071 6077 6076 6075 6073
582,6080 6081 6082 3125 7873 7870 7874 7871 7872 7369
583,1732 848 6083 2781 611 476 8948 768 2933 10473
584,6091 6092 5598 6093 5272 6087 3514 2460 4207 455
585,6097 1898 5729 6096 6498 1942 2847 6499 14594 15231
586,6099 6101 6100 6102 13996 1883 8757 13433 8212 12274
587,1471 412 6103 3863 2186 5997 6104 5837 1473 2916
588,3556 1239 1238 4 686 323 687 794 3557 1241
589,6112 6109 3983 6113 3750 6115 3883 6108 5562 5727
590,6121 6124 6120 6119 6122 6123 10589 7620 11551 12198
591,3222 2959 31 665 6128 30 160 6129 6127 1423
592,1282 6132 6133 6130 1765 6131 2210 2342 12000 8896
593,3029 2680 3938 3027 2714 2696 4695 6854 8371 382
594,1374 6136 6139 6137 6138 4903 4890 7563 4895 4887
595,3727 3312 4912 3359 1295 1501 8481 6876 164 12186
596,3602 4830 6142 3692 679 1060 3584 611 3323 2790
597,4458 6144 6145 13725 5463 14533 13770 6524 9956 10445
598,6153 6154 6156 6152 6150 6151 6148 6149 6147 3636
599,6158 6512 11660 614 3055 11661 7884 7885 604 9314
600,6169 6164 5445 6163 6168 6160 3665 6161 6167 6165
601,6178 6176 4000 6175 2772 5396 6177 2107 11082 4128
602,6183 399 6181 1700 6180 6173 1837 908 6187 1939
603,466 686 4 163 6191 2139 6199 6195 5059 1186
604,6206 6207 6203 6205 6204 4877 13190 11479 6248 771
605,760 3916 4 4184 6218 1452 6213 1963 1650 6219
606,6226 6227 6225 4749 6224 11964 6479 607 2982 13070
607,6229 6230 6234 6232 6233 705 6236 6231 213 1302
608,6239 6256 6249 6188 6252 6250 6258 302 2983 6241
609,5452 2151 3876 5801 323 2296 5794 7499 11402 3824
610,6268 6269 12417 12179 6276 12291 15089 4657 9350 12290
611,994 1673 1712 6271 876 11366 11872 10943 11871 7941
612,6291 6283 6292 6272 6287 6282 6279 6277 6285 6278
613,6296 4532 624 774 6294 6293 6295 686 466 3811
614,4068 6173 1844 6298 6297 5600 2723 6299 5894 1846
615,3378 5825 6300 5828 4344 4951 3381 3826 5388 3289
616,2221 6304 2482 4918 6905 3350 3298 5218 88 4348
617,3806 6307 6310 6308 6313 6312 5279 6311 6316 5869
618,1565 1564 1577 6374 7420 9273 1576 4821 1582 1428
619,1136 5689 5686 1861 6323 6321 6322 6320 4597 6324
620,6327 6331 636 2831 4583 4581 6329 6332 6328 6330
621,644 6339 6338 5362 6337 6341 6346 6336 1766 3943
622,6352 6351 6350 3465 2614 1532 2820 2742 2741 11112
623,917 6354 2594 7405 10225 4563 13393 13394 6528 10788
624,1011 1145 4596 1146 1136 2628 7215 1721 5686 4134
625,318 6357 6358 8455 12640 344 618 321 9994 1487
626,1320 6362 6361 1778 6363 6364 4060 1779 6360 9192
627,3916 6370 2467 2781 2750 1206 760 2133 4190 5739
628,1250 2356 1019 1039 10094 1038 2072 543 1626 7645
629,466 1648 3931 6380 6032 6381 1381 6385 6382 324
630,6392 6389 6391 6390 6388 13123 5967 9998 13951 13142
631,4272 1176 6396 6397 6398 6399 6395 10109 7536 9824
632,6407 6406 424 1302 4845 1300 6403 1213 6405 1304
633,2614 1529 3465 4514 2742 2820 5998 1532 2741 405
634,6359 6422 6424 4508 6425 6418 6420 3811 6429 6430
635,6364 6432 6431 1826 4598 9192 1320 2375 7554 2372
636,611 234 235 1617 1619 1621 1618 1622 323 1620
637,6440 1686 4769 1071 2764 757 4507 6438 6442 6436
638,5449 6447 6446 2869 9194 1135 5448 1011 2880 7427
639,6454 6448 6459 6457 6456 6450 6460 6455 6449 6452
640,5652 5654 5653 6464 2458 737 6466 6467 348 6463
641,6054 2509 6471 5135 6469 5487 4639 6470 458 5489
642,2808 328 4161 5195 336 6474 1608 2607 50 6114
643,6492 907 6480 6503 6504 1681 6493 6506 5486 6496
644,6530 6527 6525 6529 6526 6524 6528 3533 2258 3609
645,6534 11366 3055 10715 8999 611 4426 53 2820 13885
646,6536 6173 6544 230 6537 6539 6540 2969 6298 3091
647,6548 6549 4357 7967 10029 3261 8786 4074 1345 7980
648,1357 6360 2369 2014 6553 6556 6554 1913 6550 6551
649,3237 4887 4891 705 5837 6561 5223 6566 5838 6563
650,1303 7 6568 12067 2614 11717 5329 6681 9076 13367
651,6572 6571 6569 6570 10041 12505 5344 8808 8809 13635
652,6577 6575 6576 6579 6574 2445 6578 167 6030 8851
653,2013 6581 6583 5147 6582 6584 692 7718 14575 4803
654,420 3195 6589 6586 6588 6590 2645 1479 6445 6587
655,873 794 775 764 3943 1203 323 3527 3376 466
656,1568 2768 6595 6592 3206 3185 6594 4366 6593 772
657,431 2723 6597 1237 6598 4696 6986 10809 2729 4018
658,6602 6600 2167 6601 2857 6599 935 5997 13668 279
659,6622 5486 6609 1896 6619 6610 6612 6608 6616 399
660,6630 6631 6626 6627 6629 6632 1110 4465 6628 1940
661,6633 3773 6644 734 6637 6641 6635 1443 1453 3362
662,6662 6656 6665 6666 6653 6661 6655 6664 3652 6659
663,6669 4368 14207 13537 1560 12486 1561 14001 14182 7660
664,3811 211 618 6674 6672 954 5894 6357 6671 715
665,2221 6686 1600 973 341 6905 345 1609 5850 9532
666,5488 1686 5490 2139 5489 6689 595 6157 3635 6471
667,4017 1896 6693 6697 1856 6692 5184 5343 6694 6498
668,6156 6147 6700 6702 6701 3354 6148 6153 6150 6149
669,3079 3077 4134 3076 6703 6704 3078 2870 2883 2890
670,6709 6720 6717 6712 6710 6722 6723 6718 6711 6715
671,6728 6729 4595 8677 14543 9563 254 11982 4586 3158
672,1855 6731 6732 4013 950 12296 7649 4962 13918 1115
673,3415 6737 4136 6735 6739 6733 6734 6736 6740 1015
674,6744 6743 15141 14411 13551 13023 5288 7662 354 11366
675,6745 6746 6747 11366 692 14519 1345 6661 9507 14136
676,104 6673 6749 3908 4080 1804 2266 7362 870 5304
677,5904 5917 632 6750 2005 6751 10125 5900 5905 12086
678,6754 6753 4771 4227 6025 4200 13485 6967 1207 10346
679,6761 6759 6756 6758 6757 2971 6760 11358 9239 11359
680,2287 3931 2960 4480 6763 6766 6762 6764 4876 3926
681,6770 4309 6501 6773 952 943 6771 6772 6774 934
682,6781 4753 6776 6777 6780 6782 6775 6783 2982 6779
683,2221 6789 6788 1128 6787 6790 6786 7824 2567 1955
684,4648 4647 4642 4644 4645 4646 4641 5563 6795 6792
685,3909 1429 6800 2235 4477 6802 6801 611 7593 7501
686,2996 4604 6809 6806 6804 6807 6811 6808 6810 6805
687,6813 6812 6697 748 11149 884 4864 7437 5823 3691
688,6814 3548 6816 949 6815 3163 8666 7090 2407 10530
689,1869 6818 4985 6819 4897 1890 1871 11425 4900 4891
690,538 4844 6820 531 536 14808 525 4839 9656 529
691,133 4182 167 6821 6825 6822 5053 6824 697 6823
692,2448 2225 1206 444 6826 6828 6827 1570 6829 6830
693,6836 1263 4787 6839 563 6838 2918 6835 6837 2931
694,6840 6845 6846 6843 6841 6844 6842 4379 12719 13284
695,6364 6847 1826 7077 1320 2375 9192 2371 5686 1778
696,6849 3151 6850 823 5884 6848 5584 6851 10501 7537
697,420 2211 3225 6853 3195 1641 3678 3682 4218 466
698,5398 2102 4131 4006 592 4453 597 5779 6860 6177
699,404 1166 2820 405 12426 6866 1532 9791 6867 9784
700,6878 1880 6871 6875 6874 1295 6872 5723 2216 4031
701,4031 5858 5540 3453 6676 4251 3185 4366 8984 5424
702,6884 6883 6885 12318 8032 5788 13715 12155 12499 13979
703,6894 6892 6903 6888 2529 6907 6891 6889 6895 2574
704,1071 2770 694 6919 1899 6918 4208 832 796 2935
705,6922 6921 11366 3055 10715 8999 611 4426 53 2820
706,6927 119 4894 6928 4922 6925 6926 5637 3469 6302
707,6937 6933 6935 6938 3133 6932 6931 6936 3950 336
708,6947 5603 6951 5600 6950 6948 6949 5877 6943 6945
709,6962 5040 6643 496 6966 1967 6957 6953 6958 6439
710,6979 6986 6974 3545 4258 4121 6987 6973 3291 6970
711,1529 2815 2742 2614 2820 1166 3465 3464 6989 12426
712,4515 6991 6992 6993 1532 2742 2820 405 9784 2741
713,6990 5194 6995 12070 11111 4791 11899 4330 4514 9784
714,323 476 46 687 775 2460 2309 4643 7004 4642
715,7007 3497 7008 7010 4875 2483 7009 4990 7011 4873
716,7014 7015 7013 9307 9412 3486 7554 11273 8164 14445
717,1028 6769 7018 7019 6114 7017 683 7020 6345 4952
718,7024 7026 7028 7025 7029 7033 7023 7034 7035 7032
719,7041 7036 1796 4198 4225 7040 7037 4761 3033 598
720,465 6445 7043 7044 5032 454 227 466 3100 2139
721,3348 821 2488 7047 4992 7048 4834 7046 185 4993
722,7050 4850 7051 7053 7052 10171 8195 15000 14356 5592
723,1011 7074 7066 7063 4331 7060 4142 556 7071 7067
724,4956 7082 225 14986 14635 4952 8737 5183 14650 14651
725,7084 11366 3055 10715 8999 13885 12850 611 4426 14238
726,964 7085 13459 14726 13666 9393 9436 9151 8055 13544
727,4553 6399 7087 3588 730 7989 7448 3095 7900 9263
728,4776 145 7089 4772 167 4774 3518 423 918 8194
729,2869 2375 4599 2372 4687 7099 4403 3085 2881 7098
730,4964 1169 6163 6159 7104 5978 7106 7103 7105 5896
731,7109 6196 7110 11366 12803 14482 14921 13025 14496 5107
732,3055 7116 2125 7124 3022 7125 108 7111 7114 7123
733,88 4637 3377 7138 6973 7137 3899 5217 6300 9496
734,3543 3546 2297 5452 1602 39 4979 7139 4229 3539
735,3811 385 742 3598 3470 618 466 686 2309 149
736,2663 4056 1635 2662 7142 8215 8214 8216 2665 13944
737,1684 1766 1989 1688 644 2689 1990 7144 7145 7143
738,466 685 787 3937 6445 7149 433 476 686 169
739,3931 243 592 466 597 2781 4774 323 3244 10972
740,2799 2697 7151 2720 1056 3358 3303 1251 5100 3528
741,4426 7123 3021 2206 7127 7159 2538 2125 7155 2507
742,7161 5246 399 7165 6612 7166 7163 7167 7170 3997
743,323 138 865 873 466 879 1206 2133 3811 794
744,3455 3969 7176 6890 3055 5753 6787 5612 53 14578
745,1367 4307 7177 7178 7179 7180 8999 3055 7128 7134
746,3149 2321 1957 7181 7182 4452 618 1333 6261 6002
747,3943 3881 2215 7183 732 6814 6348 7184 7186 5586
748,7190 7195 7194 665 985 7196 3607 668 2350 7191
749,7200 7199 10187 10186 11366 13885 3055 12850 5788 661
750,4354 6939 3852 5511 546 2858 7201 953 3285 5952
751,7208 7206 7209 7207 7205 5819 2954 7203 7204 3522
752,1660 1677 328 5483 1873 7213 5882 7214 5477 11601
753,7215 4599 5845 4596 2014 7216 11347 2869 2375 2371
754,7219 9808 11848 1846 10113 11849 1700 8122 8114 1845
755,3075 7221 6704 3077 3079 6703 3076 2616 2870 11057
756,7226 7224 7225 7223 7228 7227 6414 7441 13520 12115
757,6303 7230 14620 10893 9768 3213 12338 6467 2273 2263
758,873 7231 4027 5740 7233 7232 3168 149 323 686
759,7236 7238 4889 7237 6755 2791 529 3238 4883 1532
760,2067 7239 5755 7240 6296 5728 1638 782 7243 7242
761,2739 4920 7247 4454 2742 1880 6792 12193 611 13015
762,7249 4836 1988 1873 7250 6465 7202 405 6415 8731
763,7253 3793 7251 7252 7401 3647 5788 5975 6319 7255
764,7258 7136 5909 7257 1522 7256 5710 5337 4788 7259
765,7268 1739 2300 7271 7273 7269 6222 7272 7276 5491
766,7283 2234 1334 2078 6934 7282 4721 474 679 3301
767,4 796 2767 3556 1419 1569 6651 748 4206 3362
768,1471 1473 7292 1472 1468 1469 1470 15159 15105 7857
769,3403 363 3043 8 7294 2512 5132 7297 2549 1487
770,7312 7307 7308 7311 7318 7323 187 7306 7322 7321
771,1345 7333 7334 3892 8761 3897 14155 9001 11821 12027
772,611 228 7336 3676 848 370 7338 446 7337 7335
773,7346 7344 6729 7347 4071 7342 7343 6365 7345 2466
774,7350 7352 7351 7349 11968 4670 12566 12564 6622 4065
775,5599 7356 7354 7353 6265 6058 7355 5885 7357 4489
776,1916 7358 9192 7065 12896 9554 2372 1277 10072 11777
777,775 7361 5134 7364 698 6445 2760 484 4858 728
778,4845 7367 7371 1540 37 3741 7372 7368 7369 2282
779,7375 7376 916 4836 2661 4840 7381 7242 528 1180
780,7386 4712 964 7385 7384 7389 2810 7391 7387 7390
781,2742 2820 2614 1165 7393 5998 7394 7396 4346 1532
782,7401 7402 7253 11568 9689 7272 14353 11647 13679 8142
783,1778 6362 1319 1320 1779 4060 6363 6361 9192 2375
784,7405 4563 6528 2594 1844 7407 2427 7406 684 5657
785,1236 5724 5315 4236 466 323 7418 794 769 4230
786,2869 1826 6364 7425 6707 7426 4134 4416 1777 4414
787,611 618 6471 7428 634 612 287 3213 169 794
788,618 149 612 661 2287 3295 6763 7434 7433 6186
789,2556 4864 6813 7437 5613 7438 90 3738 1410 748
790,2068 7442 7441 7440 7225 7443 333 13071 14788 14784
791,3189 7447 7445 7446 3204 467 1410 2460 7473 11366
792,2887 5599 7448 7450 7449 7451 8477 14464 12756 13878
793,3903 7452 3899 3901 1058 692 5952 3347 10500 44
794,3055 6909 7455 1517 7453 7454 5869 11126 7466 8999
795,7458 1188 1212 809 6177 7456 7459 1061 4223 7463
796,2013 7466 1892 7467 6909 1896 4803 5237 7718 13630
797,1480 7469 1549 9287 9623 3040 12547 13107 3489 9288
798,7475 1117 4932 7471 5799 7473 7476 7484 7481 7472
799,6153 6154 6151 7491 4346 7490 7492 487 6150 6152
800,4789 2706 6463 6671 715 8345 2707 6343 4940 6675
801,5096 7283 3368 7355 7493 5097 9349 10738 9337 5135
802,611 235 1618 3213 5501 7494 5859 7495 7496 3497
803,5452 7499 3824 12560 11298 2296 11483 5801 14314 13040
804,3042 814 7503 7513 7512 7508 2940 7501 7500 842
805,7518 7519 7521 7520 7517 3851 7998 7809 7808 11601
806,715 1573 2313 7377 33 618 611 363 34 385
807,6494 7527 3591 7524 7528 7525 5179 6543 4465 7526
808,7537 7535 7534 5114 7541 7539 7542 7540 7533 7536
809,7545 72 7546 7547 13847 12057 8999 8239 13040 7221
810,7549 7550 7548 2523 10140 7465 742 5281 56 11366
811,3479 1867 7551 666 12127 2245 9241 7226 7483 9149
812,1354 1136 2875 2376 7553 2377 1355 7072 1357 1827
813,3237 4887 4882 7559 7560 7561 7558 4895 3239 4905
814,2981 7567 7568 1700 6183 1896 9539 10717 6262 9514
815,3811 2225 2081 4978 4189 4933 971 7570 5609 195
816,6484 7573 6228 7571 5375 7575 7574 7572 6779 7576
817,7580 7579 7577 7578 11914 10171 1332 4191 5488 794
818,7582 11366 13885 3055 12850 2742 9409 7015 692 12112
819,7249 6549 1700 7585 7584 7586 405 6183 6415 8731
820,7593 7587 7594 7591 7597 7607 7600 7599 7598 7596
821,7611 761 810 9402 8073 7210 163 478 5074 3217
822,7612 7615 7618 6830 6453 3550 7360 7617 7613 7614
823,6153 7622 7621 6154 6156 6148 6152 6151 6149 6150
824,7625 7628 7627 7342 7623 7629 7624 7626 6252 4068
825,7632 7631 7633 3577 12876 8690 8391 9849 794 8282
826,1595 7635 7638 7636 7637 7634 7639 7641 7640 7642
827,2750 7644 1626 7645 226 1250 2827 148 3290 7151
828,3529 1035 3751 7646 1495 3760 4220 1972 6019 2021
829,4073 7643 7649 1855 7651 6165 7648 7650 4964 5896
830,7654 4087 2442 4590 6472 10636 12944 4086 1652 1486
831,7658 1416 4530 7657 7656 4529 14093 4524 12083 8887
832,6036 6963 4189 219 209 5079 6961 3441 224 2985
833,7667 7666 7661 7665 1940 7662 5715 7663 5597 4781
834,7668 1375 7811 1376 1378 1377 1379 1380 1373 7814
835,7670 6271 5582 7677 5146 7201 7481 7472 7589 6765
836,7249 1740 7686 2834 1741 5607 2304 7684 7687 7685
837,648 4395 7688 4405 4404 13899 11019 922 10121 649
838,4132 4687 4688 4138 3083 1317 7427 7057 1011 2869
839,1011 1862 1002 12332 4134 9851 1001 2869 7427 7057
840,7690 11366 1532 13885 3055 404 12850 12290 11384 6286
841,7693 7692 7791 6723 8527 4152 5468 2402 7810 926
842,5346 7695 4282 7694 6333 3157 11534 5347 2830 2821
843,323 873 149 879 1452 2448 7697 1569 2133 1206
844,287 7699 2700 7700 281 8421 618 10347 6005 13943
845,748 6799 1645 4659 4658 4661 769 6645 6813 1648
846,7702 6 7701 11612 11613 11614 12147 5332 13557 10911
847,7707 7706 7705 7704 6500 7708 5763 7710 7709 8958
848,4728 7712 7713 7715 7714 14723 13121 11981 13839 11249
849,873 466 686 7719 7716 624 7717 7718 149 169
850,1191 586 2415 9072 6402 4848 5140 9510 4974 1878
851,5538 7723 1229 7724 3209 4239 7722 7419 7721 1398
852,7732 2527 2535 2544 2511 5281 2518 7726 3402 7730
853,2804 4660 4653 2779 780 4663 7736 7735 7737 11370
854,7743 6624 6615 7742 6299 7740 7744 7741 5713 7745
855,7750 7751 7749 7752 3677 10973 2170 4984 7565 10674
856,7754 7755 7756 7753 14402 8649 12312 11947 11948 8096
857,611 1686 385 3816 7765 714 4370 6889 7758 6998
858,7772 7777 7776 5237 7771 4997 7773 1548 1810 7775
859,7781 7782 7780 11172 1912 12089 12090 14319 12088 9353
860,1003 3085 7784 3083 1011 1318 2875 2881 2891 7065
861,7786 7790 7792 7797 7787 7793 7794 7789 7788 7795
862,1329 1573 7798 7243 2535 819 2549 13753 11035 2550
863,7803 7802 2728 7801 2898 12081 6146 2905 5899 2732
864,1804 2266 3908 4080 6749 6673 2264 4079 13630 1071
865,7165 7806 7807 7166 8967 12792 4534 12930 9767 2742
866,7518 7809 7808 687 7813 7812 7814 6500 4012 7811
867,4138 4687 2875 4599 4403 4132 5689 2874 7818 4693
868,142 4189 2985 7821 7820 545 3678 2935 1686 5488
869,7824 6790 1955 6789 4040 11279 11280 11278 11281 14043
870,7828 7827 7826 11073 5046 2842 3311 13778 14170 4797
871,6406 6407 7829 9130 6403 6405 6408 3908 6404 1215
872,6149 6153 6157 1505 3915 6152 4496 6154 3918 5740
873,7844 7842 7843 7847 7849 6584 4727 7848 7846 7841
874,7850 11366 13885 3055 6572 12850 626 3452 8808 2742
875,7854 7853 7859 7855 7857 7864 4753 7861 7856 6329
876,7873 7874 7870 6080 7871 7369 7872 3125 5969 6082
877,4861 7876 7875 14222 1404 9255 5407 14893 8374 690
878,7894 7882 1896 7890 7893 7883 7885 7884 7887 7879
879,1836 3529 1079 1219 3115 7042 4146 1056 4182 6861
880,611 7907 7905 3545 6051 149 466 7139 46 6050
881,1836 7913 5592 7246 4175 1401 5594 5593 14356 476
882,7916 7917 3908 8214 2662 12905 1300 6749 6768 8212
883,4031 2139 6052 5079 4182 7918 177 5053 7919 7921
884,1001 2996 4604 7094 6804 9194 7427 1321 7062 1320
885,7926 1048 7927 6588 4347 823 998 9049 1818 668
886,5580 7929 836 7538 5167 7928 7930 794 611 1646
887,3088 6085 6074 1893 6075 2865 11709 12720 3087 353
888,7942 7944 3422 7937 5157 1222 1837 7947 4169 7938
889,576 6312 2407 7953 2447 7952 5105 15161 4300 6313
890,3811 778 463 6813 5290 805 7954 5606 323 4
891,3916 760 3182 7689 4902 7956 6064 4187 7958 4841
892,5206 1607 5902 7963 11732 1713 11731 10028 2259 8004
893,240 7965 7966 4337 4338 6468 12966 13514 8009 3149
894,780 2363 2249 7968 8196 2460 89 476 1088 821
895,778 803 4031 799 792 4869 5202 1963 7969 7039
896,5325 7936 3821 6187 7978 7977 7976 1222 1837 9655
897,3984 7983 7982 5485 7981 7984 3401 8244 3852 5764
898,7985 11774 7721 11773 3489 9327 11366 13885 3055 2371
899,230 6774 7018 4309 684 7986 7543 7987 5171 6501
900,7992 7137 2652 2069 3345 4553 3194 7991 7139 7990
901,656 2023 297 1400 3548 8666 6500 1686 2028 7100
902,5972 5502 4383 3468 7996 7997 4382 1516 7021 226
903,7518 7998 5920 8004 7999 8001 8002 2172 2653 8003
904,8015 8017 8010 8008 8011 8013 8027 8022 7202 8034
905,1071 811 8045 6471 8046 2326 2195 3928 10307 466
906,873 476 112 8049 8052 8050 168 5311 2806 8053
907,8021 8055 8054 1119 1122 9393 12948 13396 3428 10116
908,3862 2560 8058 8057 8056 5408 5021 3043 230 5405
909,8060 11366 13885 3055 12850 5788 661 1896 2742 6623
910,8064 8062 8066 7386 2674 7457 2260 7389 8063 8061
911,6277 8072 6291 6279 6285 6287 6278 6282 6276 6286
912,7611 810 8073 761 9402 7210 420 3195 2987 5074
913,1568 143 2748 64 7420 2756 3258 8654 8653 182
914,7231 5634 8075 14540 1128 2805 10243 13432 7232 12617
915,8077 8079 7739 8076 8084 3745 8080 8081 6587 8082
916,8092 8094 5560 8096 13 8095 8087 8088 8089 8098
917,1869 5218 4399 4858 3552 8106 8107 12063 9546 9680
918,8110 8108 8109 14590 3551 2614 13908 14196 1909 13409
919,5259 8133 8132 8118 6533 5506 8135 8117 8129 8027
920,3500 8146 6322 2957 5751 243 12516 13052 13373 2595
921,8148 8147 5679 7628 11366 6572 626 3452 8808 13838
922,8154 8157 8149 8155 1721 4605 6737 8165 8158 4135
923,5412 4729 4384 12822 5098 9613 4863 138 5099 11485
924,8171 8175 8173 8174 8169 5291 8178 8172 270 6765
925,2005 8181 2036 8179 8180 6677 306 2228 4635 6526
926,687 2460 788 8187 3986 2458 8184 8186 5092 8185
927,23 8190 1500 1697 2111 8189 15159 1880 10183 873
928,1206 8191 323 2133 1569 4011 879 760 7798 3844
929,323 8192 8193 2330 8194 8198 3631 7838 1270 2342
930,8204 8208 6503 8206 7172 8205 1942 8207 274 5729
931,8210 13728 11019 9199 8649 7754 14667 13077 7276 8133
932,8215 6099 2662 7916 8214 8212 4655 7444 8213 6798
933,5389 8217 5390 5391 5386 3289 5387 3332 5212 5392
934,476 7915 6217 6596 6214 3910 3643 3805 8018 8219
935,3931 8220 3937 8223 6211 8222 1643 3768 8224 2769
936,3109 7042 4775 8226 3108 4972 1281 3115 4050 5363
937,4170 5788 5905 7641 1125 8237 8235 6493 6494 7642
938,8239 5753 4217 8240 2447 3692 9340 6312 2761 12918
939,3526 6971 8241 4346 5343 3541 8242 3540 3529 2950
940,1083 1687 1501 1161 3727 3280 1042 4874 1503 2733
941,2556 49 3251 1290 5748 56 2498 611 1919 9773
942,2495 4902 5388 8248 3379 5637 8246 5996 2186 2514
943,692 11366 8250 14136 5802 11405 13838 14572 693 14208
944,1112 7570 3751 8251 3352 6433 5458 3529 1750 4512
945,3407 8255 8254 8253 5568 4778 11703 12561 6550 6739
946,678 888 8256 8258 5256 8251 8259 8257 5252 13705
947,8262 11366 3055 10715 8999 611 692 4426 53 2820
948,2298 8264 3927 8263 1540 3914 3912 13193 10609 3922
949,8279 8284 6405 8282 8285 8267 8276 8289 3722 7557
950,1993 8301 3418 4085 3417 3419 216 8311 8312 2307
951,611 1038 8304 1039 5501 1016 7417 5858 4777 2297
952,8301 8314 8315 8313 8312 8311 1532 3418 7555 8336
953,5570 4447 8316 13314 8713 936 10731 4448 11219 4449
954,8318 7878 4707 2861 8317 8319 12925 12718 2860 14134
955,7436 8322 5985 8321 6290 12891 6292 6291 13258 5947
956,7249 1387 8323 5759 7961 8324 405 1885 6415 8731
957,8331 8333 8330 8342 8328 8332 8327 8329 8338 8343
958,3380 3316 8349 3301 8350 337 2510 8347 8346 8348
959,466 1796 1419 6381 6577 8352 126 879 323 686
960,7205 8353 8355 8354 8356 441 1362 14708 12158 14588
961,8358 8359 8360 8357 9450 7167 9454 9452 9455 9449
962,611 49 8362 2149 140 8361 618 10893 9781 612
963,209 2055 219 694 3609 3634 8364 4485 8365 10645
964,3055 8369 1490 8367 8368 15061 15062 8370 8999 11126
965,6854 4695 3938 5768 382 8371 7479 5765 3441 450
966,8374 8373 12303 5407 7876 14638 11315 8141 11306 342
967,8375 7525 11366 3055 10715 8999 611 4426 53 2820
968,8376 4848 1935 4428 2204 7208 1191 9291 4850 1922
969,8379 8380 8384 8381 8387 8385 8388 3786 8378 8383
970,4058 4057 8392 4056 4059 8215 8216 13944 13451 13818
971,6769 8395 8394 14294 3646 14289 14292 5819 6662 6661
972,7533 5114 14289 6667 7526 4585 3260 5500 4442 426
973,4884 7646 5185 4369 4823 4813 10548 3236 11713 3235
974,611 9781 10893 618 1621 10421 612 3213 9924 11483
975,578 8397 3112 5468 2685 5138 4350 6488 626 611
976,8400 11366 3055 10715 8999 3753 6614 14028 9999 11454
977,466 2329 879 7021 871 1626 3286 7137 1049 8404
978,8414 8406 8425 6567 8412 8410 8420 8424 6935 8417
979,6586 1856 8430 1857 10189 2813 10188 10190 1848 11274
980,8434 7822 8433 8431 8432 10306 10297 83 6054 595
981,8436 8435 8438 8437 12218 8746 3512 371 3071 5350
982,3794 5261 6632 6413 8439 5333 7953 2901 5334 6630
983,5044 5808 8441 6523 6522 201 1899 3364 383 14663
984,1347 4071 8442 6441 11855 8951 6443 7920 8448 4765
985,4413 5845 8443 2371 7215 1001 2375 7057 6364 2869
986,8449 3528 6440 189 8446 8040 5100 3531 3035 7040
987,466 3811 686 687 618 4 5580 5561 3097 2024
988,8475 8470 8466 7176 5097 1880 8461 8465 5096 34
989,4605 8477 7016 8164 4133 8478 8476 5689 7015 1721
990,3811 2309 1875 2755 466 169 764 149 686 5561
991,1447 8479 8480 7324 2808 7325 10651 9319 12130 8802
992,3316 3329 5386 8481 5822 5392 5828 488 8484 5207
993,3897 5554 8487 8486 8488 2833 8489 7333 3892 3896
994,5386 2473 3339 3831 3316 2540 5829 3359 3329 3289
995,209 3005 3009 8498 7760 8497 3795 8494 8496 8495
996,6522 2192 8502 71 3971 8501 8503 8500 2579 8504
997,1742 4836 4295 528 8301 3953 5360 8507 5213 8506
998,8510 8511 11366 3055 10715 8999 611 4426 53 2820
999,5145 7416 7415 1112 1308 5968 3323 8512 4748 5736
1000,5163 8513 8514 5170 14083 10093 6806 7627 11857 342
1001,4223 1894 8515 5945 1519 8516 1441 1895 11637 13738
1002,8518 8517 1877 4809 8519 7809 2287 4274 6725 4275
1003,169 5719 7717 586 6050 8522 8521 4930 4859 5962
1004,690 3298 2334 8523 8484 294 3302 5394 125 3282
1005,5998 2742 8526 2614 2741 2820 405 1529 3465 12426
1006,7781 7791 6723 5468 7810 2402 4152 8527 926 7693
1007,1206 1569 6029 4919 6753 6785 6967 1903 1207 4000
1008,2067 3931 2294 3642 8533 2290 8418 12359 7341 98
1009,8534 1237 6986 9648 4972 5342 1281 5423 1943 3109
1010,1011 8541 4401 8539 8538 8536 8540 8537 1725 12332
1011,12 5559 8544 8545 8543 13 2636 14 11 15
1012,8547 8366 3949 7305 1461 8552 3344 4942 4938 6860
1013,698 3498 4470 11229 476 4610 1118 14295 3506 1213
1014,74 8562 8561 3031 2986 8388 7082 9770 3803 6823
1015,1092 8570 8569 8573 8564 4572 8567 5258 3957 8571
1016,46 8583 8579 8581 8588 7110 8586 8585 8587 8582
1017,7518 8278 5913 7809 7808 3851 7998 6838 7999 1877
1018,7344 8452 5834 1796 7566 2539 10274 11956 3811 12840
1019,305 8600 2034 8593 3168 2740 3183 8558 8603 8594
1020,2869 8615 8609 8610 8611 6117 1335 5661 8612 6754
1021,8621 4185 4871 8618 8619 5142 6210 8622 8521 8620
1022,2614 8632 8628 8624 8633 8625 8626 8635 8630 4642
1023,2242 4441 8639 686 2239 5719 7717 10415 11741 2945
1024,5430 8642 4702 8641 4854 8643 3465 4516 2741 2742
1025,1354 3079 1355 1357 2371 4138 2369 11777 4402 2378
1026,3480 8244 8646 8645 2182 1703 10071 5485 3481 10073
1027,6172 8648 8650 8649 6949 3038 6478 10714 12938 12937
1028,1568 7420 8654 8651 143 4209 3696 8653 5538 4213
1029,163 6033 3139 8661 8660 8659 5247 7340 8662 323
1030,2560 2722 5027 3043 3044 4863 1752 11961 11962 1679
1031,8663 8664 689 8185 24 11366 12993 8634 12274 12182
1032,3916 760 4126 8666 3923 2578 8668 3618 2003 594
1033,1419 241 4188 8673 8672 8748 8747 769 1404 5299
1034,2346 5969 8675 7207 7872 8674 3125 7205 10514 7206
1035,6728 8677 4595 6729 11142 10021 5338 900 102 4497
1036,5163 2234 8678 8546 7270 7363 1600 4928 6340 5170
1037,7652 8683 8684 8681 8679 8682 8685 8686 8680 3858
1038,228 4178 6087 8689 4179 10170 4496 1402 2278 7830
1039,687 8692 8691 1061 8693 2044 476 2460 686 323
1040,363 8694 8040 8696 722 7470 8697 4030 8695 4082
1041,4658 4659 6799 4661 8702 8701 8700 4647 2615 4645
1042,1452 769 176 1796 1569 4235 3015 784 8704 3711
1043,2587 8705 3710 2765 2448 2457 9314 4821 1022 769
1044,8707 8708 8706 5464 13098 13091 13088 13085 13095 4723
1045,8709 8711 8710 12114 10 3465 9075 6417 2207 9073
1046,466 873 323 3811 8717 5066 686 775 687 2460
1047,46 2026 56 392 8722 7153 1621 6522 8724 2538
1048,8725 10187 13195 11366 13885 3055 12850 661 5788 1896
1049,3465 405 2820 2742 2614 1166 1323 8727 1532 404
1050,4 2040 6794 5066 466 687 4648 1389 4647 778
1051,5929 8735 1737 8734 8739 8737 8736 8733 8738 15129
1052,7697 1648 3707 7507 2764 4212 8744 5155 1642 4825
1053,5299 1419 8748 1404 8747 8673 6325 687 14054 10359
1054,3232 4874 4833 4875 8754 3353 8750 4873 1080 3382
1055,4736 8757 5277 12274 12182 6302 7786 7792 7790 7797
1056,2667 418 8758 7562 11203 11202 7558 12616 2457 476
1057,8760 1740 5229 14319 1741 5228 7684 5232 5230 5227
1058,8765 2937 8764 849 2098 4477 1967 8763 8767 8768
1059,8773 8771 8774 8772 8770 14040 12142 9714 11887 4524
1060,1686 2024 585 5488 6198 3104 6046 2168 8775 6020
1061,7962 8640 8779 8944 11700 4564 14255 1926 11702 11701
1062,8780 14997 14036 1670 14986 645 14718 13513 6722 13037
1063,149 778 7238 1396 7835 304 8782 8781 2897 8783
1064,6849 6773 6750 6501 6500 8786 8785 6626 6728 8784
1065,1896 7165 7878 7166 8788 5246 6613 399 7167 7887
1066,757 6983 7929 8790 7137 2072 7657 2163 8791 4769
1067,2032 8797 8793 8801 3021 6890 2142 7123 8792 2505
1068,7249 8808 2816 8809 8760 8807 8806 3882 8805 8803
1069,8814 2989 8813 4965 8812 1661 8815 2442 4589 11206
1070,769 3916 8816 7822 7257 760 8434 2448 176 794
1071,2959 8817 7294 3403 2958 12667 7249 2962 10657 3796
1072,488 3097 2225 3553 8146 6959 1972 7832 1733 7683
1073,5863 5480 5883 1603 3777 910 3776 5886 11600 3845
1074,3602 6135 8823 3584 8665 3031 611 7454 9877 14954
1075,3012 2015 8825 3011 8627 3010 8624 3009 12480 3005
1076,1532 404 8830 8833 8828 8826 8827 8831 8834 2742
1077,732 8836 5851 8800 6383 2253 6266 12976 5850 4933
1078,8842 8843 8839 8841 7519 8840 5265 11779 6287 10148
1079,611 2675 2497 3118 8846 7377 3998 7373 12435 618
1080,1709 8848 1863 8849 8847 1011 8850 13713 1711 4607
1081,248 6574 8851 436 2240 9485 9484 244 8888 9482
1082,7334 8664 7333 1345 8663 24 3892 8761 8185 689
1083,8859 4026 8855 4318 8856 8852 8857 476 5437 414
1084,1201 1766 5074 6215 8865 6694 8659 4232 7207 452
1085,8869 8341 192 13855 13320 2614 5711 15097 13482 4577
1086,611 8872 2185 8874 8873 8871 9781 10893 618 11481
1087,466 503 1452 8877 8875 7697 5547 1759 1239 6025
1088,8882 4852 2206 10481 4352 4455 2657 10135 12429 4345
1089,8887 8884 8885 8886 11693 14050 9128 12878 14093 8911
1090,8892 8893 8888 8896 8889 8894 8891 4512 2599 148
1091,6624 7743 7742 6615 6781 6165 7218 8899 1894 4534
1092,1532 4515 8904 8907 2742 2614 3465 2820 405 6351
1093,8909 8911 8908 8910 8912 8913 11693 8886 5942 12904
1094,8916 8929 8920 8927 8930 8881 8915 8924 8919 8923
1095,7280 847 5436 8939 8366 5760 8944 8955 8949 5915
1096,585 5140 1516 4383 4382 1734 8200 2278 8962 8963
1097,4696 6685 6597 8965 5353 6117 2267 1936 1592 6257
1098,1969 5028 8742 8970 1580 2780 8971 6521 5014 4378
1099,3888 8977 2600 8976 7234 9373 9374 10640 12868 11580
1100,4238 4194 4227 4235 3712 6209 5045 3710 3555 769
1101,7554 1317 8982 6809 4407 8980 8979 8159 8981 1721
1102,5858 8984 3453 3528 189 196 5424 1016 3734 9985
1103,1494 8987 2740 8989 8603 8986 2042 8985 272 480
1104,7696 7417 2809 8994 7697 11830 1484 6596 175 10275
1105,8995 6013 180 5016 6028 2448 466 8704 6596 625
1106,9021 9012 1274 8506 9023 9006 9019 14 11 9001
1107,9038 1367 9043 4548 4431 3230 4135 9041 9040 4907
1108,8655 5558 4162 9044 1739 13784 10639 4291 14951 1584
1109,2139 2767 227 7506 7044 6439 9045 5032 7971 454
1110,6444 9048 9049 9047 3386 5323 5084 2227 7392 9050
1111,8999 9054 4350 715 9055 464 714 133 9052 1213
1112,9060 9059 1949 8926 13886 4408 3055 4003 2072 10715
1113,9065 7413 8450 5033 5029 5077 3020 7422 4826 6030
1114,1320 4060 2375 6362 1779 9192 6363 1319 1780 1778
1115,9071 1191 9072 688 11361 4848 637 4974 5498 12992
1116,8761 9074 8710 9075 9073 7333 12842 9123 7908 15038
1117,4875 4874 1296 4873 7133 5425 8349 6998 1687 4877
1118,8215 9077 9079 9076 3721 1536 9078 13915 1996 5228
1119,2304 6870 9082 9080 5411 9081 11652 2081 4060 6363
1120,9084 9083 912 10246 5565 12376 4643 11022 927 12757
1121,895 2158 3837 7836 9090 2255 9095 7319 8618 4259
1122,7556 9101 9100 14255 10036 6101 12977 6824 10429 14010
1123,1222 576 6781 1662 9103 5204 7108 9806 2438 8144
1124,9105 618 9114 4662 3571 9108 4663 9109 4660 8524
1125,2291 559 3111 9122 3108 7341 714 9051 4050 443
1126,3242 8210 5938 995 9124 9123 2953 7868 8386 6713
1127,1947 9128 9127 8885 7259 9126 9659 8035 14394 8041
1128,9131 9134 5234 2585 9132 9130 9133 5859 2048 8245
1129,9138 9137 9136 7653 12684 12685 2840 11611 3491 12307
1130,3749 1063 6195 9140 2713 9141 1081 1112 1039 1280
1131,625 7697 2067 5552 4756 9143 9144 1452 2448 6596
1132,9145 9146 551 10 11366 13885 3055 12850 2742 8506
1133,3933 109 391 5774 9147 3743 9017 7709 2223 2252
1134,8961 9156 2002 5658 6767 9162 1980 8441 820 3915
1135,9173 9174 9172 3170 3083 11347 13488 14283 2378 14673
1136,9175 9178 9176 7960 9179 5676 5617 434 6217 9177
1137,3237 4887 3236 9182 6561 3822 2485 7011 3860 9184
1138,618 612 2476 611 287 188 149 794 3295 2141
1139,231 8007 8027 7658 9189 9190 1631 8133 8132 5776
1140,1320 2371 2375 4060 1779 1778 9192 6363 6362 1321
1141,9210 4466 6533 2904 9208 3474 9213 9196 1681 4562
1142,8966 9230 9232 9231 5339 9229 6266 14192 14133 14189
1143,6361 2378 9237 9236 9235 1354 1320 2371 6362 10365
1144,2981 6877 9238 9515 9516 7568 13428 6724 7567 859
1145,4126 4205 2856 14542 10746 4220 7771 5639 5170 64
1146,873 46 478 9243 9240 9249 9245 9242 9244 9246
1147,3428 9256 3429 4350 3427 9393 1119 5249 8021 13403
1148,9257 11366 3055 12890 12891 10715 8999 13698 611 10226
1149,1819 5663 8643 3643 2019 9267 9268 7721 1209 2025
1150,5140 1516 202 9278 9277 1193 4382 1194 8962 5147
1151,9280 9015 8210 386 6335 2536 2550 2350 9284 9281
1152,1133 3040 9287 1549 4550 9288 2670 13417 12559 7469
1153,4836 9291 4428 8055 4446 9289 4048 7615 9290 13666
1154,476 464 4220 1218 3269 9294 8865 9293 750 3441
1155,1587 9298 9301 9304 1450 9302 4262 9312 9311 9310
1156,64 9321 9320 2794 4853 6514 8280 156 153 10078
1157,9323 9324 9326 2750 9325 585 3753 633 1557 3855
1158,9333 9328 9329 9332 9335 2327 5761 7213 1838 9334
1159,8897 9338 9354 7738 9361 9346 7142 9355 9353 9347
1160,3500 9367 2595 14910 2957 5751 10263 14388 3503 12516
1161,9369 9368 11366 13885 3055 12850 2742 692 12954 1893
1162,4404 3858 4799 9370 9371 10304 13116 8684 8683 7430
1163,2015 8977 7234 2017 9374 9373 9372 335 9375 10640
1164,9381 9376 9385 9378 9383 9379 9386 9384 9377 9382
1165,3055 7716 11126 8999 8369 53 1367 7116 7124 3019
1166,7338 769 4194 5543 4217 4201 795 5539 2024 5981
1167,9393 1119 9392 9394 7796 5248 8647 9395 3086 8612
1168,9397 9396 7327 2338 4725 2721 7189 5069 3253 2938
1169,3214 9400 114 502 9320 3996 9398 9401 9399 9161
1170,7611 7210 9402 761 810 8073 2022 10796 13849 14473
1171,5198 4800 2632 9404 9403 5939 15125 9165 2268 269
1172,9408 9413 9416 9411 9415 9417 9419 3486 9409 9421
1173,7748 9423 5441 4552 10897 7224 9790 5444 5445 641
1174,1204 9424 6919 873 796 1213 466 4862 1071 1203
1175,423 3518 145 8046 2460 167 2781 8763 3186 3516
1176,9427 7290 9426 9428 5630 3163 2584 3715 5629 8474
1177,6128 8404 6336 9430 1271 14381 1014 7021 1081 1280
1178,9434 9432 9431 7086 9433 15025 12902 11366 5792 6572
1179,466 6682 8719 251 662 7816 8623 686 476 323
1180,9440 8509 3683 7410 6518 2858 964 9441 9439 9437
1181,1686 6394 3814 9446 7542 8784 5877 6649 9444 2867
1182,4071 1281 5292 9448 9447 5342 1272 9648 1237 4972
1183,9450 9452 9449 9453 9454 9455 8359 9451 8358 3490
1184,2750 4789 6826 8705 409 6343 4940 6020 8219 2448
1185,149 169 165 873 466 686 2309 476 2262 3811
1186,2748 760 4950 2770 4221 3704 2356 9458 1046 7832
1187,9460 11366 692 13885 3055 12850 14519 1345 2742 6661
1188,9462 9461 9464 9465 5110 4722 8069 3589 9463 8071
1189,9334 9473 8750 9475 9471 1057 9468 9477 2356 9469
1190,9484 9485 9482 8851 7684 9486 6574 2597 2130 2851
1191,9494 3744 8714 9489 5723 4032 4029 4031 4717 9492
1192,3237 4901 4905 4900 9499 3380 4899 3524 3836 1164
1193,9507 7933 9506 9500 4786 2463 2727 9508 7811 861
1194,9510 2415 1878 12861 1191 14850 14555 586 14851 11353
1195,5493 4378 1810 8137 6699 6521 5506 5259 5492 7673
1196,9512 11366 3055 10715 8999 611 1011 4426 53 2820
1197,2981 9515 9516 9514 9513 7568 7567 3789 9238 1700
1198,1467 9517 5283 5343 10948 10277 10557 9824 10150 2402
1199,9523 9520 2210 9522 9526 179 2699 9519 9521 9518
1200,8764 5162 2468 1967 785 2062 9529 9045 6954 4231
1201,323 5660 1206 5655 5017 5663 3945 1606 9532 7336
1202,6129 9533 2243 10059 15036 11098 8986 7630 12823 8177
1203,1136 1721 1145 1146 3083 9536 9537 9538 1007 5843
1204,796 775 3191 873 794 323 2762 1203 2460 478
1205,5604 2281 6235 6952 8675 50 15172 6233 13057 8674
1206,431 3261 5287 7910 9543 9542 4551 14340 5952 13979
1207,871 1869 3213 9545 9546 3119 8417 4502 879 5771
1208,1475 3415 9548 9549 9547 2879 1358 9553 9552 8268
1209,4700 1115 9555 3894 6487 6493 14659 1840 2978 14730
1210,4594 4642 4644 9558 9560 9559 6795 5563 4641 4643
1211,3811 8485 1550 9562 9564 8943 4789 6343 7289 9561
1212,8252 2018 6137 9573 9574 7557 4473 6138 5159 817
1213,4605 5689 4693 1153 8164 4133 1721 8477 4687 4135
1214,2309 2764 139 3811 169 466 871 323 879 149
1215,1384 9585 5831 9587 5133 5415 3471 27 3160 851
1216,2460 3043 2560 4769 455 2240 6983 9061 853 4228
1217,9594 7515 9593 5286 9106 1897 3055 8470 323 11424
1218,4341 4910 5809 150 2963 125 9595 3298 4898 4342
1219,9599 9598 9597 9596 7644 9602 9601 9600 9441 6384
1220,3811 9605 6684 2722 9604 2736 424 2359 5727 5682
1221,9510 5461 9607 8259 8497 8257 1419 3197 10622 5462
1222,230 3862 1235 3762 6019 1236 231 3859 10301 3258
1223,9610 5664 7046 9611 9509 1130 8999 6085 6306 10553
1224,9612 1422 540 5949 2708 10576 542 4474 543 1433
1225,611 9616 9139 7439 9363 3947 9614 1917 9618 5094
1226,9621 277 9623 9150 7515 9620 1508 453 6639 9622
1227,4139 5848 9626 395 396 9625 7091 6555 9624 2733
1228,9633 9634 9632 9635 9641 9630 9631 5840 9627 9637
1229,3109 4972 1281 1237 1943 5342 9648 5423 3351 3385
1230,3825 9649 13529 6285 1953 13367 12265 6818 20 3830
1231,9650 7567 6262 8059 13763 7745 12148 9655 1937 9826
1232,3811 5402 7936 8884 9651 6699 3875 9561 9652 8290
1233,9655 7689 4169 586 1852 1707 5664 3672 9656 3671
1234,1071 5934 8396 466 2935 794 2061 6919 10256 169
1235,585 9470 9657 4523 5174 9658 9473 10772 1947 5788
1236,6854 7945 9661 7543 7943 5156 8372 7260 5157 7934
1237,2375 7064 1915 9662 1914 9665 1723 4693 8165 5671
1238,9667 9668 529 38 12961 12962 10180 11790 5177 14170
1239,9671 9676 9673 9670 9677 5526 9678 5820 3872 9674
1240,9682 5246 1460 8550 6646 2864 7171 9805 1896 12566
1241,3028 5784 8199 9439 5631 3038 10912 13520 3946 10592
1242,9684 7389 9686 2546 2528 5305 68 8071 7337 8069
1243,9690 3507 9693 5764 9694 9692 9691 340 2144 5766
1244,3538 5219 5950 9696 9695 3963 8063 1267 11077 6336
1245,1896 6616 6949 4019 5486 399 6478 6609 6608 6610
1246,9202 8474 2899 9698 17 2397 8128 52 13738 1894
1247,9700 9701 6691 508 3999 4443 9704 9705 5303 2019
1248,620 4455 9714 621 3070 606 1340 9712 7624 5907
1249,139 2762 195 6997 7995 8304 775 323 2764 2772
1250,9717 9189 9716 2910 9718 9550 4321 8027 7658 8007
1251,9719 6791 8668 4635 5822 4988 4815 122 2480 120
1252,9721 9723 9735 9720 9725 9729 9726 9727 9733 9737
1253,1354 1357 1721 4135 9745 3845 4688 4140 6741 1158
1254,9759 9763 1909 9762 9761 9760 9482 13 13307 8096
1255,2614 9766 476 9765 9764 9767 9768 9775 7230 5096
1256,3811 3153 924 9779 9777 9778 2309 323 686 466
1257,9781 2516 3598 9587 7732 9780 611 3597 9909 5191
1258,9784 9787 9785 9552 9788 9783 9782 9786 245 1532
1259,3318 2484 9109 3359 3302 10738 4913 3380 186 3317
1260,8375 7525 3591 7528 7524 6494 7529 5179 7526 4465
1261,7748 641 9790 637 5441 9423 610 614 12748 6509
1262,404 9791 1166 9793 12426 9792 9794 1532 405 2820
1263,9797 9798 9796 10428 10429 15133 9100 13620 8095 9759
1264,823 7926 60 66 8512 9258 9800 2012 3657 5279
1265,6781 9803 7934 9103 5157 6251 9807 6162 3671 9806
1266,760 7239 5755 9811 854 5728 7240 3916 9890 873
1267,6099 1543 9812 2613 8212 2612 9814 919 9813 9426
1268,46 6304 7989 4984 6825 5218 618 2538 169 2026
1269,9821 9818 9819 4403 9820 6334 218 8690 539 3772
1270,230 9826 9823 4275 4274 3859 9824 9825 1467 2420
1271,9830 9829 8613 9828 4124 13631 10986 2852 9126 4129
1272,9839 9833 7575 9338 613 9837 5895 5800 9840 9006
1273,9843 8657 7851 9847 9845 9072 9846 6566 9844 573
1274,611 3602 7310 3909 9849 618 10893 9781 383 687
1275,1011 2869 4134 7057 1357 7427 9851 4688 9194 1719
1276,9855 9856 7206 6161 2983 13640 6499 11366 692 13885
1277,9860 9866 9870 9871 9859 9867 9873 9868 9872 9862
1278,3602 3584 9876 3153 7336 9877 3031 3027 971 201
1279,1136 1145 1146 5667 1721 4596 7215 5686 10751 10988
1280,5948 3303 1736 9561 8753 9878 2336 7279 2416 3353
1281,9880 966 9879 961 8239 938 967 4589 12946 12761
1282,1399 3287 3868 4989 135 8249 3870 3871 3869 3860
1283,971 7282 9122 319 3581 6802 9881 3621 10076 7479
1284,466 794 476 149 4 858 462 4765 894 1685
1285,685 790 4233 466 4220 686 775 331 163 169
1286,3811 3195 3678 420 1641 764 8465 6912 9875 7514
1287,46 2675 3821 2323 6870 6381 9888 2075 5035 1415
1288,9891 9414 9890 6134 12295 9422 9417 9413 9416 9419
1289,4576 9895 9220 9892 9893 9894 13879 15107 5673 11120
1290,383 3043 3044 4865 5132 2270 5070 3959 5275 1752
1291,9899 5574 392 9909 9907 9905 9901 2531 3159 7372
1292,2597 314 9934 3749 659 9933 8599 5940 8305 6128
1293,323 1239 128 30 31 27 873 466 687 149
1294,6529 9938 5404 3440 5994 1183 4163 9272 9941 9940
1295,9950 9952 9951 9949 9948 8382 13835 1344 14267 14126
1296,3160 5079 5255 9911 6899 7371 5078 9953 9901 7372
1297,463 5972 1192 9497 8482 8932 1516 9955 9954 1512
1298,3533 6525 5607 6524 6144 5463 9956 2254 9155 6527
1299,1320 1779 6362 1778 9192 1319 4060 6363 6361 2375
1300,3055 9957 11126 8999 8369 53 1367 7116 7124 3019
1301,5329 9814 9960 9959 9958 5330 9813 1958 5328 10900
1302,2014 6431 4574 2624 9961 8255 5317 9945 9962 1726
1303,8145 1554 9965 9964 9963 14205 12685 14959 14858 12247
1304,1709 5667 5129 9967 9968 1151 9969 1711 10988 1723
1305,9970 14905 5608 7643 10502 10501 9444 10500 9931 3273
1306,1387 9971 7808 2923 8002 5319 7518 7809 10154 7999
1307,2268 4800 6093 6091 9403 6125 5282 4273 13446 9404
1308,2770 1164 9972 6629 12980 4950 1369 1371 3237 6670
1309,9983 3919 9335 9979 9987 9980 9986 9977 8955 5735
1310,5607 1088 9993 7118 5824 3627 9992 2362 7111 7114
1311,611 9924 618 9781 10893 8999 10421 1621 612 3213
1312,9996 1265 7205 5969 4966 2282 8781 4585 4631 9998
1313,5237 10000 3644 12930 1795 2984 13261 1792 12931 13255
1314,5898 1861 10001 10002 10003 6772 282 11793 1971 10181
1315,5386 10004 3756 4981 4986 10006 6200 5214 10005 9094
1316,2391 10009 10008 10010 1713 10007 1607 5505 7379 12047
1317,244 10012 248 7831 4122 4656 3172 4657 10487 14045
1318,8999 46 10013 392 2146 2556 69 2026 10016 5234
1319,778 4242 888 4183 10022 7633 8936 253 3098 10024
1320,541 10025 10026 8796 1257 3750 10665 2986 12235 7567
1321,10030 10033 5158 10028 7963 10031 9401 6839 6752 10029
1322,10035 8025 5620 1889 5380 11366 13885 3055 12850 2742
1323,10037 10038 10039 10036 6217 11462 12617 11461 14796 2936
1324,8808 2816 5193 1166 2820 1532 404 10041 2614 3464
1325,10042 4023 10043 3853 2655 10044 1263 11526 2918 571
1326,2457 2763 7496 3963 8622 3732 10045 476 661 149
1327,10046 10047 10050 10052 2288 563 10049 10048 10051 5174
1328,10056 7687 3651 9896 10057 4834 10058 7249 14253 14399
1329,4772 10061 10060 7299 7266 10391 14382 4776 4774 12341
1330,419 248 7209 4837 10063 10062 244 8888 14864 8986
1331,2319 7385 6686 3023 6684 298 1491 3627 10065 3256
1332,1192 1202 2754 2758 4818 10066 9562 1798 2772 7510
1333,4035 3083 8645 3442 8541 10072 10071 9625 10069 10068
1334,10076 3551 7282 10077 11609 11955 13353 226 14308 5502
1335,10084 10083 10080 10081 8276 2662 10082 7227 8812 10079
1336,7427 1136 4037 10088 672 670 5686 10090 10087 10089
1337,3210 7043 10092 13593 3704 4184 3473 580 9048 421
1338,1263 4023 264 1556 9764 261 4787 262 13903 9765
1339,5163 9427 881 1850 5089 5170 8474 14055 2234 4126
1340,342 7627 8514 10093 923 13906 7623 6710 6723 2437
1341,2657 1250 7347 8224 10094 10346 14512 726 6722 2072
1342,10095 6280 14582 13737 11968 14458 29 1859 7940 6410
1343,8808 4056 2663 4058 5193 1532 10041 2816 13635 4057
1344,6364 7099 7098 6706 10099 10098 10097 7059 10096 10995
1345,5192 10101 15224 15223 12534 14408 2614 4038 10665 8805
1346,7402 199 4365 345 350 972 7401 7272 8740 11647
1347,4803 6396 10109 10104 10107 10103 5126 10106 6752 10110
1348,3811 6516 10114 341 10113 7482 7083 5960 10112 8220
1349,873 101 3244 323 149 686 466 775 8999 476
1350,10119 1934 1932 10118 7745 10120 10117 2908 3426 3425
1351,4966 7302 10123 626 12037 13285 14699 3405 13310 692
1352,5904 632 10125 2324 10126 5917 14378 2005 6751 14219
1353,5570 10131 8713 10127 10129 10128 5206 10130 5681 7685
1354,10135 9681 2292 9351 4986 9330 10136 1159 3356 2339
1355,3195 10143 10144 10142 5134 8047 3911 1451 865 10141
1356,10151 10146 4561 10147 8842 10152 10154 10148 10145 2432
1357,10158 1489 10159 1488 1481 1493 1483 1487 2739 8572
1358,466 10165 858 169 2161 10162 662 462 512 476
1359,1621 1617 1622 1618 235 234 4902 4355 443 1619
1360,1320 6362 4060 6363 1319 7427 1779 1778 6361 9192
1361,10177 10172 466 8574 6696 149 10170 4846 10173 7373
1362,10181 5161 8024 14715 10001 1122 9557 2409 13690 13267
1363,1972 5054 1832 8447 6960 10182 6959 5040 2711 1966
1364,7946 2256 4574 10183 765 2257 11708 7711 4074 239
1365,575 10184 5354 10185 10034 5907 8231 1125 13765 6090
1366,7200 10187 10186 8725 7199 13195 11366 12274 5563 12182
1367,10188 10190 2813 10189 1857 8430 1856 1846 1843 12965
1368,1721 1001 1915 9662 1153 7222 2622 9665 5897 2376
1369,1365 10197 10194 10195 10196 4361 12215 1794 12217 12214
1370,7427 10199 7785 2883 10198 7554 6707 1708 5447 4134
1371,10200 3605 9978 10201 10203 9476 10202 6340 1868 13511
1372,10205 6510 11849 11366 3055 10692 7605 7606 10693 10715
1373,4330 10206 10207 2820 4515 2742 12426 8904 1165 1535
1374,9920 10211 9206 3823 10213 9815 9356 5300 3420 7162
1375,1028 5195 10217 10219 10216 10218 14354 11627 2133 12846
1376,10221 11366 3055 10715 8999 8217 8218 611 710 692
1377,10222 10223 1537 1004 9217 10182 14368 5304 10978 1130
1378,10225 6354 917 2594 4030 6932 1388 13394 13393 6905
1379,10227 3303 9363 10228 6211 3016 10571 7696 8753 1056
1380,2989 10229 13942 2988 14723 2695 2726 7712 13839 13125
1381,10231 10233 7960 2607 7961 10235 3725 6400 7049 10237
1382,7939 8518 10240 4809 7809 8519 6187 1877 12033 826
1383,323 466 1071 4769 3033 4925 437 8974 3419 2408
1384,230 3862 10169 5634 10242 10243 231 3859 10867 3861
1385,5047 8959 10459 3749 9040 11718 1368 8345 3366 4789
1386,7527 10184 5819 10244 2420 2413 7529 2425 9825 2590
1387,665 10245 3369 666 667 5280 1160 3523 10247 7190
1388,1721 1136 1146 4407 1145 10246 2882 1729 1011 4596
1389,665 10247 5280 3523 10245 12408 15046 667 3533 11291
1390,1535 3910 445 9427 10248 3417 7701 7761 5926 1166
1391,10252 10251 10250 14118 12235 14606 5909 11782 7999 14237
1392,230 9826 1269 2982 10255 1253 6225 3859 10867 5782
1393,10260 10259 2274 7767 411 2247 4094 10258 14327 2742
1394,6358 9924 1487 10263 9994 9131 1483 38 9028 198
1395,2990 3527 5491 4147 190 4146 5184 1611 10237 3718
1396,1809 10266 8045 7821 6585 107 5512 11729 811 6588
1397,9546 7021 3543 3546 3539 1737 3216 6260 4229 6336
1398,1404 10271 563 2000 10272 7506 10270 4610 10273 10269
1399,4635 9719 122 5825 3377 10274 294 2961 4993 10275
1400,5140 6086 3974 1516 2457 2929 3587 2955 8461 1193
1401,715 10277 8977 10279 10278 7783 10280 9366 7249 7234
1402,10282 4945 4074 10284 10281 5613 5616 5731 3408 4372
1403,10285 11366 13885 3055 12850 2742 12274 692 2287 5563
1404,209 1836 3989 3478 10142 439 7799 5594 11904 3991
1405,9823 10287 10286 8934 15140 15139 8708 2626 10481 4274
1406,3811 1673 755 2114 2309 686 323 466 769 764
1407,7336 2074 10289 8415 157 10669 10667 160 3772 8839
1408,6576 8601 2105 11824 9491 1572 7248 1796 12418 11360
1409,7346 9283 5143 2417 3404 5147 1374 2490 2559 2425
1410,1880 5096 3214 8480 2963 10291 5750 10290 10292 12130
1411,6617 1347 3510 8719 10294 6142 466 3513 6682 5486
1412,769 4468 4194 10295 9702 3309 8933 3120 2448 4238
1413,9169 8975 10296 2773 1233 10299 8658 10307 10305 10306
1414,9466 9039 1073 1029 14692 7140 8999 9693 1072 13843
1415,42 4789 787 3190 8959 434 5618 7488 4808 8345
1416,714 1201 559 865 4868 323 3152 2291 864 4232
1417,10319 10315 10313 10312 2556 5903 10314 10318 9543 10317
1418,2437 4750 5605 10323 5598 4747 5600 4169 901 2905
1419,10326 10325 10324 10941 4673 13568 13567 7642 8237 10939
1420,1568 2024 1685 10240 1833 10328 10327 10329 3117 820
1421,764 1447 2035 2684 3105 323 773 3811 782 873
1422,102 6515 7671 10330 10332 1108 10331 4170 3197 13754
1423,10334 4798 10333 10338 2919 10239 10335 2416 10336 6639
1424,2139 1993 2307 793 4085 749 11194 3222 6178 4128
1425,7263 10341 9915 10546 6889 10342 10547 1018 3461 3459
1426,3387 3411 3388 8884 14173 3412 3410 6905 2653 9577
1427,10343 10346 10344 10345 2603 2042 717 14641 8270 13032
1428,3811 466 476 149 478 2309 686 385 5561 873
1429,6537 10349 10350 10352 641 10353 10351 10354 6169 11218
1430,6364 7427 9192 1320 1779 6363 2375 7554 2371 4060
1431,5176 10360 10358 5299 509 10356 10359 8747 1419 687
1432,873 1377 4385 149 686 323 466 169 775 760
1433,1762 122 4069 10364 6932 10363 4635 6171 144 1388
1434,1011 1357 9851 6360 10365 2369 2378 4136 1354 4141
1435,10372 10373 155 10371 10370 156 153 10376 10377 10378
1436,7918 6052 8704 457 10385 10386 9612 5507 8767 10387
1437,4826 1579 7737 1393 1231 5018 6519 3697 5039 10389
1438,466 10391 10060 4772 2024 4911 2040 7266 2834 9344
1439,10399 10395 10401 10396 10405 10393 10397 10402 10400 3654
1440,8215 2663 8216 8275 4057 10407 8393 3565 4056 2662
1441,10409 3998 10408 9502 3997 7292 3995 3996 611 3118
1442,2823 10410 10411 2742 1535 13187 2820 13926 405 13260
1443,796 1732 5545 8948 7972 5202 7503 8941 778 3100
1444,10413 10412 13258 1225 2065 6710 8251 4570 12865 8892
1445,1768 9167 847 5062 10276 10423 854 10420 4193 10418
1446,7076 10425 7895 6504 10427 10426 1714 8900 13191 4699
1447,9797 10428 9798 10429 15133 9100 13620 9796 11366 2820
1448,4789 3857 2308 5299 3428 14400 46 6343 11366 5726
1449,769 9249 488 1055 1058 1037 6013 10430 8346 7769
1450,7556 10431 11208 9100 9101 6101 12226 12648 12227 11426
1451,794 1071 1986 476 466 323 873 462 149 478
1452,729 10438 9211 9896 4860 2289 2294 4856 8261 691
1453,3916 8433 7429 10306 7822 10297 8431 8434 10302 10308
1454,8335 10441 8112 12576 5385 2439 14645 13392 5381 5383
1455,5299 2519 7730 8747 5305 3714 2498 14054 2145 7732
1456,10443 10444 7888 10442 2850 1127 7643 13368 12039 6094
1457,10446 10447 10448 12869 1677 12867 2263 12479 10779 12480
1458,2130 1574 9314 9068 10451 437 10452 17 20 3825
1459,7401 7253 8141 4276 9018 11940 13360 6887 10703 11421
1460,2457 133 1836 4127 127 9264 6676 292 4182 464
1461,10456 3482 2438 3009 10455 10457 5282 5326 5327 14641
1462,1347 5911 7149 5910 1601 4740 1466 5908 5915 1464
1463,2699 1385 249 466 5196 7527 9091 6696 6477 5580
1464,1112 4906 3497 2474 1207 3932 3237 1371 3352 2471
1465,469 2689 339 644 7691 687 1766 11181 1417 7398
1466,10458 6760 8755 10888 11916 11442 14037 5753 6917 84
1467,466 476 10460 2920 2291 434 8524 975 945 8670
1468,2221 4348 3298 2913 164 4900 2482 6433 2334 5394
1469,6364 9194 6363 10461 6553 6705 1320 4060 9192 4134
1470,3811 5502 1192 2063 5359 1101 3300 323 149 466
1471,811 10462 464 735 1198 5482 7238 450 812 9570
1472,10466 10465 6670 10464 10467 9290 10463 7410 12980 13530
1473,5551 7413 4239 6641 9163 5981 10469 10472 1455 10471
1474,1317 6360 9851 1357 1011 3083 7057 4687 2014 2371
1475,10475 8502 132 7156 10479 2569 10476 2516 9906 8501
1476,5151 10481 3069 3071 3072 10951 2582 15140 3070 10287
1477,3055 3407 2519 2575 8245 10482 10398 8999 11126 7116
1478,651 10484 10485 2099 8289 4485 4923 10137 7414 10439
1479,3008 3007 3664 961 3005 3010 3006 3009 3004 3011
1480,5488 9706 5489 4789 7821 10181 6691 7247 5726 7901
1481,10490 10488 1362 8354 9782 10489 9288 13841 9287 1364
1482,10491 13312 14507 14284 11366 3055 10715 8999 611 13480
1483,10495 10498 10492 9986 8407 10493 8309 1102 3337 4011
1484,10501 10502 9931 3273 10500 10504 6848 2559 9970 2362
1485,10508 4774 2734 10507 8837 6166 2733 1687 3504 4772
1486,4181 3819 5427 4975 5425 1611 690 4050 4247 5155
1487,10514 10513 10511 10512 1796 2346 2810 10515 10510 324
1488,10520 7238 10521 10294 10519 10518 7708 1016 1080 1038
1489,1660 2428 8798 10522 3945 2790 6220 4085 2750 216
1490,1532 2614 2742 11112 10524 10525 3465 2820 10523 9784
1491,4975 3819 10236 7369 1517 3820 222 1611 4050 4972
1492,8717 10527 247 794 476 5724 149 6040 2457 418
1493,6816 10529 10530 5650 10438 5561 12705 14855 3548 6815
1494,4223 1219 4769 6651 1235 8447 10531 7500 8854 5951
1495,3556 2764 2221 1206 142 6651 2211 3253 9396 3678
1496,10533 10534 11366 13885 3055 6572 12850 626 3452 8808
1497,4426 10536 7994 2206 9134 7431 6106 2560 10537 7006
1498,3237 4901 88 1869 10542 1162 4815 4887 4913 4900
1499,2799 1017 8303 10327 5362 10430 10238 7189 3624 8197
1500,8982 10355 7554 6805 10627 10990 5846 1001 2371 10994
1501,10342 1018 10341 9911 9927 10547 8503 8724 8749 10544
1502,10552 10237 9221 2332 10235 6834 11366 5938 692 1085
1503,2021 10553 7178 5011 5815 5827 4188 9610 5042 5012
1504,4596 1828 10554 10555 5686 7215 4599 1145 12378 11339
1505,1320 6361 6362 1319 1779 6363 1778 4060 2375 9192
1506,10150 5343 1467 10557 5283 1067 10152 13221 9824 3526
1507,10227 3028 9439 6036 1738 3946 10559 5778 8671 6963
1508,228 10560 2635 5364 10561 2634 7647 5374 5613 8689
1509,1443 4398 4329 8768 10563 10562 1969 6990 14217 6641
1510,618 685 10564 2029 1701 6434 48 586 10565 4207
1511,9249 8704 10567 9075 7310 176 3222 784 1452 4821
1512,7077 5871 10570 10568 10569 12735 14747 12807 14748 14746
1513,10572 10571 1480 6032 3911 4005 3601 2101 5397 10142
1514,4139 1824 6737 5451 10574 10367 4608 2881 10578 5848
1515,1520 9296 5142 10579 9177 625 5794 12784 6210 3678
1516,8006 10581 8005 10580 6771 2175 10583 10582 4518 2181
1517,466 1737 8719 6682 208 413 686 476 879 662
1518,9392 10469 4513 9393 6761 4971 11358 9394 11359 12948
1519,873 476 794 775 3224 414 5756 5585 10586 8951
1520,7070 7066 10590 8598 10589 10996 4743 7099 7075 7074
1521,3248 6649 1585 2781 7834 6296 2709 3253 2911 3249
1522,10591 745 9943 3742 5957 2309 5958 1252 169 11366
1523,4381 2284 10593 4795 5916 10335 4794 4798 11539 11538
1524,149 1192 4930 10594 5549 4479 873 169 466 3811
1525,618 7716 10595 612 611 287 3403 11480 3055 12855
1526,10597 10348 5095 10600 10598 5957 5958 4835 298 5993
1527,2290 2294 9051 846 8418 2067 12359 7341 2291 98
1528,4194 5568 3276 3139 7491 10602 9389 6033 4238 9388
1529,10604 10603 6793 12277 5222 6140 10356 11190 11659 6087
1530,336 4978 8558 10606 3124 3811 334 305 2224 472
1531,10492 2993 10498 7088 2257 2992 5862 2736 3286 226
1532,3358 7416 2988 2989 5145 7415 2826 3528 2697 3549
1533,4532 3445 3448 3447 3450 7719 3451 14492 624 6293
1534,1302 4286 3472 2219 10607 705 3943 3513 1436 9321
1535,8925 1689 7274 8546 6591 933 7930 8916 920 8919
1536,7352 3838 8264 10609 10610 7350 7755 7349 7351 11947
1537,1619 8480 4902 336 4933 10612 928 5134 7906 10611
1538,1317 4037 163 230 10615 5994 3028 1623 4880 10614
1539,4926 2368 9500 10624 6590 10621 1214 8344 8597 7470
1540,7215 2996 10627 3079 6804 10628 10629 5873 10626 1001
1541,46 578 2675 4744 10632 10633 10631 922 4923 1511
1542,3602 4462 83 5864 5597 6546 6694 10634 7429 10635
1543,715 9234 4941 10638 10387 10113 7382 7801 10637 709
1544,1317 10072 7818 4687 3083 3442 1011 4037 7427 2881
1545,5494 10639 8051 8297 6311 13784 8655 5492 10745 10744
1546,8977 7234 10640 335 9373 9375 2017 9374 9372 2015
1547,2375 2869 1320 6364 2372 1321 2371 4060 6363 9192
1548,738 7456 4485 5591 7314 489 4223 7414 209 5586
1549,9088 10642 11466 10336 15159 7863 4075 6613 618 2927
1550,10643 11366 3055 10715 8999 611 692 4426 53 2820
1551,2287 5969 10514 10644 9521 10513 2346 13121 2282 5963
1552,10646 11366 3055 10715 8999 13885 12850 611 4426 14238
1553,1198 1329 3837 8945 8618 4870 2411 5576 6227 4876
1554,9878 10650 5433 10649 1064 2245 6814 2340 7733 8802
1555,6880 3944 591 10655 10291 10653 7197 10658 7176 10665
1556,10669 157 9560 2597 6313 2074 10289 160 6792 10668
1557,612 7716 6916 7527 10673 2551 9161 3309 8504 2522
1558,964 2304 10679 203 10680 10678 6352 13409 9429 199
1559,10684 10681 10688 10685 10686 10687 10683 10682 10689 10690
1560,1826 4414 4416 4134 6735 3843 6364 10199 2876 2869
1561,10692 10693 7605 10205 7606 11366 3055 10715 692 8999
1562,10085 10695 10694 14770 15089 5805 5554 10976 8275 6276
1563,10704 10703 7710 5892 10228 8845 6690 103 2127 10706
1564,1011 1776 9968 2893 1721 12332 4134 1862 4407 7057
1565,1345 11821 1346 7333 7334 3892 3261 7967 4074 7980
1566,4660 3526 6477 10717 10718 7145 6135 4269 456 970
1567,760 1377 6854 5893 450 191 9569 4493 3916 4221
1568,2221 9715 6905 3104 1076 2024 1053 466 9265 1796
1569,10010 5776 10720 11335 11327 11338 10007 5505 6515 11331
1570,10722 10723 4051 10721 9073 10726 10725 3131 7868 782
1571,1826 4134 10199 4414 10627 7218 7427 5447 4416 7215
1572,794 685 3097 10727 2798 514 3099 2251 3941 350
1573,10731 10730 1331 529 5998 5570 13850 787 13425 952
1574,8809 10734 10733 12884 8808 8806 13082 10041 14328 15210
1575,5813 8271 2484 2558 4716 9040 120 10739 3359 7196
1576,5500 10621 7353 1188 7815 1069 1412 9091 6862 10624
1577,8811 5344 10741 8808 8805 2824 2614 6571 12764 14577
1578,466 794 10601 476 464 163 478 687 2457 787
1579,10745 10215 10744 9104 6490 6146 10120 8051 14320 5921
1580,2891 9538 10748 7059 7076 3415 10751 6905 2878 5388
1581,10032 8082 10755 12591 4022 8519 6587 3005 8497 8495
1582,5334 2644 2648 1896 6478 7167 2647 1080 8967 2649
1583,3385 2691 5342 10515 1281 175 5343 5859 1272 3353
1584,2024 7831 10762 3748 1568 466 2826 1686 3015 2448
1585,10764 2925 10763 10766 10765 11303 10042 8052 9442 5143
1586,10775 10772 10778 10777 10770 10768 10774 10773 10776 10771
1587,9789 3864 5180 10779 7489 12363 6335 14032 3749 6329
1588,3328 5779 388 3288 9165 3348 5386 138 13129 6855
1589,3943 2675 3472 10780 7490 7501 6957 4998 543 2783
1590,4020 4015 5361 1257 432 460 6437 10356 13959 4552
1591,10783 4964 10782 8183 9085 8787 4050 4359 3109 2276
1592,1660 10789 344 5370 324 5475 888 10787 3637 8598
1593,8294 3761 4827 12267 11830 1280 1050 1098 1278 3760
1594,10793 10792 10795 10791 10794 10796 2174 4785 9402 3408
1595,10797 5624 243 4077 5625 6708 3190 9490 9990 8937
1596,10799 10801 10800 11366 3055 10715 8999 2130 611 4631
1597,10803 10802 10805 10804 9229 9232 9231 6266 12499 13979
1598,2881 1723 5129 10807 1721 2875 3085 2869 4060 1776
1599,1665 7651 6780 6165 10810 6781 9809 9810 8575 9803
1600,3085 4603 5875 2881 1318 4139 1003 2875 1724 7554
1601,1354 4403 10811 10812 10816 2370 7092 1710 1711 9663
1602,3055 7124 10820 8999 53 13912 9054 13587 11126 14555
1603,796 4 1071 1569 4220 5079 6919 2935 4862 6018
1604,10825 10826 10827 10828 10830 10829 7476 6243 7484 11331
1605,7144 4310 4267 1866 9183 5736 12577 12231 957 12232
1606,149 686 4857 2262 9511 10833 10834 6202 8221 10835
1607,611 46 10061 7299 3398 3280 7760 1978 10840 2477
1608,3811 3614 7820 6587 9594 2583 2236 7454 10841 4949
1609,2432 2433 10842 2434 2435 2426 7704 8229 2427 10145
1610,3910 26 7992 2117 4467 2340 7137 3820 9985 3734
1611,4605 1778 6361 8164 9192 4413 3667 1320 2371 2375
1612,10844 10845 12677 14679 12676 13666 13703 12495 8085 11688
1613,10846 10848 10847 692 11366 3055 1686 10715 11549 14618
1614,10852 10849 10851 10853 10850 260 13061 5391 4537 10832
1615,1011 2869 4403 2891 4599 3085 1318 2370 4402 1009
1616,578 10862 2868 10861 10863 8991 7987 10608 10864 7614
1617,7172 10868 1864 4462 10867 10869 1177 5597 2045 5914
1618,611 488 1447 6576 1572 9491 8303 4817 10871 3172
1619,10874 10873 10872 7759 14515 12616 14516 11096 3834 14412
1620,715 10876 10878 10879 8811 228 2520 8362 10078 10875
1621,3811 9392 9179 8966 10029 10881 6545 2309 9393 6761
1622,323 3556 9981 1206 2764 10882 5801 3557 3724 4159
1623,1345 2328 5503 2360 3291 5501 3543 5589 6569 10567
1624,6888 10546 6889 9921 7263 7730 8718 10888 10544 6896
1625,1112 1014 1079 3352 5046 8552 1614 3751 1080 5458
1626,2281 10891 6233 6235 1367 13849 10715 50 4327 6229
1627,1329 3881 1300 10439 586 6402 12205 11294 8756 5576
1628,4604 4398 2996 1322 6808 1001 13060 6807 9638 12255
1629,2928 7847 10310 5938 12321 10973 6026 3206 7627 6143
1630,1081 8083 3395 701 9140 1063 2713 1280 6195 1271
1631,2262 495 4579 169 5958 488 6155 2309 4586 149
1632,1621 1622 385 10893 10895 609 8996 4837 6104 10239
1633,8278 10898 7685 5043 2 7904 6519 5041 10128 3533
1634,287 10347 6005 4303 618 3811 1649 323 1206 1728
1635,4605 5367 8164 7071 4133 1721 7057 2891 4135 7055
1636,9814 10901 10900 8212 8104 14358 3394 9959 9960 11850
1637,3556 10473 3099 9981 10902 8879 3557 3098 5801 1239
1638,7628 5679 8148 7625 8147 904 12354 7623 5446 8059
1639,363 10904 10905 11916 12770 8307 2958 2141 12829 14981
1640,4787 7855 4570 569 10907 8987 10438 2921 7853 567
1641,625 3222 287 6836 618 794 611 10347 216 176
1642,167 10909 7920 4769 5053 126 8449 6382 7502 10908
1643,10885 3386 8065 10139 3291 2328 9457 8061 2117 661
1644,2457 575 2582 8855 3881 4335 7681 3130 5576 476
1645,10911 5784 9407 1989 2659 10912 931 13557 13682 2009
1646,618 9131 5660 6214 1606 8458 10914 2602 4949 486
1647,10918 9374 10917 10916 13527 9373 11717 13432 5331 12288
1648,1568 7696 4757 7420 182 10227 6216 10919 6211 2766
1649,10923 10926 10925 10928 10927 10924 10922 5245 10929 8290
1650,2215 8832 1738 2459 10934 2458 3989 2837 4074 10315
1651,10945 10946 10949 10935 10940 10939 10942 10947 10944 10937
1652,9901 5234 2142 2500 10549 7374 9911 5574 392 9905
1653,3973 2328 6650 6973 9275 10632 8584 618 7566 1518
1654,2113 10964 10963 11267 2116 10731 529 518 2112 10657
1655,5453 10966 3359 3348 2755 3380 7969 8349 9619 145
1656,10969 10970 13034 13776 1524 14117 11774 6841 13284 11964
1657,4031 661 782 419 1387 3984 1995 10972 9875 773
1658,8685 8683 8684 8681 8679 7652 8682 8686 8680 3858
1659,873 323 149 686 687 5172 1684 1404 1239 807
1660,1884 10976 3834 10975 10977 9342 12997 13247 10872 14785
1661,9049 197 10983 6812 10982 3050 10981 7145 6175 5804
1662,5199 10986 5676 6640 9830 13368 2314 14085 3155 5201
1663,8152 1153 1721 1776 4407 8160 3693 4687 13573 8161
1664,10996 10989 4743 7098 10990 10993 7099 10630 10997 5846
1665,2086 11004 11003 11039 8585 2093 6102 10086 5564 14784
1666,3635 3636 9978 3628 3625 3626 3633 3630 3622 3638
1667,6623 4753 6483 6621 11006 11005 11007 6494 5486 4170
1668,478 811 3387 747 7515 7798 10266 3620 8943 3690
1669,2715 11010 11009 11013 505 11012 11011 10409 7066 5060
1670,7123 5569 7127 2125 113 7159 13952 13058 3055 9117
1671,11020 6936 13117 11366 13885 3055 6572 12850 626 3452
1672,3635 11022 6066 3636 9084 642 2010 9978 12561 11819
1673,1451 1645 3850 8962 11023 5140 1644 6799 5205 5159
1674,8477 8760 4336 11026 1904 11027 11025 8168 1576 1769
1675,4627 3241 10232 11028 7859 3242 4569 705 2446 7960
1676,9781 994 7643 4669 11030 2599 611 7649 11366 1127
1677,5157 11031 5872 4174 11032 11034 1785 7943 11033 9806
1678,5246 4462 1971 7804 9954 5864 10050 8779 2129 48
1679,11036 3470 9467 9778 9 11037 8690 11035 5752 8578
1680,2314 2216 4015 460 6437 3685 10440 1407 4020 6640
1681,46 3111 4307 472 6383 2360 6341 2223 3108 10631
1682,2457 5225 7054 476 661 133 1686 3945 466 4478
1683,2676 1273 8266 3296 1275 1081 1276 1626 2695 7036
1684,11038 9202 9071 11004 11039 6549 2912 2086 11042 11040
1685,11047 11045 11043 9705 9107 5604 9614 5802 9579 11044
1686,355 5506 7173 7588 2020 3890 3508 978 7807 7669
1687,5917 632 2305 5477 11050 5904 4385 10125 2005 11366
1688,2614 2820 1532 2742 3465 1166 405 12426 363 1323
1689,1721 3077 6537 11055 7069 7221 10863 11057 11056 6245
1690,3055 3743 11126 8999 8369 53 1367 7116 8370 15061
1691,287 1796 1690 618 1452 3811 10347 466 9715 4761
1692,11059 11058 2154 13891 3055 15255 3019 7115 11184 8413
1693,4381 263 275 11063 261 12863 2718 12235 262 6777
1694,611 11067 11068 11065 11071 3695 10139 2457 6727 10965
1695,323 4031 8309 133 6052 8762 6053 3642 7510 11072
1696,3526 11073 7828 5046 3311 11474 3352 1737 3527 5343
1697,2732 5899 3087 3086 1267 2728 11075 1327 11076 7803
1698,736 1638 11079 476 795 879 323 782 2312 4765
1699,488 495 10884 794 611 476 163 6155 464 3217
1700,10716 5352 5353 1721 2654 6244 13694 14495 13606 6785
1701,466 2457 879 3987 5422 686 8775 1902 5549 143
1702,6178 4000 4645 11082 1832 7992 8434 8224 4648 4647
1703,1826 11084 9130 7798 8191 2348 3467 11083 9520 8069
1704,1226 7474 1036 11085 6240 1707 3421 747 10785 6159
1705,3348 5828 5836 991 4867 1295 4987 5394 3381 9946
1706,2355 11088 3257 3198 4265 8818 7492 7207 7206 4805
1707,4596 4407 5435 11091 1721 1011 5686 1136 7215 1146
1708,611 612 9 10375 7538 941 6535 11092 618 9781
1709,2375 2371 1320 4060 1778 1779 9192 6361 6363 1321
1710,3543 3544 4773 3546 3539 1737 39 1014 9546 7021
1711,2457 3271 3270 3272 3955 2362 7118 6872 9305 5740
1712,6296 926 8490 9125 370 6411 7791 6723 624 4048
1713,1997 11096 3350 11094 11095 11093 10149 1996 3274 14372
1714,6773 10746 10031 4359 13592 12907 1183 6501 9085 13957
1715,11106 11103 11100 11104 3107 3106 11101 10543 11107 8156
1716,2820 1532 11112 2614 2742 6352 3465 405 12426 1166
1717,10302 5068 10307 10306 10297 3992 8046 10299 9370 10304
1718,1684 736 4194 142 1981 3708 735 1202 9561 11081
1719,1150 5139 1717 1146 1718 1708 1136 1710 1706 1703
1720,2457 5466 11113 661 4351 11116 7864 7184 3891 11114
1721,3997 7893 2848 2977 7887 13460 399 7899 1896 7892
1722,2869 1721 11120 1776 11118 11119 3693 6542 7222 8160
1723,11121 3465 1532 1166 11122 2820 2742 6352 1529 404
1724,8999 58 1367 11126 11124 9116 3055 11125 14163 7121
1725,9078 11128 3721 9077 1536 14795 9076 9079 7309 14231
1726,9470 9017 9018 11129 4018 9473 431 4019 9150 5282
1727,11038 2239 6814 9563 5294 2242 2945 4498 4222 8936
1728,3048 8820 960 3047 4199 3479 1397 9527 29 8240
1729,10649 4011 2336 8191 4313 1305 10661 3629 2333 10470
1730,11131 11133 10786 6335 6879 11135 11132 1313 11137 11130
1731,2644 2648 11141 2174 4101 2933 11145 11143 575 10909
1732,7980 6540 5010 11146 5325 6494 4359 8234 12472 9837
1733,5218 6304 4918 2482 3350 46 4912 4913 1869 7989
1734,1429 2045 9712 620 9714 4455 12924 1704 7217 6363
1735,5580 42 7364 7361 2575 5466 9426 11148 3205 8623
1736,1826 4134 9194 6705 1777 3843 5876 2890 4063 6364
1737,796 1646 3678 5853 1439 5315 1446 4220 794 3195
1738,2063 4978 3124 11150 3811 5502 336 1035 3529 7454
1739,11114 3265 13679 9807 13942 13980 13979 13978 12611 15261
1740,3242 705 4673 3246 8012 10781 3588 11156 903 5010
1741,5746 11157 5747 8700 2 4705 8098 8285 5408 2210
1742,466 9953 6696 3219 11159 6910 2462 7820 169 11161
1743,4648 4645 6792 6794 4647 11166 9012 8638 9350 4058
1744,1458 9983 10588 358 7278 8066 10311 7867 8765 4215
1745,715 3321 3458 4772 2043 8851 9284 10510 2825 10841
1746,6521 4378 11176 8137 4227 4370 7284 2055 3495 6699
1747,8229 5098 2285 2432 10145 5096 7704 2436 13768 13120
1748,11178 11179 11180 11366 3055 10715 8999 611 692 4426
1749,4635 11181 11182 9719 10114 913 3492 11183 2399 9121
1750,3635 10607 5573 6702 10641 5080 8818 5623 3636 10478
1751,8999 3055 1367 7116 11184 7128 7113 45 7134 2125
1752,8999 7121 7974 11185 14163 3055 14166 1367 7124 91
1753,7448 2980 9562 7423 6258 8716 4553 7450 5630 5854
1754,8100 11188 11187 4053 2593 8099 10084 3330 13781 5407
1755,4350 10273 3404 4770 2493 5140 1734 4865 10436 5622
1756,1687 4874 2953 1760 4343 11191 8197 4571 4875 4873
1757,3811 10976 9604 2309 686 466 323 769 764 10347
1758,3251 4210 11063 2718 275 4381 3248 263 1290 49
1759,5073 5072 5065 5067 5034 5033 2248 4366 7877 3374
1760,11209 11207 11206 11197 5331 9111 11210 11199 11203 11200
1761,42 6434 11212 611 618 10564 2137 8589 10892 2472
1762,6237 1017 10459 1232 6688 1034 6014 4587 5018 1035
1763,4243 879 1767 4502 11215 5540 1400 3474 1643 7361
1764,6537 11219 11218 11217 6245 12748 3665 13949 6173 7069
1765,2520 4866 4235 209 2547 4024 11161 8391 11222 11223
1766,2371 2375 11225 11224 1354 11347 1778 6361 4060 1320
1767,6623 2438 1663 1662 11227 6253 1126 1664 9805 9804
1768,611 2739 3043 1752 3471 6434 1397 11229 11230 1965
1769,11231 11232 560 14469 13219 10056 2435 1529 1937 12148
1770,2168 11083 5882 9887 4767 2348 4768 7327 1047 5878
1771,11045 3383 4886 3326 3316 3022 10736 2352 11233 8792
1772,323 794 11236 7547 6267 11237 5270 11238 11235 866
1773,2779 8940 3605 3609 2100 2774 1765 3603 1460 668
1774,705 11239 7620 4286 250 238 6122 6227 1676 8343
1775,1684 463 1436 1442 2408 1520 3285 7778 323 163
1776,6613 8788 7804 1699 11241 10868 14414 7649 7643 13732
1777,3160 188 11242 7371 9911 618 5233 3173 612 2140
1778,6097 6203 1422 11244 6498 6499 1786 5729 13840 5197
1779,11210 6795 7739 11246 11247 9558 11245 1524 7722 7892
1780,1796 176 3015 336 2586 6198 9318 8799 11081 1452
1781,11252 11251 2011 2010 14681 13684 11571 6110 11370 11368
1782,1742 11253 12315 3116 2801 14268 1741 1740 12311 11209
1783,1371 4891 7326 11255 3109 2475 185 3476 11216 3237
1784,9079 7824 1058 11256 8275 8213 11171 8215 7916 1055
1785,7527 1596 6982 5969 2699 10244 5819 5602 5156 6620
1786,3602 1419 2767 189 3531 5079 10359 964 7770 11146
1787,705 3242 4568 11260 2930 6563 10210 5425 11259 5862
1788,11262 9394 4334 278 4521 2942 334 7277 6212 7538
1789,11265 1266 11034 11263 11264 4068 14313 12939 4174 5872
1790,11269 5051 7736 9491 11268 133 878 7440 4438 4353
1791,2371 7215 2375 2374 7064 1354 11347 2869 2370 5845
1792,538 4844 4839 6820 14808 536 525 531 529 4840
1793,8808 1752 11271 3043 3044 5193 1532 10041 2816 13635
1794,4350 4229 6260 5325 1840 2297 11272 2878 6071 11273
1795,1728 11274 3781 8153 1731 11700 12047 7379 1713 11232
1796,11275 11277 11276 11366 3055 10715 7480 207 12954 13466
1797,11280 11279 11278 11281 6790 4040 9620 10494 1955 7916
1798,914 3980 947 7408 383 11286 11287 7409 5898 11282
1799,2826 4777 3528 5501 3358 2692 2697 1030 3531 189
1800,11294 8756 11295 1781 11293 8620 11292 11296 11291 3818
1801,11043 6826 10218 2747 10960 2750 2225 12467 4827 3153
1802,3095 7087 7900 7290 12360 6399 3588 4553 4320 618
1803,7933 11297 7278 4866 357 2512 10479 8623 9016 9524
1804,589 593 11301 9693 3335 6564 8495 4780 6560 3723
1805,576 11303 10764 2288 11304 8843 5204 563 5358 10050
1806,10000 1852 2627 1792 1795 11305 12930 1794 2984 9395
1807,2920 6710 10875 13428 5640 10412 12901 2435 466 476
1808,3811 466 149 169 686 11314 11307 769 2803 4
1809,8971 11317 5864 7496 5045 8937 6338 8970 5155 6345
1810,11318 11319 12756 11366 1721 1826 1001 4599 6360 1320
1811,1213 6280 1426 6568 11320 6681 6410 794 1303 476
1812,11322 11321 7175 14714 10414 6464 13226 2921 1025 4523
1813,10691 424 10281 2675 2581 9112 3627 8836 3458 3821
1814,467 4468 10454 1423 6216 6641 1231 769 176 10299
1815,11326 11331 11335 11341 5583 4945 6234 11337 11334 11327
1816,1320 2371 4060 2375 6363 1779 6361 9192 1321 1001
1817,4871 10565 11354 1878 11353 11355 5717 1415 12391 12389
1818,11358 908 4971 6170 9392 11359 11357 6240 11356 6761
1819,687 686 462 9249 4260 3100 2935 7832 749 11360
1820,11363 3721 4051 1128 8891 9250 5556 3985 9570 11362
1821,385 806 8578 611 3811 386 3470 383 3971 476
1822,11366 13885 4660 4663 12850 11368 692 4650 8663 11370
1823,2614 2741 2742 1475 2820 5998 3465 1532 1529 1166
1824,1568 760 4227 4252 4782 4226 6020 8469 11372 3700
1825,3271 3270 3272 11373 174 1367 8793 11374 11377 11378
1826,10627 4743 11000 11382 10952 11381 10997 10628 5846 10994
1827,149 773 6191 1186 4385 5477 10700 6365 873 169
1828,1452 8619 8941 3604 4817 694 7972 2688 3122 3550
1829,6360 2881 7218 1315 2889 6321 9645 1157 5536 1317
1830,11384 778 462 3945 2798 479 3249 4093 2251 7718
1831,4615 4619 4622 4618 11386 5537 11387 11385 4621 4614
1832,10424 10474 2697 5079 5766 5764 3361 10510 4324 2799
1833,9825 11388 11389 9150 14450 11971 10402 2420 6652 5410
1834,11391 4302 11390 3503 7295 11915 2270 1044 10263 3055
1835,2739 6897 11392 6005 11393 1880 3055 12666 3404 40
1836,712 11395 11396 577 62 3600 7846 5984 9682 10118
1837,692 11405 11403 11402 3771 11366 11401 1523 11404 11397
1838,6483 2556 11407 11408 688 637 3012 11361 7748 6085
1839,4765 6237 11089 4939 894 476 780 1232 11134 598
1840,11412 6069 11413 11414 11411 10024 4709 7640 11415 11416
1841,6620 1596 5602 6622 1896 2894 2108 5963 6982 7527
1842,8423 4968 8117 12009 14202 12010 12011 14064 12048 14425
1843,1866 4328 3846 10843 1003 2875 4330 3688 4329 1354
1844,578 3943 1387 445 1409 439 11076 6826 9567 974
1845,1535 11112 405 2820 2742 1532 1166 11418 12426 2614
1846,7527 1083 10181 7910 8347 10656 5864 8687 5776 4982
1847,11420 4724 8645 4722 10071 4723 4035 2869 10073 4720
1848,1840 6544 6494 7528 1939 6298 3887 11076 6182 4745
1849,9156 3811 7005 3030 4233 4214 1452 1208 2897 4220
1850,11423 11422 11366 3055 10715 8999 611 4426 53 2820
1851,9711 10376 10377 7764 8936 1279 9171 5144 11169 8257
1852,11427 11426 6 11425 11428 11268 11205 10407 6819 13
1853,5401 2587 1022 10781 3710 8705 6391 5402 4945 7155
1854,5599 11433 11430 11431 11432 935 5897 2857 9376 9381
1855,1721 1136 4407 9664 11439 11435 5440 11438 11436 11434
1856,4437 2490 1373 11440 2503 7006 11441 11442 11443 7135
1857,11445 9165 9404 269 5339 11446 5712 9403 13415 8966
1858,6296 1387 1953 11447 370 2955 782 10721 4787 1954
1859,11451 11457 11450 11448 11455 11454 11449 11452 11456 11453
1860,618 4 5552 11458 11462 11460 5014 2323 11461 1206
1861,8542 4461 10998 10994 4145 10990 5846 9854 2881 3085
1862,611 10372 10371 10370 153 3556 10373 8572 10290 7052
1863,780 5460 6237 8415 6039 11465 7339 518 6014 4220
1864,1621 11467 3638 1620 9085 3984 5097 3144 6911 2992
1865,11468 8914 4696 4013 6597 282 7527 7707 3602 4012
1866,2741 2314 2742 7296 2614 5998 11470 1165 12426 2820
1867,9805 1015 6167 11471 9682 1077 12566 6623 4143 4664
1868,715 8748 8201 4437 8673 2313 1619 2457 126 9316
1869,1323 6352 2614 405 3465 2820 12426 2742 10208 1532
1870,1443 8525 2358 2155 13050 1969 15169 6641 5422 2106
1871,8853 11473 13699 10662 7248 10499 113 9359 10820 13199
1872,11474 1073 5491 1096 8170 5164 1085 3527 7828 2990
1873,6097 6498 5197 6546 6499 13942 8515 3996 12985 1557
1874,8045 6987 8689 9648 5742 507 5035 4179 7369 2195
1875,4350 1222 4358 1837 3794 6692 1266 10323 3152 3948
1876,4135 2374 2370 2371 1354 7062 2375 9751 2869 5672
1877,7169 1898 11475 5246 3747 6513 12938 15231 3118 6617
1878,6698 3526 1524 9877 10190 3909 6528 11477 3267 2588
1879,611 11484 6016 10893 11483 385 10292 11479 10476 5314
1880,212 11137 5773 14440 5774 5772 14416 7857 5771 4359
1881,1419 5461 3378 5825 6300 3319 9607 7317 5217 8673
1882,11487 11488 11489 11491 10449 11492 11078 11490 11077 11245
1883,11493 10932 2742 13672 5998 9894 2815 5650 12984 498
1884,11511 11512 11509 11494 11504 11515 11507 11503 11501 11505
1885,1826 4414 4416 3843 2876 6364 4134 10199 5447 2869
1886,2764 6380 3372 871 879 323 2761 466 1648 7697
1887,2820 1475 1166 2742 12426 405 11524 2614 3465 1535
1888,3853 11525 11526 9234 14050 7382 10122 7801 2655 10044
1889,1011 3752 5673 11531 11527 4457 11532 2892 1052 6433
1890,7694 9939 11534 2821 1147 12765 6333 7695 5346 4282
1891,11535 11366 2742 405 12426 13885 3055 12850 11112 4516
1892,2869 1826 1318 3085 8477 11537 11536 4607 4617 3082
1893,11540 11538 11539 11542 11541 10593 2284 5916 4795 8686
1894,1160 2480 11544 9358 11545 11543 13486 12066 2485 1161
1895,6630 6631 11546 6626 1940 3995 4710 5891 11547 11548
1896,2129 10174 9042 3964 2130 794 12016 2205 3503 3596
1897,11549 15249 15068 15066 8999 14597 103 2325 15250 13174
1898,11550 3183 3622 13936 14710 10968 12347 12320 6216 3201
1899,7674 11552 11553 13840 10506 11657 11650 13839 9941 7406
1900,2614 11558 1624 11557 11559 7022 11556 5752 11560 10790
1901,1665 8143 11564 9809 9810 7651 6780 6781 1939 6171
1902,2750 3441 1083 11073 11474 7828 11565 4911 9293 2449
1903,6622 6624 6615 6623 7743 4073 5215 6189 5217 1664
1904,715 2750 9519 3142 5789 11048 11569 1850 2491 2313
1905,11251 11571 11572 11573 11570 11252 15218 15170 15219 15220
1906,424 7495 11574 4961 2556 3811 3458 4845 611 870
1907,4031 1028 6381 8352 6768 11576 1787 1908 466 126
1908,11577 7342 14673 8833 13488 9172 13956 7624 14671 7629
1909,10236 222 3820 4997 4975 4977 4158 7770 175 194
1910,4358 1746 2908 1938 9652 1222 7936 12965 10188 11356
1911,3083 4413 6553 2371 1357 4687 7057 1721 1317 6364
1912,873 149 2763 466 686 323 169 794 476 478
1913,11581 11582 11580 11585 5022 11579 8091 5024 4588 5680
1914,3491 9138 9136 7653 9137 3490 3489 8115 13776 13778
1915,3359 3727 2131 3576 11588 1501 3312 2488 9118 3827
1916,11589 2054 3745 8678 6048 2056 8614 3440 9984 6212
1917,726 409 9053 8843 11590 7522 11591 11405 14512 8842
1918,323 971 3802 9817 236 6593 873 794 466 1206
1919,1883 6099 2009 6101 6792 9409 8212 6100 4892 12481
1920,4553 730 11151 2254 12341 12447 10728 4556 3717 11977
1921,6171 753 1110 6349 11564 11593 6183 6181 11219 13704
1922,3247 4196 1984 4483 5777 11595 3555 10299 9309 10301
1923,4838 11597 11596 12471 12472 12474 4835 7585 4837 12473
1924,4913 4889 8350 218 3237 4891 4901 3236 3380 4905
1925,2869 11598 7215 12332 2372 1826 7057 9194 1011 2881
1926,11601 1677 11600 7518 7998 5483 3851 7612 1877 11603
1927,2839 11589 10902 8614 11606 204 14065 8879 12686 3745
1928,3949 5022 11607 11584 383 6386 201 11608 5456 7613
1929,11610 3489 11611 11774 7469 7985 3490 13107 5696 10705
1930,7702 11613 11612 11614 7701 12147 13557 10911 13369 6
1931,11616 11615 11617 11618 11619 11249 7883 6494 7976 7980
1932,177 5141 2527 9518 5540 11623 10618 2160 9478 9474
1933,2869 6556 11624 11625 4626 5129 6555 9627 7079 4139
1934,10479 63 5312 70 55 6903 5307 8996 5989 2503
1935,11628 11629 11366 13885 3055 6572 12850 626 3452 8808
1936,11630 11631 9660 4451 2800 14228 11310 9350 14434 14268
1937,6685 5353 6520 8112 6257 8968 10870 8575 2654 6622
1938,11634 11635 11636 11633 8387 9847 5651 6281 4829 13948
1939,1894 8515 1895 1750 11637 1979 5864 5054 8364 6345
1940,1721 1155 10716 7218 11638 11640 11639 1151 1723 1136
1941,1840 4700 6493 11642 9226 6494 6505 6487 5788 4699
1942,900 6638 1728 779 323 585 7379 12047 1713 3878
1943,7310 11038 8577 1498 4939 9286 4929 9003 880 686
1944,10020 2531 5574 2553 181 2556 9916 9907 2574 9131
1945,7402 8142 11647 7401 7272 9689 12981 13679 4365 345
1946,618 742 1420 9923 10178 1099 612 611 46 287
1947,11648 1111 7934 8650 11649 221 6185 11650 1227 6172
1948,11654 11651 11652 5411 1102 1306 3800 8599 4289 11653
1949,11655 3158 3307 8232 7224 4559 3321 4531 7104 4595
1950,7165 5711 8967 7166 1896 7167 12930 14237 6174 13762
1951,1320 4060 1779 6363 6362 9192 1321 6361 1778 6360
1952,2431 11656 11591 7871 7523 11657 9611 9883 12138 7704
1953,5828 4987 4887 150 148 2734 11658 11659 3237 3236
1954,3055 6158 11660 7884 7885 614 6512 11661 604 2563
1955,8176 8707 11664 11663 5464 11662 8706 13098 13091 13088
1956,11668 11667 11666 5107 8162 11366 3414 7216 8824 12199
1957,4865 2519 2493 4770 10273 1392 8940 2707 4497 9221
1958,3990 9181 6980 11670 8433 11669 10711 9741 8047 7621
1959,3821 11671 4255 278 8660 661 5247 226 2675 279
1960,8956 11679 11682 11678 11674 11677 11681 11675 4810 4811
1961,49 2498 40 1993 4085 585 651 1964 2132 4766
1962,6785 2800 9660 6477 11688 11305 11687 11686 8291 9395
1963,5791 11690 8843 11689 8340 751 5270 3832 3439 9336
1964,6364 11691 1826 9192 1320 2375 6363 4413 2371 7554
1965,8887 11692 11693 8886 14093 8911 8908 7529 12694 14050
1966,11697 11695 11694 11696 11698 11195 8560 11366 2248 6829
1967,466 163 775 464 790 749 6959 7038 11699 2711
1968,11701 11702 11232 3781 11700 7962 1926 1728 9650 11274
1969,8255 8254 11703 8253 4778 5568 3407 8476 2624 6431
1970,203 3127 11705 1546 7483 6934 6377 11706 6244 5323
1971,3555 7420 6645 1231 4238 1393 3185 3916 4251 4216
1972,2732 5255 7165 11708 7166 6435 11075 10152 4750 6763
1973,5898 11711 304 9976 7405 7174 10167 8555 11029 10621
1974,11713 3390 4143 5458 1015 1077 3352 7646 2063 3740
1975,169 4973 8473 712 4854 7846 5984 8952 149 466
1976,11714 11715 11716 1635 1996 8088 6101 13944 13721 5331
1977,9917 2516 5307 5989 69 10016 9168 6916 86 5281
1978,1660 5022 5621 11720 11584 3945 11192 2952 1659 1658
1979,7758 6899 9903 6889 4350 3459 8972 9915 9121 1960
1980,7527 2346 10166 7143 9277 5969 5819 7145 169 11366
1981,4416 7058 8443 2876 10099 10075 1828 4602 11531 9755
1982,7249 10056 8341 405 8731 6415 2742 2820 4515 15199
1983,11725 15145 2853 14545 11366 13885 12850 14238 11405 3055
1984,11726 2973 2975 2974 2964 2966 2968 2972 2970 2976
1985,3699 3705 6029 5083 11727 3250 1450 1452 6026 1206
1986,1809 7529 11729 11728 11730 7478 8887 9997 7539 7980
1987,1067 1051 1014 5343 6336 222 2318 1076 1080 3820
1988,6780 11732 5206 11238 11731 11733 3369 2054 8604 6781
1989,3359 3931 5386 3318 11734 4876 1785 10972 3827 1433
1990,736 8699 689 2239 695 11735 11736 6021 1417 795
1991,2869 1778 5449 2883 2890 7404 2884 5448 9646 11723
1992,11663 11664 4261 18 11175 611 315 7004 19 3293
1993,1522 4563 11744 4562 11742 11743 561 3089 4561 4564
1994,769 3222 1568 5155 1447 3223 10378 1803 743 3399
1995,323 1684 870 424 1404 4225 559 4198 3856 6997
1996,2221 3262 11747 11627 5195 6304 3034 2482 5850 1576
1997,3262 11627 5195 8892 13052 2742 13735 11747 2560 10356
1998,1737 8984 26 196 3527 5046 3734 9985 1280 194
1999,1320 1778 6363 9192 6361 1321 1779 6362 4060 2375
2000,2614 2741 1166 2742 2820 3465 3464 1532 5998 405
2001,3153 2239 7344 10176 698 3479 9149 8365 3167 11750
2002,3237 4887 3236 4891 4913 7561 3234 4916 3235 2484
2003,2614 2820 3465 2742 1166 1532 405 12426 5998 8907
2004,6483 11756 10907 990 3659 10107 7019 7677 9092 11327
2005,4080 777 2838 6749 4079 149 3908 1804 478 846
2006,2448 216 1993 4085 126 9249 11550 8201 7915 11759
2007,2711 11761 6008 6680 466 6007 794 163 821 3811
2008,11763 8816 11764 13547 11765 13549 11021 6393 2590 11888
2009,11766 13397 13045 11967 13396 11984 11366 3055 10715 8999
2010,3604 7177 11371 11767 12850 4656 5563 9032 4657 7116
2011,1015 4143 1077 11713 5458 1065 1054 1053 1062 1042
2012,1001 7065 5689 7096 11057 11768 6703 3803 10858 1445
2013,7389 1905 3882 8071 11548 11918 8811 7098 9686 3960
2014,7209 11769 14864 12479 14863 12081 561 10063 4837 1179
2015,323 7482 707 8931 9593 5769 8470 873 3811 466
2016,1119 9393 3428 8021 11770 5244 9895 2843 8870 1121
2017,994 5140 4178 1191 5147 10170 8622 7718 7830 5169
2018,7985 3489 11773 11774 7721 9327 12861 11611 7172 6181
2019,1354 1003 2875 1866 3688 3846 10843 4138 1355 7065
2020,1320 1778 4139 7062 11777 2371 6847 4060 3001 2375
2021,350 9531 7770 4484 1421 3602 3945 12347 9181 8241
2022,3667 9536 11778 9535 7075 7065 7078 1003 3416 3074
2023,11779 8839 11781 5126 7659 7660 11782 11780 5676 5010
2024,209 1761 10631 10645 12342 1568 12710 6327 7122 219
2025,6477 2699 8921 11786 3285 6619 11409 5700 9885 5716
2026,1001 8760 4136 11788 3888 11438 333 8604 14319 7062
2027,4229 7037 1062 6260 3539 1077 1059 1030 1049 7036
2028,8178 11791 11334 996 5291 8171 8169 8175 8174 8173
2029,11795 7273 7269 11793 11792 986 10002 4304 9674 8527
2030,11796 900 7948 6240 6174 3878 906 1844 9807 1728
2031,1826 4416 3843 6364 11802 11797 11801 5662 1158 3845
2032,4031 139 5490 462 5489 848 768 5027 251 9046
2033,1011 1859 1141 5449 11808 11805 1135 11806 7056 4625
2034,2457 2677 890 11809 583 3752 11810 476 661 1686
2035,4635 9719 5822 6791 2480 120 122 8180 6470 11813
2036,234 235 1617 1619 1618 1621 1622 3213 1620 611
2037,5946 203 5733 7210 8258 5166 9974 11815 5396 8942
2038,2375 2372 2371 2379 11347 1320 11816 9968 4060 1778
2039,794 11817 11818 4934 2067 4027 2105 11360 8935 462
2040,304 3807 11819 12771 10167 7405 11711 9976 6066 3809
2041,323 873 1688 3930 9278 11726 11820 4419 912 1414
2042,11821 8398 6713 3150 1345 7391 4798 1023 9123 2953
2043,11829 11823 11828 11826 11825 11831 1900 11827 11833 2716
2044,1963 4188 2762 4858 1100 6017 879 769 775 163
2045,3811 323 769 1206 228 4474 10347 6005 1728 3181
2046,5296 6843 6845 6840 6841 8613 6844 6846 6842 5291
2047,4127 11836 2558 12034 4408 323 2484 8196 7631 12852
2048,11838 9688 9679 11837 4492 9550 1419 3466 8671 7286
2049,4416 4414 1826 1007 89 1158 3000 3843 2876 7098
2050,11840 6510 11842 6513 11841 11839 10658 7168 2731 3522
2051,9249 6987 5742 9648 11844 11843 1237 5342 4972 5423
2052,11847 11845 11846 12367 12369 12368 5255 6397 13045 13046
2053,6706 10098 10096 7098 10097 10099 7099 7059 6364 11366
2054,9434 9432 9431 7086 9433 11366 13885 6572 12850 626
2055,3891 10277 2402 9517 7583 10948 10954 10945 7249 7791
2056,6785 1846 4450 1845 8114 1700 8122 9808 11848 7219
2057,6806 8513 7554 7427 14083 8514 5447 5687 5163 12378
2058,1222 7936 6692 11574 4747 11241 10737 10374 4358 1837
2059,6622 10753 4449 11852 11807 1084 8551 13892 10857 8258
2060,2717 2075 1195 1388 11853 10317 4374 10005 417 10319
2061,9249 1385 7310 5418 10663 8856 3310 10300 7928 4007
2062,3348 121 8350 2477 8273 10648 1110 11323 7531 4427
2063,4056 2663 11854 1635 4057 4058 2662 8214 13944 3566
2064,578 464 419 2000 2453 476 775 794 788 466
2065,1733 9082 2099 6828 6870 11652 4325 241 5411 2225
2066,2165 8442 11855 478 2570 4071 1347 2526 6441 549
2067,1394 2305 9248 6822 2067 687 10471 2312 1212 11050
2068,11856 7260 4535 4533 10289 8839 11779 13130 1731 4731
2069,4332 11858 5933 4331 5924 9559 13021 7738 12625 9354
2070,11861 11859 11860 7776 9782 5991 475 14609 9787 8892
2071,11830 2826 1484 3748 1103 10762 7417 3539 1038 1280
2072,11866 11863 11867 7995 11865 8823 9091 11864 5076 3714
2073,9826 3671 7934 11639 11869 9103 5157 3669 6781 6251
2074,4505 10308 8431 8433 11870 7357 5488 595 10241 6689
2075,8911 8908 8910 8912 8909 11693 8886 8913 5942 8887
2076,994 876 1673 11871 11872 4965 7941 6074 10943 6271
2077,11740 618 9565 6801 737 6592 2458 9389 588 7829
2078,2372 4036 5450 3842 10843 10752 4609 2375 4138 11347
2079,5299 2910 7925 11745 6466 8747 7730 5305 4845 3714
2080,2781 3248 4422 5400 1811 11193 4326 3632 7834 7958
2081,1050 4131 3351 4975 2826 1080 1038 9956 222 3758
2082,11874 5503 11875 5501 11940 10703 11637 4369 5505 5502
2083,40 3404 2493 7517 11876 10152 2547 7521 11408 6916
2084,2820 2815 2742 1166 3465 12426 2614 405 1535 3464
2085,5044 8972 11606 5236 11882 2806 10176 7758 6899 9924
2086,11883 7678 11884 12025 15163 53 2391 14566 11911 3841
2087,7098 3882 11548 7099 10995 10989 10628 1905 1826 10099
2088,10605 7757 1634 13800 13801 13802 13803 11680 10079 11366
2089,11885 2907 11886 2649 11888 9942 11887 9708 1115 12155
2090,4787 11447 2921 2918 569 2924 10050 1263 5584 6296
2091,10067 9628 10068 9399 9625 7554 10070 10069 9645 8540
2092,1136 9536 7215 4692 7065 11892 7553 3667 11891 4596
2093,5998 11899 6990 2614 2742 1532 11897 8810 2741 11898
2094,2781 11836 3191 7519 3202 7901 3186 8953 3204 2460
2095,773 518 11465 7039 9619 8601 5720 2213 3917 764
2096,2357 1086 2353 6591 4147 875 3531 2826 10516 3358
2097,2709 9570 5043 8223 10417 1647 5550 9876 9993 2701
2098,4154 11901 11900 11366 3055 10715 8999 13842 611 4350
2099,424 4845 2960 3458 2585 11902 10564 2571 6143 6342
2100,9484 256 11903 4770 6204 10273 8857 376 10436 5509
2101,2809 1283 1623 11830 175 11906 7417 1484 4879 11827
2102,11908 11907 13841 9387 9973 13770 14533 13842 4458 9768
2103,3043 5096 3044 3984 3749 8445 1752 2560 3403 2270
2104,11796 11912 11911 11909 717 11910 12442 12444 12443 12445
2105,1452 176 3697 3015 1579 1566 2057 4380 4501 5069
2106,7803 7802 2728 6146 12081 7801 2898 3087 1267 9696
2107,363 49 3403 5748 2958 11915 11916 2141 7153 9773
2108,1732 2781 2933 10473 2938 848 1686 8948 13048 2934
2109,4060 8982 11922 11921 9080 10628 6805 11923 10991 8517
2110,5325 6617 6909 6540 3920 1896 6621 5486 399 6619
2111,11928 11929 11927 11282 11926 300 236 10677 316 5805
2112,5906 2175 2582 10583 5150 11931 1757 8740 3848 4360
2113,149 2457 778 805 3682 10477 824 6193 813 4869
2114,4972 3109 3340 190 2071 5210 5790 5100 3532 1056
2115,4 778 3100 1239 6920 2772 3574 1218 6641 4868
2116,3147 2629 997 7339 2630 2628 1461 3344 4942 4547
2117,323 800 1209 7143 11934 2457 879 3588 5422 182
2118,11906 4 5236 1817 5397 9916 11935 5278 2101 180
2119,7401 7253 11940 11637 10703 11875 11421 9018 3793 9017
2120,5972 10169 4382 3135 7003 9002 4383 1516 794 3468
2121,1294 2786 1633 478 1293 11941 11943 9345 11093 1637
2122,3498 7644 3659 1118 7645 11229 1626 10107 1250 226
2123,1165 2742 1533 2744 1166 2820 2741 1532 3465 13327
2124,1462 11946 1464 1465 1461 1463 1395 11366 3055 7749
2125,1001 1320 6363 1321 9194 2996 4060 9192 1779 6362
2126,11947 11948 3838 7755 7754 7756 11205 11426 13627 7352
2127,1011 4687 7427 1317 1001 4134 4132 1719 4688 4138
2128,1768 11250 10882 2530 8569 3224 3934 831 6194 11576
2129,2210 1282 8896 3169 6132 8892 2207 10464 9519 391
2130,3055 6897 3823 11126 8999 53 8369 1367 6895 3019
2131,1880 11754 23 7726 2549 2739 1532 10965 11739 1879
2132,11956 8471 1800 7746 3837 13464 13637 10839 8452 7173
2133,3055 11126 8999 8369 53 1367 7116 8370 15062 15061
2134,6892 9405 6903 10155 6908 6900 5001 11958 3726 11577
2135,2375 4132 4687 2371 1320 4688 4060 9192 1779 1778
2136,1568 3556 3697 433 5728 8745 414 9884 8457 10908
2137,3811 287 2319 10347 1649 618 2309 686 769 323
2138,686 4031 4441 1396 7482 6047 237 11960 11741 10415
2139,656 7100 6500 1400 7099 982 297 7070 466 2023
2140,11964 1679 6226 2722 11962 11961 1680 9475 11743 11963
2141,11968 7349 11967 8323 4701 11969 7351 12566 4670 4699
2142,11970 120 1338 11136 3359 5209 2488 5220 5822 4898
2143,11971 10401 10402 11388 11389 9150 6652 3656 11972 5316
2144,383 385 386 102 3579 6332 8499 11977 9020 611
2145,8988 11190 3935 9274 10459 482 8445 6869 2220 6563
2146,4350 5788 3428 1840 9226 11979 6884 8033 6952 4530
2147,3274 119 2610 5822 352 3316 6927 3359 2480 88
2148,4223 3100 3555 8704 2784 4219 3712 3916 4235 466
2149,11981 11982 6930 6726 4586 2444 4728 5036 5851 5953
2150,7215 2886 10989 11987 11988 4707 2371 5845 7099 1354
2151,11991 11990 11992 11366 13885 12850 14238 11405 14538 726
2152,618 612 9544 188 6948 11993 11727 6086 3526 2790
2153,11995 11999 12000 7823 11998 11013 5932 1372 11996 1494
2154,7716 4902 10540 5814 8776 5742 7131 8247 11480 12855
2155,323 873 163 2448 7697 463 2750 760 128 3250
2156,1261 1260 5858 3857 8291 4457 1259 1266 13460 7893
2157,1529 12007 2614 12006 2820 2742 3465 12426 5998 405
2158,3085 5447 1318 1724 2869 10199 1826 2881 4139 1003
2159,8423 12009 4968 12010 12011 14202 12048 8117 14064 10468
2160,3811 794 12015 6155 5085 495 541 9042 12013 2130
2161,5135 12018 9188 6863 9360 7923 9802 10480 9203 11094
2162,8802 3570 10014 100 7324 3569 111 14605 14604 8999
2163,841 10301 1233 3773 2773 12021 10299 6644 10298 8875
2164,626 1746 2979 12025 5498 12024 8928 5382 7605 11575
2165,8898 2721 4478 3509 4067 9848 4469 4500 992 5589
2166,11648 6586 11274 1111 8430 6228 8153 1856 1731 3781
2167,12027 6414 12028 7393 2614 6282 7224 15038 12842 1740
2168,8761 9123 7333 12842 7908 9074 15038 1543 9812 2820
2169,576 563 12029 5204 7401 5358 2288 6836 5485 3852
2170,323 794 476 6045 4764 1213 787 5580 12031 5972
2171,5299 5033 5065 473 5073 5072 5067 5034 4366 5029
2172,2314 3155 6640 3143 331 7296 2762 11965 9600 3519
2173,4901 4905 12018 9499 3237 4900 4638 4913 3236 4891
2174,6621 7939 5885 7987 12033 6619 6622 4753 5486 7986
2175,3359 1074 8246 9181 6561 2472 12034 8492 2480 3317
2176,6589 11288 12036 12035 1479 14674 7719 10224 2422 12885
2177,7302 12037 13285 4966 10123 127 11366 3055 10715 8999
2178,7641 12041 12039 9836 8236 7895 11839 2845 1716 3859
2179,1213 870 787 4085 5972 6411 797 7958 803 2456
2180,5596 2221 964 7403 3683 7400 9044 4278 1766 11904
2181,687 2460 1963 4857 757 4765 9567 4206 6367 12043
2182,3242 5793 5426 1793 11075 8978 705 4568 2732 4569
2183,3602 6054 170 5210 11073 9703 7139 1411 12045 4979
2184,9693 2348 12046 10231 6677 11083 7388 11296 3299 4322
2185,1728 12047 7379 1713 11700 7571 9966 5621 12049 12048
2186,1239 2068 4183 8790 8858 1238 466 4194 4235 4217
2187,611 3131 12051 466 3811 2755 12050 169 843 149
2188,12056 11366 3055 10715 8999 611 4426 53 2820 1166
2189,1826 7554 12058 5854 7065 8980 7015 12057 5857 9479
2190,12062 10362 12060 12064 9040 3340 12063 10563 2695 2330
2191,4883 3238 4899 4882 7558 3380 8624 3009 8627 3010
2192,11111 6990 12070 4791 14803 9784 11822 4514 1532 9788
2193,4132 4687 4688 12080 12074 12072 12077 7074 12071 7077
2194,169 2309 745 2262 5958 5957 1252 3811 149 5961
2195,12081 7625 12082 2982 7104 3861 11375 1629 6541 13358
2196,7002 7658 12083 14911 14143 10765 13137 15059 8027 9189
2197,4635 2480 5828 4987 2495 6890 3872 4815 11443 5835
2198,3811 879 1737 3546 3544 1051 10710 4398 4462 5980
2199,1320 2375 2371 4060 1778 6363 6362 1321 6364 1319
2200,3465 2614 2820 2742 6417 1532 1166 8709 405 1323
2201,10169 12085 12084 15192 866 12543 9588 740 5641 12766
2202,5917 5904 3771 578 632 12086 437 6638 11149 1951
2203,7805 2556 4261 8855 4846 12087 4847 9774 2582 373
2204,6327 7782 12088 12090 12089 6844 6331 6840 13218 6841
2205,5281 742 56 10140 7465 2523 7549 2509 2026 7726
2206,8215 8096 13 1996 1883 1635 8216 2662 12092 12091
2207,10542 239 8617 12093 5974 1184 8544 11113 14381 1183
2208,12095 8654 10301 3773 9388 12023 1453 3258 7420 6026
2209,11956 3594 7173 3598 3595 3599 3596 13464 13221 8452
2210,3377 6300 466 9496 5217 7317 6304 88 7561 4637
2211,5898 11029 3980 10592 13032 7408 6772 10002 7405 11711
2212,2614 2742 3465 2741 2820 5998 1532 1166 1165 405
2213,8882 2657 2206 4852 10481 7154 4352 4455 4426 2501
2214,12099 5514 5944 12100 5943 4575 11048 2807 11750 3493
2215,5036 12101 8993 3771 10981 12134 10977 14156 14414 9297
2216,1476 8603 1495 12002 7198 3147 4076 10759 9457 2740
2217,3019 7544 4332 5328 9202 8315 2444 5377 12103 11652
2218,5574 10551 12106 2553 9481 9927 9926 392 12109 9901
2219,12112 12116 12119 12118 12115 12124 12125 12123 12113 12111
2220,3153 522 7551 9680 8666 173 12127 2250 2245 6438
2221,4350 2556 5096 10265 9337 627 6496 3857 3823 6497
2222,46 5141 5151 3805 104 12132 866 5304 11672 12133
2223,1877 4410 12135 8859 6835 8004 1876 1875 8519 14623
2224,10148 8119 8842 11590 10151 12136 8118 12137 8228 10146
2225,2457 385 38 5237 3971 7466 611 476 661 149
2226,3887 11642 9458 12156 10701 9294 1840 3665 1987 6493
2227,163 1397 3553 3048 9527 11167 7616 3517 4776 4199
2228,12139 12140 11719 116 575 12141 3814 3533 6946 4903
2229,687 3186 6367 7412 3037 7507 2460 1648 686 466
2230,3487 1268 4941 7106 4488 10870 1978 10638 3321 1592
2231,1721 715 11085 12145 12143 12146 12148 12147 7743 12144
2232,1011 5687 10899 7427 10199 5447 4134 7057 12332 1721
2233,7292 10408 9502 1473 7938 10409 3998 1471 5788 3665
2234,331 3155 3143 11752 9936 6040 3168 2460 421 686
2235,1779 7785 5535 9548 12151 1320 9192 4060 6362 6363
2236,1371 1369 12153 6815 4318 12152 9498 2407 3524 2698
2237,4181 12021 4194 580 10298 7696 11950 5045 11760 10908
2238,9393 12154 1119 7527 12155 4466 12157 12158 6109 4695
2239,3118 12161 12162 1680 8234 6629 11475 6540 3999 7978
2240,873 771 2675 5544 2500 8189 9259 323 686 149
2241,8971 3244 12163 3240 101 5956 873 3243 3294 9061
2242,5725 11235 774 171 12164 9620 10163 12254 466 3811
2243,9552 12165 286 9253 2952 3802 13369 14161 7702 10372
2244,3316 3348 5822 3325 3350 4917 4223 3831 4918 8949
2245,2875 2874 9751 7817 3668 7554 4135 4138 4139 2869
2246,1798 12166 1961 11168 3252 4994 3175 9196 819 2026
2247,4474 8190 7954 4469 3811 1433 46 2721 7977 11959
2248,4031 778 5079 1345 4223 4217 1967 4188 7501 10474
2249,1447 6032 770 6967 1382 10649 2448 611 3033 769
2250,2457 1302 5466 11113 4478 12168 10239 476 661 7364
2251,7716 11480 9359 3 12170 12169 12918 10540 5753 56
2252,3105 11811 7088 4223 9153 795 1506 3289 504 10402
2253,12171 10057 9289 6412 8274 14377 12615 9077 12227 1541
2254,1586 6647 12175 12174 10296 10309 5551 5068 5553 8703
2255,1053 1038 1016 1076 1080 3539 4369 1014 3296 3543
2256,3829 1936 5357 1592 4696 3771 2280 10051 1876 8884
2257,2448 7697 7696 182 1569 4757 6028 6013 2829 7497
2258,3896 12182 9350 12179 9032 8825 5349 8102 12181 12180
2259,3380 12184 4564 4566 13382 14370 8349 9118 1886 12645
2260,9610 1130 7760 8086 7306 7322 3795 8999 3379 8635
2261,2826 10762 12186 9457 1295 2825 10275 5836 1419 1871
2262,1896 6620 639 12187 2108 6616 5486 399 6622 6609
2263,3602 8397 7544 9365 6526 11330 8396 9260 1630 8475
2264,12192 10129 9081 12193 503 10617 1865 5680 5455 12191
2265,2422 2421 3661 567 4787 7953 12196 9438 2859 2414
2266,6153 6154 6152 6150 3945 350 2637 8692 8280 2354
2267,2869 8824 12199 8162 3414 4139 11668 7216 7427 12001
2268,12202 8718 9019 10504 11080 4996 5348 9002 11242 5313
2269,46 1300 12205 6825 2538 2026 618 169 611 64
2270,6761 11358 9393 4971 9392 9239 11359 5244 12207 5243
2271,7077 6847 12209 12211 398 12210 10461 13785 5449 9194
2272,879 775 2762 7504 889 323 466 794 873 871
2273,7518 7809 6770 7808 9823 4309 6501 12212 6837 10034
2274,11073 9702 3278 7828 9703 3311 7380 14215 3309 9345
2275,753 8021 6621 12213 11742 7896 4796 1124 1431 1122
2276,12217 12214 1794 12215 10197 10194 1365 1941 12216 1792
2277,12218 8746 4546 3512 6937 3069 6475 3071 8437 12219
2278,8127 12224 12225 8459 15188 8122 14006 8123 13968 13566
2279,661 1230 3700 3487 1243 3698 3709 3697 598 1231
2280,5096 4302 2270 7295 11915 5748 9349 12510 3043 9340
2281,10431 638 3888 12227 8378 12226 8231 1125 8380 10243
2282,323 4130 10510 873 1206 466 3811 879 794 2133
2283,870 207 3191 5612 8953 11250 2781 7958 466 3202
2284,6169 10349 12228 6164 3671 10350 10352 11438 3672 7625
2285,12230 11366 13885 3055 12850 2742 692 7719 2346 6483
2286,8861 8680 2275 5922 11757 14028 7652 14027 5659 8684
2287,12231 9581 957 3947 9183 12232 9742 390 12233 5737
2288,12236 8688 263 7954 12235 12005 12859 14167 262 10252
2289,12240 7785 12239 12238 11891 11436 12241 11225 12242 12237
2290,2643 2642 2646 2647 6126 2640 2639 2644 2648 2649
2291,3834 3280 1285 12018 1760 8273 8053 1501 1161 2473
2292,1480 5360 2116 197 11706 9049 7390 885 7469 4489
2293,11345 46 3441 9049 5768 921 9981 5769 7679 4
2294,4212 4219 1234 6024 10478 5977 10474 5181 4218 4184
2295,5255 1895 1894 1893 6763 2729 12552 2393 14420 2274
2296,2159 852 323 172 12053 454 10241 5321 1797 2367
2297,10584 12247 12248 12249 5640 716 12252 12251 12250 7999
2298,3170 9174 9172 3171 9173 10715 8399 13173 13174 13172
2299,5688 5036 8851 10134 9297 2252 6574 3085 7217 6826
2300,12255 12257 11641 12260 12258 7217 12256 4604 11437 11436
2301,1568 4 3556 753 4474 3258 1433 9388 9447 3322
2302,2375 6364 4138 11802 12262 7102 9746 8980 4401 11798
2303,6476 6785 8575 6244 6520 10810 12082 7651 6886 10716
2304,2739 10456 4696 3012 4705 12265 2005 3775 633 2275
2305,508 1051 1067 1076 12267 2297 8294 5863 2879 863
2306,1997 12268 2668 1996 12949 12092 8216 14041 3716 2665
2307,7249 5365 6415 12269 4073 2830 5745 7783 6115 11033
2308,3749 10459 2215 11256 5022 2357 8185 9523 11584 3531
2309,2741 11112 2742 2614 1532 5998 1165 11365 2820 7395
2310,9781 12273 12272 611 4669 96 178 10078 6901 9587
2311,12274 12182 12275 8757 8634 8663 13608 4643 14772 12093
2312,1721 8152 4403 9751 3075 8161 4597 4599 4135 1011
2313,630 6259 7115 12547 9223 3019 6220 4541 14448 6248
2314,9441 9601 2059 6711 12278 12176 285 1507 9598 5126
2315,10634 9937 3502 12279 5493 42 12972 13797 2658 7488
2316,2767 1192 6575 4180 7417 12280 461 323 1202 466
2317,4313 12281 2405 4121 14390 198 12441 12443 12444 1765
2318,12283 12284 3914 4160 11366 3055 13885 12850 10715 14238
2319,4865 12097 3695 7780 4174 8950 3879 1555 6679 5308
2320,3112 3739 1097 6910 3115 2692 6870 578 3114 2293
2321,12290 12289 13381 12293 12292 12288 12291 12675 12674 8270
2322,7812 7813 6175 12295 12294 4263 4012 7811 7668 777
2323,3319 3378 5825 6300 7317 125 3356 3302 294 7329
2324,7504 2259 12297 4180 8004 2260 5206 757 1987 11366
2325,12299 12300 10971 12887 12520 5399 1933 12892 11366 6572
2326,45 4017 8999 3055 9119 3019 108 1368 10494 7116
2327,12301 12302 6353 2741 4514 13349 2814 3465 4516 13734
2328,9610 1130 7306 8086 7760 8999 10553 2160 1287 13388
2329,3242 2650 10632 10633 11701 8373 12303 9275 705 11702
2330,8982 4407 5667 10988 1721 7554 4132 8159 10627 6805
2331,5096 244 2802 8179 7733 4195 4122 5097 9349 9024
2332,12306 1096 12307 3734 1085 2736 2257 12305 7212 9275
2333,476 3945 1213 6833 2935 698 10295 442 836 6088
2334,186 8315 4915 5820 4916 4913 3359 3302 2484 9669
2335,8508 1742 12313 12311 2636 12312 7753 10723 9760 1343
2336,3443 5688 10258 12317 6063 8044 9891 4554 3111 12318
2337,601 8433 10308 7357 5488 8658 7821 83 9439 10885
2338,12047 7379 5580 1713 1728 10044 12319 11029 7929 2446
2339,10857 10753 12322 10747 10590 10855 2891 11807 1003 3000
2340,11115 6693 8426 5205 10052 13696 7529 8144 6697 6694
2341,3811 769 686 466 2703 873 687 169 149 323
2342,3067 1070 12323 13166 12900 12899 10260 14194 14195 3065
2343,794 879 5067 3223 7958 5186 9947 5034 6386 7928
2344,4360 1169 8203 7250 10064 707 5978 6159 13766 4964
2345,7946 9824 7711 11708 9398 6058 12326 2732 6763 10152
2346,4320 10492 10498 7088 10495 9986 2993 3337 9579 10493
2347,10572 1103 2101 10571 1484 12327 2764 3766 11904 10142
2348,12329 12328 8712 14664 12266 529 3578 7236 13318 12832
2349,2869 1826 1354 7427 10199 11347 4134 4139 5447 7057
2350,4666 12330 4667 11366 3055 10715 8999 2130 611 4631
2351,6719 4899 12331 3238 7558 4883 3237 4900 6718 6717
2352,1011 1721 7057 12332 8541 7222 12333 9235 4138 9851
2353,12335 11366 3055 10715 8999 611 1011 4426 53 2820
2354,4905 9660 9499 2800 12336 3717 10678 4901 4900 4638
2355,9781 10370 3471 10371 1334 1181 12337 6908 2580 6901
2356,6303 12339 6467 12338 2263 2273 14569 8250 11366 692
2357,12344 12346 11597 10061 1222 7585 12342 2315 12341 7299
2358,3242 4045 4569 2955 6880 605 7267 1195 11484 631
2359,4841 9531 9181 12347 10661 10649 1043 9185 6980 6561
2360,7554 4139 2875 9625 10069 8848 12350 12348 1010 10068
2361,4964 5896 9226 5897 10122 12352 10337 9103 9806 12351
2362,4235 2779 4238 2774 3708 4004 4349 5595 6044 4194
2363,12355 12356 11523 12357 11342 13110 13108 13109 8518 7647
2364,1329 2290 4083 3810 12359 12358 6086 12360 5434 1854
2365,4454 11090 12361 7247 11681 12019 13632 6087 14355 3494
2366,10456 1953 10721 12265 11200 14071 13399 10722 2015 1954
2367,9249 1544 12362 3114 2795 7310 1883 14226 9770 873
2368,1269 11189 12363 9826 10867 2982 12131 6335 230 6329
2369,12366 1 12365 14659 5565 13072 14034 6819 11425 14664
2370,1136 1145 3085 12369 12367 12368 2996 11099 9437 1144
2371,11140 7829 8935 6700 1284 11960 8782 9087 425 10909
2372,12372 6076 11467 8986 2942 5955 12373 11105 11771 1945
2373,3971 4178 1491 322 1402 10614 323 10170 611 1406
2374,4688 9626 5848 396 9753 12374 9628 6736 9757 400
2375,1011 1136 4596 3085 1145 4138 12378 5686 11434 1344
2376,5954 12379 4860 559 11117 2256 12380 4417 10138 5322
2377,10381 2148 11424 9 11235 5961 5957 1589 7338 774
2378,5424 2071 12382 7644 11175 2393 1687 6817 4805 12063
2379,12009 12386 12387 12388 4968 8423 692 14202 12059 11894
2380,1003 10508 12391 11354 10565 6852 12392 12390 12389 4843
2381,2133 1686 4031 1206 2767 4085 1460 878 3645 10100
2382,12394 12398 12393 12397 12396 12395 12399 7914 11671 7570
2383,9686 5735 7389 15019 3923 12128 11930 5733 5736 5731
2384,12402 12401 12400 3889 5395 7806 5706 5485 3113 10788
2385,873 149 2309 12403 12304 11789 6141 1392 3891 11380
2386,476 12128 7194 752 373 175 3201 7800 3373 3254
2387,4465 5197 2699 692 6498 5196 6097 6627 6628 1110
2388,8892 2556 3407 8894 624 6329 11953 12406 2033 8670
2389,7940 1374 4068 6183 5157 8114 12939 1837 6171 4962
2390,1136 10088 3666 1145 1146 7215 1721 5686 3074 1354
2391,611 12408 12414 12415 12416 12413 12412 12411 12409 12418
2392,12419 11366 3055 10715 8999 611 692 4426 53 2820
2393,1997 1996 12949 12092 8216 8215 8629 2668 11095 8214
2394,5096 5097 9349 11481 837 12420 5509 7731 9337 11482
2395,11705 5796 9590 12421 9496 9588 4245 8565 2299 666
2396,8887 10184 7529 11693 8886 11730 7527 11692 14093 5819
2397,2457 5050 3926 10357 9710 2781 476 1686 661 3931
2398,4056 1181 2591 2663 14527 4058 11366 14528 7663 4057
2399,12422 983 6786 460 2363 964 4295 2238 12325 7614
2400,778 9390 3472 6920 1685 4937 8763 4946 9468 4246
2401,3771 3829 5357 5036 692 1936 14426 4824 5356 3770
2402,3479 666 7483 9149 11705 3048 7286 4245 5796 667
2403,7946 7781 1912 14319 8760 10183 7780 11708 7711 7782
2404,2614 2742 2820 3465 5998 1532 2741 405 1166 1165
2405,4229 6260 7644 7645 5502 196 3740 3296 1049 5852
2406,2739 870 5580 6897 40 1646 1488 12427 869 9595
2407,2635 10560 2634 7647 10561 2632 5364 2633 1173 228
2408,3079 6362 3077 3075 6703 3076 1320 6704 6361 1319
2409,3359 5827 8923 9109 3380 3302 12430 2484 5220 5394
2410,3903 4766 44 3899 3901 692 7452 1058 13412 5952
2411,6623 6162 12432 13070 6781 9805 1864 1663 9810 1844
2412,323 466 794 476 3100 1648 795 788 5580 797
2413,611 2556 12435 12436 12434 8846 48 4016 12433 6522
2414,12437 12194 7980 11729 2286 9996 5255 11730 13733 9837
2415,3577 6980 7633 12327 7399 9609 9181 12438 11707 9744
2416,10023 11712 8135 14281 4273 7978 13419 5447 4596 4973
2417,10095 10934 7467 1132 10798 4398 708 7738 11961 7680
2418,2133 3458 8995 10217 11745 9152 323 1569 5016 1206
2419,3862 9849 9954 230 12865 7382 8619 5902 6176 13782
2420,12441 12443 12445 12444 12442 11909 2405 2619 12808 12809
2421,11162 459 9689 6370 7503 814 3224 3987 3934 5272
2422,12455 12450 12457 12454 12453 12452 12458 12451 7318 12456
2423,12459 11145 8844 2991 3388 12890 574 6305 3654 5886
2424,7940 6280 11968 29 7349 4068 6183 5157 8114 4701
2425,1753 12460 12461 5895 1352 7940 4068 11177 6782 10363
2426,4902 1079 8553 738 12462 3967 4777 2063 1014 8552
2427,9826 6173 11218 1971 5511 11344 6537 11219 3671 7141
2428,12308 12463 5736 856 713 6064 7515 9801 5879 1625
2429,12467 11077 726 5771 3538 5505 10275 6336 12465 1267
2430,796 5508 4785 11924 775 5545 6919 4220 794 12013
2431,4753 6477 6750 6618 5897 9225 11432 4964 4962 399
2432,8892 12471 575 5570 12474 12472 11410 12473 4838 4409
2433,4263 9317 7812 7813 410 10515 9046 6440 3633 11874
2434,12478 5802 7477 12477 12476 11043 7480 692 11047 8250
2435,12480 12479 10447 10779 10446 11769 2614 12869 12557 7489
2436,2916 9072 12482 9029 1191 13719 412 4367 11312 2919
2437,12484 7526 6658 854 2287 5179 2286 1594 4535 5199
2438,2309 876 3691 1305 2283 11161 12203 3811 169 873
2439,2614 2742 3465 2820 1532 5998 4836 1323 1529 2741
2440,5299 3403 2498 661 6897 9281 48 12487 10662 5438
2441,12424 3942 8125 10357 12489 5594 8821 5603 139 10894
2442,3491 9138 3490 3489 13776 13777 8115 13778 11366 3055
2443,3321 10471 3283 3307 9248 3487 1033 1567 1978 1737
2444,8921 4696 8687 10194 12492 6597 1845 1365 10196 10809
2445,64 1286 7926 4205 1090 2575 6914 998 9282 10718
2446,6973 12493 2863 7137 3899 2328 7138 3545 4637 3377
2447,6046 6583 12494 9693 5853 6044 11159 1646 3678 466
2448,5297 10262 12495 12496 1293 5510 5378 621 9714 606
2449,687 1444 3396 8473 12017 12497 3725 686 323 2460
2450,12499 5878 12498 10450 13979 9543 12719 14091 13171 13795
2451,6361 4599 7077 5449 6847 6806 10698 1320 3674 4060
2452,10041 12508 12505 6571 12507 12503 11046 12506 12500 11918
2453,986 5123 9890 2279 9811 7861 7248 7239 6266 5755
2454,1320 1779 6362 9192 6363 1319 1321 4060 1778 6361
2455,3525 10761 5099 2693 5100 2697 1513 16 2358 2695
2456,2439 10151 8298 1655 13392 8335 3878 8842 5385 5384
2457,618 7115 10642 10256 5923 5347 3982 10336 1755 612
2458,529 10731 10657 11267 10963 4836 7236 1527 538 2959
2459,5475 4192 5941 481 9413 9416 9411 5433 7299 5577
2460,323 10710 9171 4476 2922 9274 7589 375 9095 466
2461,8068 7289 3140 3153 8559 9563 6302 3121 8062 4736
2462,5574 392 9907 2487 9930 9908 9905 10013 9901 181
2463,226 11975 4255 5502 3551 2993 5862 2736 7645 3286
2464,12520 12524 9556 12263 2839 12522 12523 12519 12518 12521
2465,1791 12529 12530 1794 1790 1789 1788 11366 1792 1793
2466,2750 12531 2428 12532 3110 12533 12046 12382 10209 4571
2467,12500 10041 8811 5192 8805 4329 12534 8809 8808 13441
2468,5073 5072 5033 5067 5029 3313 5034 5065 4366 167
2469,6537 2650 12536 11218 3665 12748 11219 13828 6245 14181
2470,3980 11263 12400 11636 10030 12537 10467 7672 7810 11264
2471,646 12539 9546 12540 12538 12543 12541 7353 12542 5771
2472,611 873 478 775 6575 242 969 5807 4089 2252
2473,431 12545 4018 9470 9473 4019 10764 9200 8299 9018
2474,5887 1893 5237 1585 8515 2346 6296 8471 5986 3837
2475,3911 4979 10598 253 7139 1602 3546 2297 3543 10143
2476,4603 12548 2877 7554 2875 9967 4139 1721 3085 4596
2477,2903 2902 2895 2904 5969 2907 2905 2257 2906 2909
2478,1452 7697 2764 4821 3039 4235 9318 6596 9062 871
2479,1872 12550 9438 8036 13773 13407 13772 9198 1873 8478
2480,1003 4037 12551 11528 10073 4035 1011 1317 8477 5673
2481,12555 18 4512 12552 12554 5428 1249 3751 3352 2414
2482,2869 12558 4599 2891 7554 7065 3616 8477 8020 8868
2483,169 12563 3945 5022 11584 1684 12341 4973 3156 10102
2484,10715 5190 10266 2341 9935 4832 52 8999 1351 14286
2485,6785 7349 12566 11968 7351 2439 4670 12564 4065 12565
2486,8661 391 9581 2954 819 1402 8689 10585 6073 9089
2487,12569 12571 7821 5946 9426 5166 12570 8741 2115 11815
2488,6520 12572 8575 10810 6886 6476 8112 5353 6685 12779
2489,2739 4406 12573 8083 5719 12233 611 3404 7717 4437
2490,169 2309 685 3214 466 686 149 3811 873 745
2491,11970 8335 9117 7127 184 12575 11058 11814 4878 7322
2492,1161 1501 3280 3727 4348 164 2470 3398 3359 5209
2493,49 9773 11919 3403 5748 9467 3599 12666 10540 3043
2494,769 6577 5577 3033 8268 2448 323 3222 3811 466
2495,8258 4449 12577 8864 12030 9224 9743 3440 11852 9720
2496,4964 11602 4560 5896 4073 4753 5895 4561 9228 4710
2497,687 3662 1033 10672 2737 686 2460 3294 12840 4351
2498,1074 3317 11980 7968 2677 5832 5720 2097 12579 4340
2499,794 796 3100 3556 3678 4230 797 5928 10161 1284
2500,611 5754 11561 11556 151 11562 152 12581 12583 158
2501,7951 6781 11034 12587 4068 11177 6171 6782 3669 6181
2502,4688 4132 4687 12589 8406 1317 4138 3083 4135 9753
2503,2448 3820 194 10128 1080 222 3351 10645 2117 5060
2504,10249 385 2210 9519 4295 7917 6768 7226 5109 5257
2505,5352 11796 1366 7976 11356 12590 11616 10188 1845 15189
2506,8314 7555 8311 8315 8336 8313 8312 10732 8301 11392
2507,10102 1049 3215 10625 2329 3216 11654 7021 1626 3286
2508,2616 3076 8443 10354 10577 8608 4324 2341 10740 3079
2509,10594 484 12591 6965 10032 2098 4022 8519 4479 12873
2510,323 9249 3173 585 3164 3708 3740 3750 12592 9521
2511,10210 8427 4875 3257 7265 4874 5267 10111 12546 4873
2512,163 2133 10966 1684 2632 6033 4262 504 9322 1649
2513,2153 2513 10213 12109 1348 2511 3157 8748 10480 2521
2514,2767 1686 2139 11761 6651 1796 5094 3477 128 6436
2515,12459 5023 8471 277 2268 12432 3848 10619 9403 2673
2516,769 9391 10572 1452 10571 1969 1443 2776 11905 1817
2517,11097 2556 2960 385 6762 8080 8079 4845 12593 10528
2518,12596 12599 12598 12595 6589 12600 12597 7715 6491 1479
2519,6761 7262 11358 9239 11359 9393 1380 6622 9392 11366
2520,11004 12601 12602 8168 3558 4909 11198 11202 11039 13720
2521,8999 12605 45 1368 2130 12604 9119 837 12603 7006
2522,4220 1446 980 796 794 1646 6213 4862 209 5079
2523,394 629 12606 13077 558 399 7276 8133 14667 7791
2524,739 14555 15147 14306 9054 14852 3790 3021 7491 11255
2525,2375 2869 11347 2372 2379 7057 4413 2380 2371 12608
2526,873 169 2262 9528 12610 9092 9618 7768 5366 2747
2527,2839 11114 4470 3506 12611 14065 2840 3265 9807 267
2528,8376 3993 2858 5982 11378 12612 3900 11285 10708 6981
2529,8902 6140 12615 10872 9575 12613 12619 8099 12618 12616
2530,10461 4626 6556 3083 9194 7077 2869 7554 1354 11624
2531,7633 3577 127 12620 6033 6178 635 11216 12621 4003
2532,686 685 742 331 1404 848 422 9719 8890 5809
2533,9653 9397 9988 9396 10602 4821 10299 4483 3709 5068
2534,8208 1177 1837 8205 8207 2846 2894 4982 6628 12623
2535,12624 12625 8586 4652 9110 9559 11858 13021 7738 9354
2536,11306 11315 10251 12626 13559 14638 14238 8374 14572 14861
2537,1317 3442 7218 12629 8166 12630 9644 6811 5668 12628
2538,611 618 612 3195 3678 1641 3682 188 10820 2502
2539,11317 667 8970 1378 3620 3703 10505 7505 9216 7774
2540,1388 10225 6932 4030 6354 3220 6937 6933 6938 3133
2541,3811 7495 3501 1659 7301 3977 4467 12634 4557 2915
2542,46 3971 2117 3108 1281 2827 4992 4775 1032 3109
2543,12636 12635 11366 13885 3055 6572 12850 626 3452 8808
2544,1003 8477 7077 8443 4693 11723 5871 5536 2875 2891
2545,5851 368 6218 367 5850 2221 3499 13198 13197 5953
2546,12639 12638 11795 7273 7269 2302 8738 6518 10201 2299
2547,6162 6781 2847 6783 9103 9803 9810 8144 2849 7934
2548,4132 4687 4688 4138 7427 1001 1826 6364 1317 4134
2549,1883 12647 12068 12646 12310 12181 12648 12645 5627 12649
2550,2375 2371 1778 1320 4060 6361 9192 1779 6362 4606
2551,7532 12650 6766 12651 8507 12409 4631 10979 14644 13796
2552,11396 6801 7042 1280 8294 12652 11830 7454 3530 1737
2553,139 11410 4281 12654 10881 4839 10131 2764 3811 8966
2554,670 12656 12657 12655 4138 672 7554 10090 1719 10087
2555,5418 5416 5417 10663 6056 6214 5420 711 5419 8441
2556,10067 12661 12662 12664 12663 12660 12659 12658 1714 12078
2557,12665 11366 3055 10715 8999 611 4426 53 2820 13885
2558,383 2959 9781 4865 12667 9337 4669 6825 3406 2958
2559,6381 8352 12668 8935 7914 11243 1199 1615 6564 3336
2560,12669 4434 12670 3884 12537 3877 3883 14168 14582 6951
2561,12671 5345 12672 1475 8889 12743 2816 2814 11366 8892
2562,12291 12674 12290 12673 12675 12293 12292 12289 12179 12417
2563,9071 637 688 5498 11361 11407 11408 3012 11409 6483
2564,12676 12677 12678 10845 10844 14679 13703 13666 13001 1544
2565,5097 5305 39 5096 6890 2493 2529 68 5299 38
2566,12682 12683 10219 12679 8781 12681 12680 265 13666 2842
2567,3603 11606 12686 12687 1835 204 10902 8614 3609 11882
2568,12688 3521 11867 4833 9463 3978 10674 3382 9008 11864
2569,12691 12690 11366 3055 10715 8999 611 692 4426 53
2570,5588 11933 12395 10555 12267 3761 6891 9603 12692 223
2571,11773 7172 6525 11147 6504 6674 12694 12693 3533 4371
2572,6596 3518 8046 8763 10307 7680 10302 176 7696 7697
2573,2869 670 10087 10090 7215 672 7427 10088 671 7057
2574,5328 12695 2665 3568 8487 12696 1958 964 8213 12183
2575,12312 12697 11384 1543 9123 9812 12065 10980 10082 10723
2576,6211 1581 4785 13169 1969 1443 4739 5508 2174 4784
2577,3380 9118 3332 442 11715 3359 119 9669 3301 2495
2578,12699 12703 12705 12700 12704 12702 12701 12707 12706 12698
2579,3234 4823 3378 7499 5413 9184 295 11465 3235 3237
2580,2457 9849 1835 1833 6176 6427 7303 476 794 9954
2581,4924 12318 1683 11576 12709 2676 5455 12343 1949 2228
2582,611 2083 4663 2084 11370 2085 12711 4653 2156 4660
2583,6521 2917 7284 4378 11176 14088 14558 12513 2055 2926
2584,12274 12182 8757 13996 14772 8634 12179 2805 13608 14773
2585,2407 6815 1762 12712 12713 700 9219 3508 6035 3692
2586,5577 2588 1423 3467 2075 12714 11843 467 149 2077
2587,323 794 2656 10270 8948 9619 12715 12716 2052 476
2588,575 12717 8840 12234 13105 563 7937 8855 13384 8472
2589,1484 1750 11830 1477 5458 2360 1068 7417 1038 1103
2590,1677 8318 12718 7878 12925 5483 12923 12924 8032 12859
2591,575 353 6085 7046 12719 5174 12720 6842 6840 9658
2592,383 2067 4759 611 2294 794 2290 879 4756 618
2593,12722 10726 12721 12723 12464 8088 684 7673 13551 10501
2594,12732 7081 12731 12733 12738 12729 12730 11381 10629 12725
2595,323 445 201 3559 11089 3162 7276 873 466 794
2596,611 3213 40 2029 10421 651 3682 7238 10594 10477
2597,4780 3715 6064 3254 10718 6348 10656 9480 7290 8347
2598,9826 5782 7141 10255 3671 5781 11177 6782 1269 6171
2599,8825 12740 3804 12495 5349 14402 13925 3451 14401 6852
2600,3943 3909 3148 7391 12741 4893 3875 764 2334 3881
2601,8186 7989 545 2080 5947 3127 10234 10340 14820 724
2602,2742 2820 3465 2815 2614 1166 405 1165 1532 12426
2603,8842 2427 9974 10148 2426 10151 8229 10146 2432 10152
2604,11147 12623 11684 8496 11782 4424 6685 5899 13458 11758
2605,7065 9194 2876 9751 12209 7554 2869 3667 4135 4416
2606,12750 12751 12749 11366 3055 10715 8999 8168 611 7480
2607,4953 1577 7017 1565 1564 1576 14510 4952 14458 990
2608,5145 7415 9702 10763 12752 10334 11329 7416 3549 4976
2609,12753 11366 3055 5476 10715 8999 5477 1675 611 692
2610,11183 12754 12755 11181 11182 2689 12192 10114 913 4091
2611,1354 1357 1355 2369 2376 4060 4141 10365 2370 10366
2612,466 12759 2457 12758 5051 2600 11867 5477 2952 9551
2613,967 966 12761 961 12760 12762 3664 336 12763 10930
2614,5096 2957 12764 8817 3559 3796 797 6084 6029 12150
2615,6553 2880 3038 1357 4037 5449 14751 4413 9194 6432
2616,1963 10909 5001 3620 6957 11291 5062 6953 2312 7920
2617,2133 5725 8525 2323 2469 3811 323 4 1206 13050
2618,12765 9939 1147 11534 7694 1142 1139 1149 11140 12573
2619,5904 12085 7246 12766 5917 632 10125 12084 330 10169
2620,12769 12767 12768 9672 7988 2335 9675 9676 9674 918
2621,1796 9715 1443 3698 3036 4235 1452 9265 3697 598
2622,12778 12774 12771 12780 12773 12772 12775 12781 10877 4588
2623,687 7310 469 12784 1702 3257 7245 2460 686 794
2624,6601 4104 12549 4627 2065 2446 10232 821 7970 3101
2625,466 8995 7918 1395 205 12002 4032 476 686 323
2626,11164 4995 3335 3820 222 11301 3355 10236 12580 11750
2627,769 834 4257 830 6920 1978 778 3811 176 2448
2628,1868 12787 636 12788 8364 8346 10201 9942 10204 9606
2629,323 3937 5494 12790 12791 12789 696 466 873 1206
2630,3280 2059 3279 4420 2832 4435 4433 4432 1161 4429
2631,4534 7806 11792 12792 13814 7165 8216 7807 5485 5706
2632,6874 8284 185 3275 8288 1296 4880 8293 4877 8279
2633,5090 1408 8878 838 11170 5081 1201 5083 1252 748
2634,11813 896 6470 4920 2234 5275 9286 2561 10505 9975
2635,3441 3555 350 7955 4365 3702 2601 2735 772 4483
2636,1823 1821 1822 1827 1825 1824 1826 4457 1927 2866
2637,12795 12796 12798 12794 12799 9421 12800 3268 196 2879
2638,8607 1621 4865 5421 2497 2625 9467 9811 1289 6898
2639,687 2211 4736 6302 3383 2218 6242 932 425 9499
2640,1166 3465 404 1535 2820 405 2742 9784 2814 2614
2641,3415 12806 6733 7427 1011 9750 8822 1826 5863 3413
2642,5401 10781 6391 5402 1022 2587 7155 685 4951 10783
2643,1721 12441 12443 12445 12444 12442 11909 8152 12808 1723
2644,10056 981 6141 13038 7249 955 13037 13125 15242 8341
2645,829 983 7306 10308 3379 4343 10307 6689 10065 5544
2646,1840 11654 9226 2748 8424 3144 3781 6494 5788 7949
2647,149 169 651 1436 4225 171 2625 2838 5664 5942
2648,9899 9909 3159 6875 9929 10551 2027 3461 10342 9916
2649,2603 12814 3680 8270 1801 12996 10677 14627 3787 10346
2650,811 5151 7231 4189 12309 9089 7931 7836 2582 1198
2651,12815 1342 12818 6715 10248 12817 7866 12816 5785 5863
2652,323 2133 7570 4882 5001 12163 12570 466 3811 1206
2653,3403 5096 12820 12667 11035 10880 12821 12822 9773 3043
2654,795 2195 3513 2521 8463 6850 4185 9922 466 3510
2655,9809 12824 230 12249 1665 12524 5157 12248 10867 6619
2656,406 6326 12825 14812 14811 15032 1532 12502 14054 405
2657,3055 1018 1960 2480 1965 3505 10016 3723 4897 5734
2658,4455 620 12039 621 9714 5907 12040 606 7641 3070
2659,46 4437 131 10564 12173 12828 9243 4014 5218 10655
2660,12232 7681 3205 768 5054 957 12231 9581 390 9183
2661,10333 3513 1609 10438 1302 10530 2412 7345 6404 8584
2662,363 12829 11916 14981 2958 2141 618 15092 8307 3613
2663,323 3811 796 764 5315 828 2460 879 6919 1439
2664,6926 5484 6925 5470 5469 3469 5476 5637 5479 4922
2665,12835 12830 12834 12831 12832 12833 5159 5625 5160 6837
2666,3200 662 11173 466 618 8451 15065 251 5003 3223
2667,10381 11713 2148 1052 2799 6970 9297 10380 2205 4307
2668,12836 11366 3055 10715 8999 611 4426 53 2820 14555
2669,9470 9473 431 12837 905 1631 12838 4018 4019 2093
2670,2540 3329 6203 3316 3289 3339 3319 5207 5209 2488
2671,12589 7058 10099 10075 8443 4416 10990 1828 11348 7098
2672,6522 994 6523 1551 1799 12840 499 12434 12436 12435
2673,8761 7908 12842 3444 954 15038 12027 1740 7333 7393
2674,10974 3811 12581 12844 12843 4174 12845 6545 8837 169
2675,3811 765 5525 676 8483 686 2309 764 323 466
2676,10219 12846 10027 13776 11490 14725 11245 12679 14365 6090
2677,467 6216 1028 1423 4757 12847 12320 12084 1282 5971
2678,11732 3446 4723 13091 3961 13098 10666 3448 3450 13088
2679,12850 13885 11366 3280 2832 980 4420 12849 12851 14538
2680,1796 9715 2324 1879 12144 12852 1452 9265 4235 4761
2681,4180 10972 12853 169 1797 745 7504 10111 466 8413
2682,1648 11427 11426 4644 844 6053 11174 5071 2897 4642
2683,611 5998 383 7716 9321 2240 9694 12855 2135 12854
2684,12857 13294 8382 32 8504 1383 2130 11366 3055 10715
2685,9323 9324 1558 9830 1840 12860 12858 12236 12859 12220
2686,10197 4735 1365 10194 4361 10196 4734 4733 4737 10195
2687,10506 11143 10611 8385 11657 7406 2831 8821 7674 8322
2688,4059 2666 10980 1543 9123 9812 12312 2610 1635 2662
2689,9273 1564 1565 6374 9527 476 9322 2457 769 8193
2690,4381 12864 12863 13530 6670 13898 263 10593 11063 275
2691,7527 6226 12030 5767 6479 11592 6225 607 9224 5762
2692,9849 9954 8619 7382 12865 5902 3862 6176 7698 1686
2693,1011 1317 2996 4035 1141 9547 1135 5535 10913 12866
2694,12869 12867 12651 3591 5205 11592 2183 12482 12868 5337
2695,12870 12871 14381 8617 15109 13522 13525 2207 4588 8896
2696,2133 10240 11469 4278 6413 8611 7959 323 4291 7956
2697,12873 891 8519 8398 4022 12591 4798 10032 4026 8856
2698,8999 101 1367 7121 3083 91 3051 3052 7115 10651
2699,7524 8884 12878 5179 12879 6089 3591 6494 7525 7528
2700,611 7420 143 2761 2765 12042 10919 7724 74 3546
2701,1011 4138 4134 4137 4132 12882 8805 4687 12883 1354
2702,1901 12546 6597 891 6294 4281 6837 246 2458 4696
2703,775 167 982 12885 7100 6123 10589 12886 1391 12777
2704,12299 12887 10971 12300 13250 11775 13249 3490 9451 1524
2705,7168 8233 1590 12888 6946 11986 792 8237 10011 5156
2706,12459 5886 12890 3814 12891 13698 7705 13377 1176 13732
2707,6846 6845 6840 6844 6841 6843 3492 6842 4379 3609
2708,11303 8842 7523 10764 8843 2431 10148 2427 10151 9974
2709,1354 1011 1357 1355 11347 9851 674 6741 7057 12896
2710,10716 2654 6244 5353 2995 12898 5352 6685 12082 6785
2711,10729 9199 3982 4375 8472 2661 5955 9214 7375 9453
2712,3067 12899 12900 13166 14641 8084 10260 2404 14316 12276
2713,1354 1355 8542 4141 1357 9854 2369 2371 4138 2378
2714,6622 2706 10766 3304 12901 1744 13892 2108 2979 6189
2715,7086 12902 9431 9434 9432 9433 11366 3055 14033 10715
2716,12905 12906 12903 5430 11286 9517 7986 12904 2614 13409
2717,12907 4783 13592 10031 13591 4784 4794 4798 11366 4786
2718,1011 4134 9194 6705 5876 1318 1826 2869 1777 11347
2719,5299 6571 6474 5989 12501 10041 8808 12505 7730 8747
2720,5340 9832 7707 8958 12708 7706 7705 6803 6835 11526
2721,1002 11778 7056 1001 1011 3416 11347 1354 7075 1003
2722,3398 1329 4344 1161 3826 3881 3397 7798 1198 7561
2723,5022 11584 2258 7131 11750 2710 790 13100 13101 12563
2724,5819 4593 12910 11981 8887 4041 3090 7527 2954 10244
2725,4948 5380 221 1939 6782 6185 11648 1889 10035 7934
2726,11231 11232 560 10056 1529 14805 12854 13315 12820 11555
2727,8808 5193 10041 2816 12500 6571 1532 12501 8809 1534
2728,2614 2742 3465 12480 2820 1532 5998 1323 1529 12911
2729,3975 6727 10378 10376 10377 7764 743 11379 3174 12016
2730,12912 9538 1136 12378 12915 10590 12609 12914 12548 11639
2731,4037 6162 9810 1939 1522 1663 6783 9809 1665 2438
2732,9019 106 10178 7906 12016 5044 424 2802 3364 241
2733,4687 1011 4132 4688 1317 3083 6809 3442 9753 4138
2734,363 5748 2958 11915 11916 9340 2141 7153 5753 12918
2735,2295 10272 6839 6838 563 1679 13773 13772 4610 11964
2736,1665 9810 1662 9809 1663 2438 1939 6781 1522 12987
2737,9851 2378 10365 9236 12919 6553 10366 12920 1825 11625
2738,5215 3378 3319 6300 5217 5825 3377 10497 12922 4912
2739,1826 4416 2876 3843 2374 9850 4414 6364 3844 7554
2740,8318 7878 12925 12923 12718 12924 8032 6883 5111 9395
2741,4138 1719 10461 2373 7067 12929 9852 4132 4687 7057
2742,10000 2984 7165 12930 5714 12931 11594 1795 7166 13255
2743,1826 4414 7098 10995 4416 7099 4134 3843 6364 10199
2744,10461 7077 6847 12935 12934 12933 12932 4599 12735 4138
2745,3921 9203 6863 2923 9187 12018 7777 9802 9360 9188
2746,1001 10508 9636 9642 2996 7062 4316 9194 7554 9640
2747,1011 3443 12936 7217 4134 7215 4687 4132 12332 12376
2748,2371 2375 4132 4687 4688 1779 4060 4134 4606 1320
2749,13 12 15 14 11 22 9759 8096 13307 1
2750,363 3613 7691 7169 10049 12873 10725 3796 7049 2397
2751,6172 6171 8650 10714 12937 10363 12938 11649 12352 1851
2752,6725 6717 6718 6719 8517 693 8897 11405 3893 6710
2753,230 231 4455 12939 1116 6164 4948 11733 7478 3425
2754,6809 10953 7425 7554 2869 2875 7065 1826 2881 4135
2755,10318 12940 10313 10315 10319 10312 10314 10317 4529 5903
2756,12941 4806 4807 705 11854 3242 13198 2266 13197 11469
2757,3079 4402 3076 10858 12942 3077 6703 4403 2616 3078
2758,967 12944 12943 7655 977 3663 12761 966 12762 15052
2759,1011 2371 2375 1778 1321 4606 1320 4060 1322 5449
2760,4581 12946 11833 966 2196 4589 9880 15052 967 15054
2761,8882 4352 4852 10481 4455 2657 2206 10135 13018 6268
2762,1648 500 11014 466 476 879 3100 323 1803 788
2763,2439 6165 6887 12947 7880 7858 7651 13392 1939 4601
2764,1544 2795 12949 8288 14600 14791 1997 1996 12696 3572
2765,12735 10569 7077 10461 12725 10568 13785 10992 4599 1320
2766,12952 12958 12953 12956 12954 12955 12951 4334 12959 6250
2767,2145 8996 746 5831 5830 10895 2549 4845 2652 9013
2768,9667 5177 11790 12961 12962 10180 14410 9668 13101 5175
2769,5324 8592 12963 10086 14041 1954 12068 12612 14164 7825
2770,4358 1938 10188 12965 11356 1222 9652 1746 2908 7104
2771,2742 2741 1165 4516 2820 2614 1166 3465 5998 405
2772,1296 5043 5041 795 7904 5058 5055 8284 5437 4077
2773,11038 12969 2663 12968 12971 8629 12970 12967 12129 1129
2774,6516 9937 8766 12973 12972 8914 14095 4731 11249 11399
2775,383 3153 4286 4404 4395 1170 8715 611 324 4397
2776,3242 6228 4627 4569 3241 6070 4204 705 10232 989
2777,12977 3716 12975 10860 12974 5833 12976 7441 10084 8636
2778,12979 11366 3055 10715 8999 611 4426 53 2820 14555
2779,6670 9972 12980 14314 13530 12864 10466 10467 6629 8999
2780,1452 1796 1568 6317 9249 7696 1901 4820 1047 4761
2781,5889 6397 12982 6931 8980 7519 12983 11862 12579 6937
2782,11905 1836 5397 3577 11669 7053 10571 11707 11935 127
2783,7532 7539 9996 7536 6398 7537 1265 6483 7540 4631
2784,12985 2284 4932 10104 13667 10644 6784 3854 1174 14340
2785,4599 7366 5845 4403 4138 7427 2869 2375 7554 7215
2786,10011 7168 12986 14833 14667 2906 10869 1893 1590 7161
2787,9690 10264 11835 3507 3810 5764 7050 5677 7929 1737
2788,12988 9825 2420 11142 1593 10021 4694 2413 7210 6400
2789,5998 46 994 8635 1742 12992 12989 6719 12991 12165
2790,2820 5998 12426 2742 405 2614 1166 3465 2741 404
2791,4285 5604 7456 13057 5129 8675 2885 4403 14502 4485
2792,6971 4484 8241 2950 9531 9185 6980 8242 11905 8957
2793,1709 7098 10995 5537 7099 10994 10990 10989 1826 4145
2794,4345 12996 10155 8270 10135 12678 14412 13877 4910 2801
2795,4284 5237 9694 13039 13224 5792 5191 15025 611 85
2796,2375 11347 2379 2372 1916 2371 7056 1860 9853 1320
2797,10844 10845 12677 12495 11688 13000 13001 9102 1886 11205
2798,12479 12463 11153 13004 5879 1625 13046 9205 5970 14090
2799,405 1323 2815 2820 2742 1166 1535 2614 12426 3465
2800,7369 4335 3855 225 280 5183 3994 183 1041 3819
2801,9015 13009 13010 13011 13008 13316 13410 12903 13040 10917
2802,3811 46 11316 2739 13012 5415 13013 1485 13014 13015
2803,4352 6268 12417 13018 6269 8408 6276 12179 4657 12291
2804,2804 4648 4657 4646 4645 4647 4649 4650 4656 4652
2805,576 5358 13024 12383 13023 12597 11341 5357 12439 13643
2806,3097 9588 12421 8565 13025 13026 2900 9590 2504 14977
2807,1123 8471 13029 4388 13028 13027 9403 1521 399 5921
2808,1003 3667 10627 10461 5846 8982 11778 8542 3416 10753
2809,2086 3012 5564 13816 4641 5563 4644 4642 5566 9077
2810,2297 3937 1058 7283 4049 4981 1054 2733 1602 1055
2811,11779 8839 11856 10289 5126 11782 2074 13571 2921 7718
2812,13032 11029 10592 10343 5898 11943 9295 3028 9219 13263
2813,2294 2290 8418 12359 7341 2608 736 1192 13033 7402
2814,4371 6525 5296 1910 8613 5695 8357 13034 13035 399
2815,6433 5145 4976 1052 3222 1750 4049 2733 1054 7415
2816,10056 13037 13038 6141 1475 13125 7249 7071 8362 405
2817,3921 4841 7771 2118 12634 7304 8556 4126 7190 7777
2818,9015 13040 13039 13900 13008 10917 1883 13224 5331 14077
2819,231 3500 12481 8203 4933 7676 7886 8183 528 2320
2820,5502 3538 1098 2736 6376 5633 217 7458 9609 11476
2821,806 1835 3603 1833 811 8522 873 8621 1976 12686
2822,879 2764 871 323 466 8403 1901 2448 889 868
2823,234 1617 1619 1622 1620 1295 235 3727 2471 198
2824,9921 894 13042 570 255 9215 7285 2574 181 7758
2825,5886 13045 7712 13046 11983 6763 11846 3814 12038 6936
2826,3153 9680 1419 324 11200 11302 10484 9122 3552 10702
2827,10602 337 143 8651 9653 4353 9048 3210 1574 8672
2828,1540 10583 3496 10931 10930 2175 8263 15043 15042 8006
2829,1354 2371 1001 2375 2886 1355 1357 4138 7063 2369
2830,4608 10367 7076 5872 12058 4136 6737 2891 1824 13565
2831,2821 7694 11534 7691 9939 5408 6333 12483 8058 7695
2832,3222 9249 2079 10489 216 7310 2448 794 14663 1646
2833,5788 10941 1406 4705 13049 6507 6092 4170 9226 6493
2834,8525 13050 15169 14214 14213 15086 8020 14901 14209 692
2835,11140 10295 4486 7387 8113 661 4468 9966 11758 5376
2836,7562 2667 12616 7558 8899 7557 7563 6279 14515 6101
2837,2742 8892 2614 2820 405 1165 5998 3262 1166 13327
2838,11271 7345 9010 8711 10364 10660 7514 204 6436 10585
2839,2869 4035 10072 10073 10071 8645 11420 4037 3442 7215
2840,9853 6432 2014 4598 4574 4599 1357 2371 6360 11347
2841,4406 11070 1693 6938 8083 5622 10433 6022 9014 2457
2842,488 4236 1584 611 495 163 4204 10884 769 12042
2843,2653 6106 2608 15248 8999 2609 1858 6116 2607 11126
2844,1354 4138 1357 6553 1355 2371 2369 4132 2378 2014
2845,8808 5935 5193 10041 11111 1532 2816 13635 14328 1475
2846,8488 2637 11919 7188 5522 9773 14925 49 14741 13612
2847,1859 12551 1860 5673 11120 1858 12756 12734 13992 8477
2848,7825 3568 9032 12173 13738 5326 12179 5328 3482 9350
2849,10591 3841 13056 13526 11366 11959 14519 8256 14213 13838
2850,11583 11627 12422 12509 7675 3262 1475 8892 15199 13125
2851,2113 9563 518 5460 13058 7616 11465 3055 6063 3550
2852,12745 13059 13248 1166 404 10525 12744 2742 10260 11366
2853,1011 2996 4604 8542 2980 13060 1001 6807 7427 4134
2854,3771 970 443 5364 3132 4396 3770 873 5036 466
2855,2003 10832 260 13061 10850 4537 5391 6189 4542 7015
2856,6364 4134 6191 5059 7094 12168 12536 868 11333 1826
2857,7837 5040 5054 12360 5061 1460 4159 7291 9261 5956
2858,4857 2961 2463 466 686 169 149 4081 9567 2460
2859,1011 11347 12332 10365 4141 5671 6320 12729 1354 1357
2860,8899 7562 2667 13064 4883 9358 3567 9572 10979 11544
2861,12685 1554 12684 11689 13068 10427 9137 13403 11249 2840
2862,6623 13070 11177 6226 2627 13069 11592 2166 7739 1864
2863,9348 2789 13072 13071 13073 11472 13946 2788 14232 8215
2864,10 8711 2207 3948 8709 551 8710 9145 11271 2597
2865,13076 12914 13075 1001 13237 9746 7216 4328 12915 5449
2866,11115 5205 8426 6693 5204 4033 5466 1451 10052 8144
2867,611 873 794 149 476 618 687 4 2067 2290
2868,1001 6364 4413 8443 12644 2371 9192 1826 1320 7554
2869,5299 10359 6579 7800 8747 6575 1419 10356 7730 3945
2870,12459 13079 13080 13078 10983 11366 11603 5886 13177 12577
2871,11899 13082 13081 1532 2614 2820 5998 405 3464 6990
2872,1052 5505 7645 507 13083 4976 6433 7644 5502 6987
2873,2101 7266 6151 6150 5777 6154 6153 6152 6149 3636
2874,1750 3115 2751 8721 8939 2692 6433 196 2691 2360
2875,3526 11474 10902 11073 7828 5343 8292 11565 3541 1096
2876,13091 13098 13088 13087 13090 13096 13092 13089 13093 13085
2877,5022 11584 2669 13101 13100 987 13099 1256 3156 2671
2878,13103 12521 13104 11783 13102 265 267 14182 12519 14837
2879,3237 1371 4887 3238 4883 3234 7561 4899 7559 1370
2880,2250 11088 10864 1612 9471 5063 9157 8925 7930 1816
2881,7704 11656 12138 2431 8118 2432 10188 11085 10151 10119
2882,10729 9180 13105 2032 13236 12717 11266 6185 13668 3852
2883,5297 13106 13107 11337 1561 4528 12496 13403 7469 14177
2884,11347 2379 7056 11224 11225 11625 4145 2375 10747 2372
2885,7206 9855 9856 7207 2954 7205 3522 5819 7208 7209
2886,13109 8518 13110 11342 13108 12351 7647 9505 11925 12355
2887,314 9934 6128 12816 1342 12818 6715 3717 12817 7866
2888,9650 7625 9655 7628 8059 5617 6883 6252 5934 7294
2889,7215 7427 3083 10627 1771 4687 2869 11347 7554 4132
2890,11347 13111 13112 2379 2375 9853 7215 2372 4599 2371
2891,10976 4718 13114 10085 8275 5554 10695 4713 3896 8216
2892,2117 1017 10885 1035 3291 1032 1034 8065 3971 10139
2893,2112 11135 11401 12640 1523 14888 460 9409 2111 9410
2894,7217 12936 5531 5688 9664 1773 10807 1000 1704 5854
2895,3559 8823 9651 3584 6135 14005 9561 3602 3162 201
2896,1711 9967 1709 12332 12548 1710 1151 1723 5129 5667
2897,12520 13116 14725 12892 14171 12683 11620 13719 3858 13845
2898,9901 9911 8376 5574 9927 12517 7157 12811 6900 7372
2899,10715 79 7129 2142 7130 13891 52 14840 11045 1960
2900,2614 2742 2815 2820 3465 1532 5998 1166 405 360
2901,1958 13118 3536 1885 13001 7916 14787 5785 13907 12695
2902,169 745 1252 4180 1095 6648 2309 5958 2262 5957
2903,878 11758 4249 2133 5051 126 5055 4031 5376 6192
2904,7539 6398 13120 2905 13121 12383 808 11129 13123 6389
2905,9784 4515 1532 2820 8826 405 2742 3465 2741 404
2906,8058 5405 5023 9199 7408 13729 10277 13728 7229 12483
2907,3494 9182 9409 7178 5827 3822 9410 7138 2483 2488
2908,2989 4310 13125 2695 372 2988 15242 2676 6433 7071
2909,2820 2742 1166 12426 2614 405 3465 1535 1165 3464
2910,6433 5424 2071 17 7133 1687 1052 4976 3528 189
2911,8766 11399 12972 14199 12973 6221 75 8411 4703 6516
2912,618 794 3500 1798 13129 2311 10486 5243 10017 737
2913,9441 13130 2909 9601 1507 5685 6711 12278 11856 10809
2914,7855 9895 6236 7853 6784 9892 4753 13416 10941 13131
2915,578 4757 3753 12362 1808 13132 3114 9343 8397 10920
2916,170 8819 5398 4243 2102 7001 794 1834 4245 1811
2917,114 11070 10503 11586 611 2029 1367 8999 3055 5301
2918,7217 3443 4692 12936 1704 1136 7215 6363 5854 4690
2919,9035 10806 4866 97 611 10479 63 10283 2554 9524
2920,8999 3055 7132 7116 7134 7125 12810 1367 3022 11184
2921,6622 12938 13137 7950 12587 12363 6685 12588 12354 6544
2922,11763 13142 13141 13547 11764 2946 7530 11765 1669 12248
2923,10571 5397 10572 11669 13143 11905 3990 3991 11707 2101
2924,2520 2150 6871 4866 9321 2547 6088 8996 6878 715
2925,9613 2212 12812 6429 2217 6424 138 2785 10487 11485
2926,7783 2017 13144 7249 8977 2015 6415 5365 5745 9372
2927,639 13145 915 4009 12187 638 6620 642 927 1896
2928,13158 13157 13149 13159 13147 13150 13155 13153 13148 13152
2929,12172 2833 13160 8646 5628 15165 10918 12582 1703 8244
2930,12808 8026 13014 9128 2451 8029 4630 8885 4632 1064
2931,13161 476 149 478 10141 8573 1213 824 7418 1071
2932,2067 2294 2290 8418 12359 98 2293 4106 12801 2860
2933,11439 13164 13165 13163 11438 11436 11434 11435 1721 5440
2934,13166 9360 3067 10260 9361 10562 8735 14217 14407 7923
2935,11957 13168 10460 10670 2687 3504 11623 8670 8837 1686
2936,795 1219 794 4223 323 466 1798 736 4769 789
2937,1581 7829 4739 13169 4785 6211 4734 4733 4737 10585
2938,6685 12928 12927 5157 8968 12567 13170 12082 10870 6257
2939,42 5493 10634 7613 10173 3502 9937 7488 12279 3190
2940,10715 13174 13173 13172 3170 11963 9214 8138 8999 15190
2941,5917 5904 6228 6086 1677 632 10125 5483 5157 5900
2942,5196 2705 7001 2008 8409 2699 6160 4940 5197 5577
2943,6622 2979 9809 2985 10767 13892 1665 9810 2108 2438
2944,13177 7409 4629 4628 7541 9843 13770 7264 13771 12809
2945,2869 4687 4132 1001 4688 9194 4138 3083 7427 4134
2946,5788 6494 6493 4962 9661 9226 13179 6505 5157 13070
2947,4687 4132 4688 1317 3083 7427 1777 4138 7057 1011
2948,2371 2375 6361 2372 5845 4606 2369 9853 1320 1779
2949,2820 12426 1529 13187 1166 2742 405 2614 3465 4514
2950,529 8841 6287 538 7236 10731 4836 6282 536 7333
2951,12081 11769 6772 1179 7209 12479 358 10001 10002 14384
2952,771 3195 6206 6207 11479 13190 3678 1641 611 3055
2953,7890 4962 10425 4753 8041 11622 1928 13191 11871 12351
2954,13193 13194 12231 10930 1540 8263 12322 12060 1839 11366
2955,8725 10187 13195 7200 10186 5347 8467 11366 13885 6572
2956,4132 4037 4687 4688 1771 4138 1317 7427 3083 1011
2957,13198 13197 7518 4806 7808 13199 1672 10446 1648 368
2958,9874 3854 13110 9869 8784 4794 8840 1878 563 8529
2959,2742 2614 2820 405 5998 3465 1166 2822 1532 12426
2960,4139 1321 4600 11225 9756 1320 6363 1778 2371 4060
2961,9682 908 6170 13204 11395 62 10118 12468 6782 6181
2962,6183 6173 6171 1665 6187 1123 13206 4069 9477 13205
2963,1840 9226 7980 3980 2914 13207 9837 7949 1115 9835
2964,2869 4135 10627 9751 8982 6804 10953 10991 5672 13209
2965,3526 2700 13211 3412 9713 13210 12990 3411 1016 5343
2966,13214 13215 5023 5601 13213 13217 13216 77 691 13838
2967,12088 5694 13218 12090 5692 5697 5693 12089 5691 7782
2968,10064 8111 8381 3400 13308 10130 1934 1169 13989 8379
2969,5199 13221 12840 13220 10157 1983 2944 13942 13696 12351
2970,5718 4872 6012 4 4765 686 6034 2457 7044 6025
2971,4962 7940 1753 1352 4753 5157 4068 13191 4964 6183
2972,1011 6364 12334 8153 13223 4134 1826 2869 9192 1721
2973,4284 13039 13224 9694 12793 13040 13835 5792 15025 9015
2974,13106 4528 11337 5297 13107 4527 4522 4525 4520 4526
2975,13226 8785 13225 12490 6464 1025 11321 5652 7960 4523
2976,11076 1327 6730 9838 12550 9198 8478 5899 2732 11074
2977,2869 1317 4037 11528 7366 4687 1011 7427 4688 4132
2978,3811 4977 13228 3820 9602 1687 8404 148 1039 175
2979,5601 7254 4309 10105 2418 12554 11845 7018 6501 7543
2980,8360 13229 8359 8357 8358 11366 692 13885 3055 12850
2981,11964 1679 1681 6226 2722 9475 10272 1680 5264 6850
2982,787 1331 1213 476 794 10731 10730 435 1417 466
2983,2869 1719 8443 11889 7057 1001 4138 7215 10992 4413
2984,5447 9749 5688 10199 1011 5687 7554 2875 4139 6806
2985,10002 13230 12861 6772 9327 13706 10003 9510 5898 10001
2986,2614 1532 2742 3465 2820 11899 8906 6351 12007 13235
2987,7651 11533 10719 10810 6165 1934 1665 11788 6780 9806
2988,11266 9180 13236 13105 11366 10729 2032 5444 10808 14831
2989,4753 1939 11896 4962 6544 4964 7855 6494 10941 14279
2990,11020 13117 6936 14420 13045 7356 6923 5886 6937 7712
2991,10199 5447 5687 7427 10899 1011 7554 1826 4139 2875
2992,7099 10995 12259 7098 10989 7215 2881 10996 6067 10628
2993,13241 13237 13240 13238 13239 14170 13767 11891 12914 13076
2994,13243 13242 3055 10715 8999 611 11366 4426 53 14555
2995,404 12426 2820 1166 405 13245 1532 2742 13244 1535
2996,1704 9755 6733 7102 7217 6737 8822 3415 6363 11802
2997,1884 12997 13247 13246 13433 13432 5407 13929 1885 10976
2998,529 10731 4836 538 7236 4840 2614 526 11410 10963
2999,3810 7050 7929 10264 5580 10171 15000 14356 3811 5592
3000,13032 10343 11943 10592 11029 10344 10345 717 10346 10724
3001,13248 10525 12745 12426 13701 13059 13672 10260 2742 6351
3002,3553 5368 954 5371 3242 5374 211 8999 618 3811
3003,3490 13250 12887 9451 11775 13249 1524 9450 9452 9449
3004,13255 13253 9395 13252 13251 13254 4551 7262 15131 10000
3005,10086 5324 12068 7825 12647 12963 9032 3568 2899 2093
3006,7217 6363 1704 1429 1320 1321 4060 6362 6361 9194
3007,12480 9566 7859 2614 6101 13945 9076 1883 7 10779
3008,10413 13258 1225 904 1224 10412 8929 6777 12891 1971
3009,4284 85 10496 5792 5191 13207 9433 13039 13224 7663
3010,1166 3464 2820 3463 11052 405 2742 1535 3465 2614
3011,13261 7905 4512 3766 5458 3352 1271 3751 10617 1081
3012,1918 7726 2527 2529 7732 2511 2522 5305 6890 2519
3013,625 2139 5177 3642 11072 8604 13262 10660 4292 11169
3014,13264 1078 5706 3942 476 6018 2838 11844 11086 2457
3015,5246 6477 2699 9996 7169 7171 1265 4465 13267 13266
3016,169 618 686 764 7717 773 5719 1404 4441 4857
3017,241 11652 9082 5411 6870 149 11229 3006 10671 8610
3018,11474 3410 5549 8292 4008 3526 10902 11565 3412 3411
3019,4127 9849 7631 9954 2457 466 6176 7633 1204 4788
3020,2869 4132 1354 4688 4687 9853 8166 9753 4138 3083
3021,2741 2742 13271 5998 2614 1165 12426 2820 1166 1529
3022,3359 3349 13273 3301 119 88 3316 5822 4898 186
3023,10347 7409 2427 10898 619 3630 683 1414 3811 8842
3024,13276 10798 13277 2681 13737 5210 11799 6786 2227 10934
3025,12519 13279 13278 13280 12527 9823 10253 11248 12926 14065
3026,7014 7015 3486 13282 9412 9307 9406 7013 11273 13556
3027,5863 3845 9644 7818 3843 9745 2873 1860 4599 9755
3028,529 7236 12329 11410 538 10731 6940 4836 536 13300
3029,13283 11366 3055 10715 8999 611 4426 53 2820 14555
3030,5880 13284 10773 10776 10775 10770 7999 11616 10772 11619
3031,12437 92 12194 8999 9996 15064 15134 11729 14420 2286
3032,2869 2371 1357 2369 1354 2375 5846 40 7404 11347
3033,11405 4135 13286 726 14136 692 11403 11402 14512 693
3034,7625 3671 7745 3421 3672 7628 2060 3669 9650 6159
3035,149 764 4870 8945 781 128 13287 6210 9046 11086
3036,2010 11022 642 2011 13684 13681 9407 9814 9084 640
3037,1317 7427 4037 4596 3442 1828 1724 5667 1775 10987
3038,13302 13300 13291 13292 13289 13299 13293 13298 13295 13288
3039,11405 12480 8212 3011 3565 10900 13306 726 14136 692
3040,13 13307 11631 9759 12 8096 8095 15 14 11
3041,9340 8621 11917 5748 11915 12855 5753 12510 2958 8811
3042,4605 2891 13308 7553 2957 1009 8504 11722 9639 8164
3043,5191 2026 4284 2516 9925 2514 11876 3598 69 837
3044,10373 10372 155 10371 156 5679 10370 153 4396 3595
3045,12573 8056 5203 9976 8555 2560 6390 149 5719 11685
3046,13310 25 13311 13309 10879 1132 10878 715 1131 10123
3047,152 5754 11561 151 11556 8870 8528 8728 10411 7685
3048,6725 5365 8517 3400 6130 6717 6718 693 6719 7249
3049,12820 13315 10880 13314 12821 8362 11555 12905 12667 528
3050,2067 287 5229 618 1740 2294 10347 2290 625 611
3051,618 3403 3404 2067 3044 71 9337 6114 3405 158
3052,2959 5787 5786 3403 7000 1381 2652 12667 5186 7246
3053,4839 12654 538 4844 10881 4835 4281 11410 4837 139
3054,11111 4791 8869 13320 13319 5935 13321 12070 11822 6990
3055,2814 12671 12743 1535 2742 2815 3465 405 4514 2820
3056,2820 2742 1166 2614 12426 3465 405 1165 1535 6350
3057,1532 12426 2820 4330 2742 2614 405 1166 404 13005
3058,2614 2742 3465 1166 2820 4515 1532 13327 405 1165
3059,1532 2614 13234 6993 2742 11897 11112 3465 13328 2820
3060,2959 5732 555 2042 10732 12667 3403 3400 3394 3391
3061,1532 2741 8892 4330 8904 2742 405 13335 1325 13333
3062,2742 2741 2614 2820 5998 1165 3465 1166 405 1532
3063,5998 4515 7686 2614 2742 13339 2304 13338 13340 312
3064,5998 873 2614 2742 2744 7686 2741 2508 11913 3465
3065,7249 2959 7229 405 15199 6415 8731 2958 2742 8817
3066,7824 8300 10528 1955 14043 6790 14395 6789 11256 2742
3067,12426 2820 12070 405 12744 1166 404 2742 1323 1535
3068,4515 408 2820 1532 2742 405 9784 2614 2741 2744
3069,2614 1323 2742 3465 2820 405 1532 5998 1166 1529
3070,8761 13343 7333 12842 2820 7908 9123 14138 9074 15038
3071,404 1166 2820 405 12426 1532 9791 3465 9784 2742
3072,2820 1165 2742 1166 405 12007 3465 8904 2614 1532
3073,1535 1166 11524 405 2820 13005 13346 2742 12426 13348
3074,478 2133 1752 10280 6897 11972 1054 4863 2722 8500
3075,2614 2742 3465 2820 5998 1532 2741 1165 1166 405
3076,1532 1323 9784 2614 8904 405 2820 3465 2742 11112
3077,404 9784 9791 1166 1532 2820 9793 12426 405 3465
3078,13200 11392 2820 405 1167 12007 1168 1532 2614 3465
3079,13355 8726 8629 5516 8728 14785 405 14114 8729 11366
3080,1165 2742 7393 12027 2820 1166 6282 1532 2741 13327
3081,12380 11788 8528 1671 13357 13356 2742 1166 13629 2820
3082,2820 2614 405 2742 3465 1166 1323 1532 12426 5998
3083,5929 5935 8534 8735 15129 8736 13430 8808 5924 14880
3084,9682 9655 6187 5713 7939 13358 3952 4169 9805 6528
3085,1475 2314 4591 1500 11965 13318 9465 11330 3322 8892
3086,1996 9079 11714 1997 8215 1635 11715 12949 8216 1536
3087,7215 2881 7099 10995 7095 7098 2869 3085 5845 10627
3088,13362 13363 993 9946 12384 991 1289 1965 2136 9158
3089,11347 2379 9853 2375 2372 5845 2380 2869 7215 2371
3090,1665 6781 6780 1852 13365 13366 9809 9810 9803 6783
3091,2086 11039 6376 6568 875 12180 5427 138 228 12187
3092,5199 10443 10444 6094 13368 2850 10442 7888 13942 5920
3093,7702 9552 13369 3802 7701 11613 11612 11614 12147 6
3094,3415 4402 9664 10936 9750 1154 1721 7427 6734 8822
3095,873 3811 149 618 169 4385 5368 13373 5752 13372
3096,13376 13374 13375 13131 3484 8989 1718 4569 1720 3242
3097,13359 13378 11967 12965 7328 709 11642 4275 11603 3847
3098,9751 4136 10953 5367 7055 4135 8164 6737 8165 4608
3099,13379 686 5959 2152 10357 4256 4284 3122 1198 2555
3100,2137 10892 11212 14511 8589 12694 11692 6434 42 8240
3101,11145 3388 6305 3387 8844 12459 575 4101 11141 2644
3102,1826 3415 8468 4414 3843 4416 6364 4134 7427 10199
3103,1011 4039 13380 4134 4035 4138 12332 11537 7057 2880
3104,12290 12292 12293 13381 12289 12675 13382 12645 9348 12183
3105,12437 9996 12194 7980 11729 2286 7539 1265 9824 3004
3106,7527 6228 9539 10717 7568 11274 10256 9699 1659 12561
3107,13386 9226 6494 4753 1840 7434 13387 6621 1666 4699
3108,1826 5450 4414 3843 4416 6364 2876 4134 10199 3844
3109,13388 11914 11126 14840 3063 10715 13937 75 12689 8587
3110,12617 5634 1128 1883 10037 8075 7231 12093 7909 1129
3111,12769 2335 7988 12768 12767 9672 11789 2344 2343 1692
3112,8785 13225 12490 13389 13094 11336 13226 1025 5652 6464
3113,5972 7346 4766 2490 4383 7863 11140 2559 9685 1964
3114,2342 3941 6371 3055 4259 2588 8193 8192 12002 6119
3115,12170 13126 2208 9822 13127 2820 14630 3787 8440 14629
3116,13394 13393 12576 6354 5248 10188 9682 13359 13391 13378
3117,10 9145 551 9146 8711 2207 676 3948 3939 8769
3118,11967 13396 11766 11984 13045 13397 5249 1122 1119 4701
3119,13398 6657 10647 6663 10403 6661 3656 6662 6656 6665
3120,1011 12802 4387 4134 7057 9851 12332 4687 11347 1862
3121,4787 4973 10050 169 2921 563 2288 10438 10435 7184
3122,1354 1721 4138 7554 4599 4403 8982 4402 5846 8152
3123,13030 11366 3055 10715 8999 611 4426 53 2820 13885
3124,13399 3897 12998 3896 3892 8486 5554 10456 13484 4909
3125,2102 5594 1083 2097 10555 12267 725 1807 13401 1836
3126,7212 7716 960 3048 10487 6377 6312 29 10691 12812
3127,4769 2913 757 1042 11081 6983 9888 1203 7958 1060
3128,3428 4350 9393 1119 3427 13068 12155 13405 13403 9623
3129,1872 13408 10316 3639 13407 13772 12550 13773 12555 14521
3130,4447 13409 10680 14196 14195 8316 14353 14329 10678 5570
3131,13009 13010 13011 13316 13410 12903 13008 9015 12905 13455
3132,2013 3113 4803 10107 10104 10103 10109 6396 7718 861
3133,13411 11008 3608 7154 58 9464 5642 2571 2202 387
3134,10321 209 4191 8184 1735 11138 12061 7144 12542 11302
3135,2371 6360 4403 6825 2375 348 2980 10858 1354 1320
3136,3921 10972 5486 7455 4495 5181 6421 1896 6619 6909
3137,5147 11958 9405 2261 3524 9498 5611 10155 11957 8045
3138,328 9801 12583 856 3587 12308 6474 578 1660 3637
3139,8176 4341 10654 5271 11837 10855 15159 10857 14344 10993
3140,3153 8190 4773 2700 9993 7299 4192 8068 308 3382
3141,7401 6836 7253 10634 2295 13360 11602 12029 11153 8644
3142,6622 10870 4550 6189 12567 7866 13417 13416 8968 13420
3143,4687 4132 7427 3083 4688 9853 3415 4598 4138 1317
3144,2820 405 9784 2742 1166 12426 1532 11111 1535 2614
3145,1532 11112 2614 13323 2742 2820 9784 3465 7393 405
3146,2631 5187 7865 3726 9932 1024 4804 12189 11834 11976
3147,5687 7336 982 10199 7427 5447 1011 10899 7100 14276
3148,10372 10371 8195 8190 798 10564 10375 1087 10053 10373
3149,1719 7426 2892 4138 7057 2373 4687 1721 7067 4132
3150,11405 3019 726 14136 13424 692 11403 11402 14512 693
3151,8253 12561 6739 6550 3085 10192 12795 12796 9749 2879
3152,10731 13425 952 529 943 5570 1331 934 936 7623
3153,1166 404 9784 2820 3464 405 1535 1532 2742 3465
3154,3237 1371 3234 1369 1164 3239 6301 13313 4887 1370
3155,4037 4035 13426 10073 1317 2880 4036 10071 3442 12332
3156,4643 4642 5565 12992 13427 4644 5564 4647 9083 8634
3157,8904 177 7333 1532 3465 8761 405 2614 11112 1323
3158,10431 11190 13114 11208 10243 13066 13067 13064 6755 10082
3159,7730 7371 311 9457 6907 9926 9028 5574 9901 9911
3160,7236 5570 9238 13428 6724 3778 13314 6710 529 7249
3161,4997 6654 13429 14301 3820 12556 6662 7390 6869 9509
3162,5514 13430 5374 9836 11368 13431 5793 9372 482 5175
3163,1011 6086 7925 4317 1837 1935 8795 7833 1113 3587
3164,13432 2805 8075 12274 12182 13433 1884 1742 13424 14772
3165,3274 3275 4229 11607 13379 6260 125 4736 7564 294
3166,10837 10838 13435 99 2929 11942 3648 8533 5301 5300
3167,2750 2790 4091 336 928 11183 2227 5815 193 7090
3168,578 10432 4769 4862 8444 8467 7622 8795 8953 8397
3169,10025 8796 3750 12188 552 11924 62 4914 6190 10026
3170,618 5580 13438 612 611 287 794 466 7929 3811
3171,13439 13440 13850 6572 14368 14884 9361 1671 14882 6355
3172,2779 3507 9690 7926 9049 7679 3902 197 2774 5764
3173,3945 10359 2674 1660 10356 476 6579 5299 2457 13735
3174,7427 4139 2996 6807 12370 13443 13442 13444 7554 10199
3175,6125 13446 13447 13445 13449 13448 9446 6091 5263 5262
3176,1315 4624 1358 13450 4599 1318 5536 4621 14218 1355
3177,4170 6515 3070 4699 1125 7895 621 6512 5903 5921
3178,3441 3151 6959 4819 3493 1970 8549 4163 6963 9293
3179,8629 1634 13451 1635 8628 4059 8638 13355 1996 12290
3180,2614 2742 2815 2820 3465 1166 2814 5998 405 1532
3181,1001 1008 1006 7062 1002 9194 1000 1777 1010 2996
3182,1573 7152 7776 506 1086 13454 4052 1943 7907 3538
3183,7249 5365 3400 13410 13455 7783 12584 3805 1747 3974
3184,6622 2979 13457 13170 13459 13458 2731 13456 3522 7760
3185,4909 13462 13461 9572 13064 13463 8899 11095 9575 13063
3186,13471 13470 13465 13469 13468 13467 13466 13287 12758 10635
3187,611 163 488 5580 9781 1646 3097 7929 3225 6017
3188,13472 13478 13477 13476 13473 13474 13475 692 14519 1345
3189,626 7946 21 13418 13479 4966 9365 7544 12389 11708
3190,2741 5430 2742 2614 5998 1165 3465 8729 4516 12426
3191,611 4228 868 4759 383 9781 10893 618 879 1621
3192,3464 4516 4515 6352 1166 2820 2614 3465 2742 2304
3193,6086 13481 5471 13480 1677 3974 13429 5140 13903 5917
3194,8480 13482 11916 12130 12510 363 10612 11915 1880 9773
3195,2026 5281 11739 2509 742 2146 46 7732 1880 5191
3196,11120 5673 7217 13483 4061 8302 12585 7100 982 13484
3197,13486 11380 13084 11545 646 12403 11211 11093 14231 2792
3198,778 510 838 5186 512 1449 13487 3930 5728 658
3199,11032 11031 5104 4174 5872 11034 11033 7943 5157 1785
3200,399 6477 8882 6617 1123 1521 8298 12565 5385 12470
3201,13508 13503 13501 13497 13492 13491 13495 13506 13505 13507
3202,13512 4634 11920 46 10123 13514 13515 13516 7020 9028
3203,10064 707 1169 8203 8381 4360 8111 4439 11101 4440
3204,6114 11072 5742 9337 9648 6987 3642 5177 3945 8309
3205,11560 11974 13518 14199 3507 5752 2742 2822 12426 2820
3206,3665 2652 7292 7938 13179 4939 7990 10701 6537 13885
3207,7215 4138 3083 1771 7096 3842 10554 5501 9080 5859
3208,13521 7226 13520 8428 8421 14944 14942 14004 7699 7551
3209,1475 13522 8892 13525 8896 13526 6128 4588 12870 2207
3210,7427 7554 10199 10899 7818 5447 2875 5687 1011 1826
3211,8215 9079 8825 6824 13527 13257 945 10918 1996 9076
3212,9554 8158 12727 6737 2617 12732 12728 8154 12738 12729
3213,7554 2876 3843 1826 4416 7427 3844 6364 10199 7065
3214,1953 9649 6818 13529 12265 13367 6285 6819 6287 6282
3215,7660 11689 13530 11116 11781 11782 12864 6670 14001 13368
3216,1885 13432 5329 1958 13532 11854 13427 13531 13001 5330
3217,12049 13533 12448 5973 13263 13036 12047 4565 15 15261
3218,11347 4599 9853 5845 2375 7215 1315 2379 2372 2371
3219,476 2457 3945 466 794 478 464 149 1213 2935
3220,7469 3489 13107 11611 9623 7985 3490 11774 13106 1549
3221,5900 5905 620 4170 7641 6496 5788 627 10779 1125
3222,5614 13537 13176 13725 7660 6669 13848 14065 9557 1360
3223,13080 11603 10051 13074 1228 14434 12459 1220 1224 10046
3224,644 11610 13538 6346 11921 11922 11611 12552 6336 2393
3225,5012 3333 217 2197 13807 9208 13805 14362 9319 9209
3226,529 38 9667 7236 538 10731 4836 536 9668 6287
3227,7065 2996 2888 3667 7554 1011 1001 4138 9194 4604
3228,4882 7559 7560 10977 7558 7561 4887 3237 3239 3238
3229,405 1535 1166 2820 2742 1323 12426 13332 404 13540
3230,3736 11477 3737 9817 12320 3733 3741 3738 3726 3724
3231,13541 13545 13044 13544 13459 7085 13542 13543 4191 7855
3232,3059 3058 3057 3056 3054 3053 3052 15001 3051 15061
3233,7554 4139 2875 8982 6809 6805 5849 4603 9626 3442
3234,3614 12562 6475 8531 8755 13546 9822 10045 2641 4907
3235,1777 1008 9645 3684 5843 1826 6705 1006 6364 1317
3236,11763 13547 13549 11764 11021 6393 10869 13548 5492 11888
3237,4772 12494 2079 13552 1658 3871 9678 3870 2081 10060
3238,13553 13555 9488 10573 3488 12773 9485 13554 9253 11720
3239,1317 4037 13556 4687 7427 4132 4688 3442 2880 4035
3240,2804 13022 4653 4660 11369 4650 11370 11368 4663 4657
3241,11306 13559 13558 11315 14861 14859 14638 7328 14860 7876
3242,366 6621 12321 9264 7847 5938 6622 6619 5486 12850
3243,13181 7847 13560 13083 787 5336 10489 12034 4374 12447
3244,2371 2891 2375 5872 6361 1354 1320 4606 1778 4060
3245,2741 5998 2742 2614 8904 12425 405 1532 2820 13562
3246,12507 13047 12508 12503 11046 12506 12510 12504 12505 6571
3247,9654 11366 3055 8372 10715 8999 6485 5382 611 4426
3248,11303 131 10156 409 12424 13564 2431 9442 13119 14737
3249,1003 4608 4136 10367 10574 10576 13565 6737 1824 8165
3250,13566 5710 6241 2169 13968 10009 6240 626 14237 6174
3251,9148 301 972 3809 8371 1424 1240 5765 2236 3495
3252,7380 9469 6147 6156 6702 1982 9468 11073 14215 2768
3253,8237 8233 7642 13568 13567 4673 10326 7641 4170 6515
3254,2556 2960 1409 1639 3735 9459 13569 611 169 4845
3255,405 12426 2820 1323 1166 2742 1535 404 13232 13346
3256,466 323 879 169 871 2764 1902 8403 5452 430
3257,4438 5569 13058 7123 6583 692 13729 4439 7616 4440
3258,5191 4284 2026 5792 2516 9694 85 13224 2514 9925
3259,2013 11779 8839 13571 7718 2921 5126 12342 4803 2916
3260,2869 3094 13572 7215 1001 7057 2372 1826 9194 4688
3261,13573 1151 6738 8152 1721 3693 2869 1776 4138 1155
3262,12236 544 14167 1559 9365 7544 7954 8688 12235 263
3263,8111 3400 10130 8381 5365 13308 10064 13989 8517 6725
3264,49 2270 5753 11916 10458 11975 4634 23 12169 10293
3265,7226 9241 7266 7551 4772 13520 12127 13521 2237 10230
3266,2820 405 12426 1535 1323 1166 2742 1475 2614 404
3267,1987 3413 7080 3414 9195 673 13984 11340 1013 9458
3268,7057 10953 7016 2869 1719 4605 9851 4135 8164 9751
3269,5673 2891 1007 10754 6552 10752 11120 1003 3667 7065
3270,5255 11610 12552 2393 8497 13268 13577 1895 11611 6763
3271,578 2291 7341 9051 138 1071 3984 1737 9570 1079
3272,2869 8982 3079 9664 11119 6542 7215 1721 7554 1001
3273,2614 2741 5998 2742 3465 2820 1532 1529 405 12426
3274,13579 1105 13581 13583 13580 13582 11297 11037 4418 9255
3275,1882 3481 13002 5328 3482 9074 5326 11942 8386 8698
3276,12748 11219 2616 13584 5639 7986 9945 12817 11218 6537
3277,11247 11246 3565 13586 11210 11245 14025 3567 9558 14024
3278,775 4252 8300 3681 877 7956 10570 5482 873 790
3279,13587 7124 14826 9054 9055 14555 14578 13940 13414 7115
3280,2063 3529 1035 7646 1079 3751 1042 3760 1495 11713
3281,466 3979 7473 10170 2460 729 9336 4178 9502 10434
3282,2026 4845 742 5191 2145 2497 1087 2234 757 4846
3283,891 12873 8856 4026 4022 12591 8519 4798 10032 8855
3284,1354 3083 10461 4403 4402 1355 4138 1357 2371 4687
3285,12907 10031 13592 13591 4783 11366 10033 10030 6752 5712
3286,1011 2869 7215 1863 4134 11347 12332 7057 7427 5845
3287,3910 10092 13593 7334 11270 13591 9936 421 3393 7333
3288,8223 2780 10451 9261 9068 1574 10452 1580 2769 6436
3289,2371 6364 2875 4413 2375 7218 10989 9192 1320 7554
3290,91 8999 14166 14555 14865 7124 12711 2083 7118 1367
3291,12102 13595 10385 10386 12462 9457 4777 13594 7198 5790
3292,5397 3990 13143 11669 10571 3989 11670 11905 10572 11935
3293,13596 13599 13598 7876 13597 7631 13061 13600 7610 716
3294,873 4355 323 149 686 466 775 1204 794 476
3295,873 686 8577 1785 4025 12429 466 149 169 687
3296,13602 1588 3718 11026 466 14565 15172 6952 476 9842
3297,7217 12936 5854 1704 3443 1773 6363 5531 5688 2891
3298,138 3328 3288 3826 3289 4344 3348 650 119 3359
3299,4 1503 5360 7390 13603 9062 466 794 778 1390
3300,1166 1535 2815 2742 2820 405 3464 404 1165 3465
3301,3142 6132 9990 243 1282 6133 6131 2750 1610 3055
3302,11590 12136 7846 8228 12137 8119 10148 8118 10151 8842
3303,6054 8431 5490 4780 13604 10297 8070 1614 8434 595
3304,11335 11331 11327 11338 7097 6243 5616 10619 10010 7672
3305,7420 2057 5173 1568 6374 143 4209 4821 8654 3258
3306,2291 7380 13606 9591 1349 13607 7341 9051 14495 1348
3307,794 2448 3222 769 149 176 1452 467 8705 6216
3308,4315 2628 2630 2629 6109 10790 15240 1146 4596 1381
3309,7183 11967 4339 5914 11366 13045 4701 11968 7349 12965
3310,11262 2942 4334 4521 10548 9394 278 6223 2367 7645
3311,1354 2371 2375 1357 11347 3083 1355 6360 1317 2014
3312,3716 8085 13608 8698 13609 14900 12274 12182 10084 9074
3313,1011 4139 5848 4596 4599 9626 395 9645 8159 10574
3314,9682 399 908 6181 6171 11773 4371 13391 2400 11912
3315,203 7247 4790 10984 4789 199 4454 3127 7681 5733
3316,12172 13612 8278 13611 13613 13614 8488 14892 5628 6722
3317,1779 3500 1320 13052 9192 6362 4060 1319 6363 2371
3318,5771 10275 1869 1750 2767 4893 9545 3337 2037 2038
3319,10432 6474 5789 8872 2068 10 9088 3948 8067 9050
3320,2130 9042 10362 10174 12015 5141 6201 12014 12016 5508
3321,2830 13616 13279 13615 9212 13278 13280 12519 14065 2831
3322,2305 4756 1444 2152 1805 13618 11809 687 686 625
3323,10724 13589 13619 6274 6289 640 10722 9776 9073 10725
3324,9079 2797 8489 8215 1536 2796 8275 8213 2614 11171
3325,2481 3359 11471 4640 5393 7306 119 13274 3301 88
3326,10918 6754 13620 6286 13256 13527 14031 1883 8389 6276
3327,1855 2534 12296 4962 7649 3089 4753 4964 4073 5325
3328,4134 5686 3085 6847 5688 3084 2016 4632 1011 2881
3329,2820 1166 2742 12426 405 2614 3465 1535 1165 3464
3330,10602 3709 3702 4216 6635 3696 6645 2779 7418 2103
3331,2820 2742 1532 2614 3465 1166 405 1165 12426 2739
3332,437 5155 1656 3277 2448 1803 463 466 1568 4181
3333,1684 970 7385 7386 1688 764 873 807 964 1683
3334,8816 7428 15207 15206 5415 5527 11764 7257 9706 6471
3335,1177 8291 8788 6613 2984 10868 4457 1896 2846 7878
3336,8860 13627 11948 14465 14168 5369 7993 14652 11947 7755
3337,2820 1532 2742 2614 1166 3465 12426 405 13628 13323
3338,1892 1804 13630 1985 13906 6749 7467 7466 4080 3908
3339,1011 11347 2888 11816 2995 2379 2372 4134 2375 12332
3340,8164 5367 10992 4605 4133 10953 1721 7057 11120 9751
3341,9829 13631 6068 337 8613 4124 9828 9830 11472 1040
3342,5711 6511 13632 7879 4633 9652 4171 8124 1746 7885
3343,1354 2375 2371 2374 1355 1357 2372 4060 1320 2379
3344,5255 2729 6763 11006 2723 4369 6071 11875 2900 9086
3345,9809 7571 1844 6168 8116 7948 12223 1665 9810 13070
3346,3083 7784 12642 6321 2886 11851 4687 4688 1317 7057
3347,9495 11779 9829 13634 1040 12158 4388 11472 8839 4664
3348,7401 8210 7754 8649 11372 1846 7253 7755 6506 11872
3349,1011 5845 5846 4743 10630 7077 6739 12915 13209 10627
3350,8808 5344 6571 13635 10041 8809 14328 1475 12501 1532
3351,1447 788 4788 13636 13637 268 6236 2166 5884 464
3352,6483 7539 11408 11407 8605 2437 9996 3012 688 1222
3353,6623 4068 10729 7629 9225 6185 4531 6253 9226 10122
3354,10970 6226 11964 6479 607 13638 1767 3070 12131 13639
3355,13640 6499 9856 6161 2983 6244 6188 9855 6249 6167
3356,7630 990 13370 703 11131 956 10907 7795 1023 6335
3357,13641 13642 5288 12439 13643 12685 14040 13551 13023 7662
3358,2984 12930 10000 1795 13255 9395 1177 13251 5111 13644
3359,3661 10558 8078 7407 2421 2422 567 2414 13057 15172
3360,1354 1357 1355 2378 2014 6553 10365 2376 10366 2369
3361,7893 1896 7899 3997 13460 7887 1260 399 2848 1261
3362,11347 5531 12739 2379 2372 2375 7215 9853 1011 2371
3363,2742 2820 2614 1165 5998 3465 405 1166 13327 2815
3364,10981 13646 5431 2630 14067 12101 14156 9049 5804 197
3365,11407 6849 8605 2437 11408 11710 10764 6483 10152 7539
3366,2869 12334 13605 3774 7215 2372 7057 1011 2881 1826
3367,2741 8907 2742 2817 2820 8827 12198 13203 5998 12426
3368,1392 3676 9053 2215 10734 11298 1313 11926 6876 10786
3369,2375 3083 1721 11347 4687 1357 9851 2369 2371 7784
3370,1269 10867 11310 3859 12131 6618 13639 1366 230 9826
3371,9929 12106 9013 9908 11915 2576 10016 11644 2499 10291
3372,5096 9337 9024 3613 5137 5097 5753 9349 12667 9340
3373,10041 12500 6571 8809 12505 13082 8808 12508 12501 15102
3374,2820 2742 1166 405 1535 3464 2614 3465 12426 1165
3375,13652 13653 11105 15197 11009 9827 14365 11781 1114 11104
3376,9623 13068 13654 7648 1555 13655 8688 14039 1554 9393
3377,1001 2870 13076 7062 3079 2869 12914 2996 4134 9194
3378,344 7747 13656 13657 15265 11289 318 12640 12916 1447
3379,13597 13658 716 10584 13596 13598 3877 13599 13061 4434
3380,1826 3843 3844 2876 4416 4414 6364 4134 3845 1777
3381,2820 1166 405 1535 2742 12426 2814 3465 13327 2822
3382,4402 10199 1723 1776 13662 8822 9629 1010 2378 9754
3383,13663 11366 13885 3055 12850 2742 9409 7015 692 12112
3384,6814 7090 13664 13437 4712 9878 7185 7386 4841 10650
3385,2869 3083 10461 3074 3688 10857 13665 3667 4687 1354
3386,9393 7085 13666 8055 1119 8021 4971 1122 6761 7796
3387,13025 13667 5890 14482 10104 6196 5975 12985 13026 2900
3388,3672 279 6600 5997 13668 3671 6602 3670 11237 2167
3389,4361 13654 13669 1336 4362 13278 7530 5695 14178 4733
3390,4136 4608 11777 6737 8158 8165 10367 1354 4139 1824
3391,12426 1323 3464 1166 2820 405 2742 2614 3465 1168
3392,13673 926 4048 9125 9961 12333 13647 8490 11857 12659
3393,9204 7671 9315 9207 10711 1834 5233 11045 5595 766
3394,2314 10016 10015 2157 12096 2426 10013 1919 69 5187
3395,12872 13675 13674 12462 5790 4777 9457 611 6083 11366
3396,6622 6623 9805 11227 13892 2108 12566 6189 6476 9682
3397,7552 13677 13676 227 3945 12730 9171 6858 8553 3543
3398,13547 11765 3265 13679 11021 13678 11152 11763 11764 10869
3399,10067 12660 10070 12073 12661 12664 12662 12663 10068 9625
3400,9407 11022 13682 13681 13680 3483 9084 13684 13683 9410
3401,2375 1320 6361 1319 6362 2371 4060 1779 1778 6363
3402,13686 13687 13688 13689 6841 12827 13284 10969 11774 12235
3403,10256 5818 5613 13694 13695 3961 6235 3763 6886 5352
3404,11358 8021 6058 13696 4971 6761 9239 9393 1119 13715
3405,2924 3655 5130 5134 1195 13564 8119 10148 5469 5470
3406,12890 12891 13698 13377 13600 10226 12459 13599 13258 13598
3407,2834 11194 13699 11084 5607 14982 11473 14874 14983 4128
3408,8809 10734 12884 10733 13082 8808 6571 10041 8806 14183
3409,1880 10734 13413 13082 8809 7726 23 11739 2549 13129
3410,1354 6361 2891 2371 1355 1357 1320 2375 4138 1003
3411,2742 405 5998 2820 1323 1535 2614 1529 1166 12426
3412,13248 10525 13701 12745 4516 12426 2614 13672 2815 8906
3413,10981 5431 13646 13959 10208 12101 14156 5429 5405 7229
3414,1001 10627 5846 4743 8542 8982 10990 6804 10630 11000
3415,13703 13620 12647 1884 10429 13256 6286 6754 9798 10428
3416,3415 6733 8822 6734 6737 9754 6735 4402 1887 6739
3417,2888 12734 10556 1354 7554 7065 2996 11923 1859 6364
3418,13571 4998 1609 12044 12342 6327 3977 11779 4843 1304
3419,6622 13704 10226 2438 9809 1664 1939 1662 3424 12890
3420,2741 2742 2614 5998 1165 12426 2820 8907 12425 2814
3421,9510 13230 9327 13706 12861 9714 621 10002 12496 11773
3422,1489 2916 1481 7695 8853 10499 10132 13199 1488 10158
3423,1001 5531 12349 4600 6552 3694 7062 4138 7065 7554
3424,7539 6059 6060 2437 13141 808 7540 7255 3650 10624
3425,2741 12426 2820 2742 13248 12425 2614 405 5998 1166
3426,2839 11610 13641 4381 10705 261 13709 11774 1524 4549
3427,169 4973 10744 3097 4559 593 3977 9483 2950 4322
3428,4037 12332 13711 1011 1317 2880 13981 4035 7427 2869
3429,2869 3667 3074 3416 10754 7065 3688 7215 3666 1003
3430,8318 8647 7481 7878 12925 12718 9395 8612 4459 7472
3431,7554 7427 8848 8850 1003 4607 1010 13713 13712 9624
3432,6274 6289 10724 10001 13714 11943 8003 10343 11793 6626
3433,2614 2742 2820 1532 1165 3465 1166 405 2741 5998
3434,1011 6364 8477 12756 12551 12737 2889 4626 3082 3084
3435,6883 13715 7172 8032 12924 13979 12718 10490 8204 10869
3436,274 13231 13716 15161 4300 5123 9895 15162 568 4306
3437,589 10572 286 12327 12621 10571 6980 11904 2101 7633
3438,3676 9321 10078 9320 12805 140 6310 611 2794 64
3439,2820 2741 12426 404 2742 1166 2815 405 2814 2614
3440,13116 12482 13719 13718 11312 1897 13934 5492 12038 12557
3441,12905 12906 12903 11286 9517 12904 7986 5430 13315 2614
3442,7346 7006 10390 10641 2490 837 1374 2559 2784 9281
3443,13721 4892 2087 11543 13720 13915 13811 1635 8663 2095
3444,4238 4203 11953 4245 13722 4194 4235 4227 4251 4248
3445,1721 2875 1003 1136 8477 4413 1719 9853 6809 9749
3446,6296 2262 5958 9954 3142 5541 9468 169 2309 5957
3447,2489 13724 7519 4969 2124 1496 10178 2496 41 2574
3448,3428 13725 7259 9127 9659 12486 8035 12207 11344 4971
3449,404 1166 12742 2820 2742 3465 1532 405 12426 9791
3450,8058 5405 5569 10277 731 13728 13729 14522 13959 10279
3451,1533 11897 13730 1532 12426 13329 4514 8904 11112 8810
3452,5886 3814 10195 4731 13732 9840 11249 13045 5878 4361
3453,1532 3465 4515 2820 2614 2742 12007 6352 13200 1168
3454,2820 1166 2742 3464 405 12426 3465 1535 2614 1165
3455,2009 9409 9410 3483 13736 13737 13685 11186 9421 9418
3456,1136 1145 1146 7099 7215 1721 4596 5686 3085 10751
3457,12647 3604 12646 9032 13738 12844 13269 4639 12068 12181
3458,2371 6361 2375 2370 1320 9237 4060 1354 1778 1779
3459,12959 10756 1265 5601 5287 12952 12953 12958 12956 12954
3460,8780 13612 6940 7347 13037 13740 7442 6722 8964 6371
3461,476 8585 793 2218 10841 794 466 478 464 2457
3462,8882 10481 4455 4852 15140 15139 3069 10287 2626 4352
3463,2375 2379 5845 1859 2371 11347 2372 4060 1320 9853
3464,6785 8917 8138 10445 6145 5892 13715 5865 4338 2717
3465,4383 2437 7627 8778 8259 5972 4382 8514 13906 7623
3466,1166 2820 3464 2742 1535 405 12007 1165 404 3465
3467,8046 7680 10307 10302 10297 10306 9370 10304 595 8434
3468,40 3644 13261 2547 5237 4976 11876 2200 4411 13129
3469,4139 5848 9755 9626 395 5849 2875 396 6737 8159
3470,13742 10103 13934 7662 2992 10195 1897 6849 5492 12557
3471,10992 6321 3082 2889 3083 2869 1318 1314 11536 4617
3472,13745 13747 13751 13750 13744 13746 13749 13743 13748 2814
3473,12516 13313 13373 12918 6390 10566 5752 11560 13752 3733
3474,13754 12724 3580 7354 13755 10613 6334 660 1182 3983
3475,8215 5116 9574 2662 8216 14900 9079 1635 1996 8275
3476,6623 13757 13756 10107 13272 2425 13759 2417 6528 13758
3477,9650 13763 1937 8059 7745 12148 1934 2108 13762 6620
3478,7057 7785 11890 1011 4687 7427 3083 9851 2869 1719
3479,4169 6514 2861 9230 9231 9232 3091 2850 9655 1123
3480,10982 13766 12719 13600 13253 9232 14115 5899 13458 13255
3481,12850 13885 11366 1381 5267 14538 326 5266 692 12134
3482,7744 10122 5713 7743 4964 9682 13358 7745 9226 5707
3483,2130 1383 12857 8504 8382 32 13294 5141 1919 837
3484,8152 1776 3072 13573 3693 11578 1721 4407 8160 4138
3485,2432 2434 8229 2436 10145 2435 13768 13120 13769 2426
3486,231 10867 11147 13770 4667 13406 7722 230 13950 7172
3487,1354 2371 4687 7427 11777 4132 2374 2375 4688 4138
3488,1872 13773 13772 2295 13774 13775 12550 13407 13408 10122
3489,323 4085 6577 9265 6046 11759 8798 3736 6220 3534
3490,3491 13777 13778 13776 8115 13779 13610 10869 2728 14109
3491,8899 11096 13780 13063 14780 10873 8901 12618 11095 2593
3492,6129 13782 8462 9533 8176 8516 12823 7486 3862 2243
3493,1893 6498 10869 2906 6546 12986 13709 7172 3088 14414
3494,9194 1136 4134 1777 13185 11891 2624 11639 11808 7216
3495,11719 7125 3022 3055 12139 12140 7132 116 7112 7116
3496,2240 4353 1304 13783 10102 7910 9820 5122 10458 10261
3497,10256 8396 2061 2058 5934 2060 1071 7978 2059 10488
3498,8655 13784 10639 2694 6066 11819 12771 550 6311 12641
3499,1320 10461 7077 10627 12209 12735 13785 11000 6363 4060
3500,13792 13789 13788 12738 13787 13786 11806 13791 13790 10997
3501,13794 9583 3187 13795 13793 2760 13550 9205 1175 6393
3502,3862 10982 3864 7744 7659 10445 230 10122 5713 5522
3503,13797 2658 13258 6777 275 10634 13607 10553 12622 8170
3504,3943 4286 239 4351 764 3472 873 250 6826 7183
3505,13800 13802 13801 10605 1634 13803 10079 11680 7757 8629
3506,11042 11040 11039 5556 5409 11004 8585 12187 13402 11038
3507,13805 3333 13807 2951 13806 13804 9208 14120 8581 12689
3508,13812 13814 13811 8216 13816 8629 1996 12992 5564 8393
3509,3896 13819 8093 14200 352 9558 3897 14789 14770 14775
3510,5579 13821 9576 13820 4252 13066 448 5578 8105 8090
3511,13185 9752 6806 7427 12378 1777 4139 4132 6737 5849
3512,12430 11551 7365 11584 3030 8852 5022 3369 493 2105
3513,3428 1119 9393 8021 1122 4971 1523 3857 412 7233
3514,11325 11340 7101 11339 8980 3414 12262 9346 11341 3413
3515,716 6849 13597 4434 13823 13542 3877 10584 6944 13658
3516,5079 3267 13824 3266 6018 4031 4220 1967 3268 10474
3517,2707 12669 13825 11405 8085 1475 13890 9216 12537 14878
3518,7554 1357 6432 4598 10991 6446 1354 9851 7427 1011
3519,611 10421 9781 3213 10893 618 612 1621 9924 11483
3520,2588 1733 4015 8668 5555 2349 3701 2342 589 4325
3521,7760 11291 6560 667 5838 2350 665 3049 7306 9279
3522,13827 10715 13826 179 6830 7775 7117 7122 1509 209
3523,2742 405 404 2820 1166 2614 1535 3465 1532 1323
3524,6472 10636 1652 10306 10297 1486 7429 8432 7654 10302
3525,5215 3319 7561 187 4991 5633 4636 2037 5821 5217
3526,11872 13829 13828 13830 6487 1673 11366 2650 10943 4755
3527,1181 5502 12201 2591 11366 11920 14527 8411 7021 226
3528,1017 1035 2137 13831 3503 9245 348 8876 1045 7193
3529,742 7727 9164 13177 1676 13080 12100 2543 737 9771
3530,5515 10126 13832 13487 5514 5516 476 5899 13458 15163
3531,6296 9950 13835 6168 3669 13833 13834 12354 1615 11219
3532,9519 4875 13836 4874 4873 22 13312 9583 2598 2210
3533,13279 13278 2842 13837 12926 1557 13778 1933 7827 12680
3534,5264 13563 2657 1679 10272 11964 6850 5263 5265 8006
3535,6097 1784 13839 13840 6499 11650 7674 9941 6498 7890
3536,7704 11908 7230 13841 13842 9768 7656 13564 8030 10490
3537,3428 8016 5249 1126 13843 13844 12947 3429 1119 1122
3538,13116 13845 3858 13846 14177 14725 12520 7652 11312 9371
3539,2820 4515 2742 405 1166 2614 3465 12426 1532 1165
3540,13847 8778 3174 5023 3160 8239 11379 2437 7350 72
3541,3749 10459 1368 5047 11718 8999 2357 11256 1367 9523
3542,12797 3587 13337 13390 7703 15268 14810 578 15216 12798
3543,13617 13278 13848 13654 5695 13279 11248 12527 9555 13537
3544,11366 13885 12850 692 14486 5267 6657 2282 6658 5266
3545,2959 10730 13850 5998 13439 12667 555 1331 2962 10657
3546,56 2536 2551 2527 5748 10013 3404 2130 2466 12692
3547,4132 4687 5667 8166 10988 4688 12726 1772 4138 3083
3548,876 2278 6087 12019 11090 994 6091 455 12361 4454
3549,2614 1323 4516 3465 2742 2820 405 1532 5998 1166
3550,5998 2742 2614 2741 2820 405 3465 1529 12426 11112
3551,1354 1357 1355 2369 2886 2371 2376 6360 9851 4141
3552,8256 678 4404 13705 3789 5256 8258 13526 8257 8259
3553,873 466 705 3242 8401 7551 3255 2322 331 8457
3554,9077 12171 3275 12615 9076 3274 9566 3721 14784 8274
3555,10918 13527 6063 5517 14789 3896 13399 12998 1886 1544
3556,5673 10217 13852 11120 12551 13878 12756 2869 14459 4133
3557,795 736 2933 323 466 1219 476 735 2781 764
3558,323 3811 687 764 8996 783 3407 1648 10895 774
3559,2869 2372 2379 2375 2380 11347 9853 7215 7057 9194
3560,4424 2760 11147 13017 139 13513 2951 5929 13793 13794
3561,7249 12070 1324 8731 13854 405 2742 14800 11111 6415
3562,4964 5788 4073 5896 603 602 13856 9226 7643 10941
3563,4455 621 620 9714 5907 13706 12496 12040 8230 10162
3564,13869 13870 13871 13867 13859 13864 13861 13873 13866 13868
3565,4594 7561 4884 7559 4641 3237 4887 6795 3234 3236
3566,8239 9661 13204 9807 7934 9682 900 3878 13394 966
3567,12850 4687 2869 4688 3083 13885 1317 4132 7057 10461
3568,1721 5367 10716 12334 4407 1011 1136 8152 4605 1155
3569,3055 10887 2507 10650 7155 2563 10211 49 2080 9131
3570,618 4726 8577 6834 1104 7989 7087 442 5541 8351
3571,12617 9566 10789 8759 5370 12171 11211 13877 8100 12615
3572,1836 4191 5594 5592 5593 14162 3942 1830 725 127
3573,4696 6597 10809 1592 1936 8153 8914 12492 8967 8966
3574,10716 1513 2432 6181 6246 908 6244 7704 8229 1721
3575,11120 5673 2887 12756 13878 12551 8477 4133 8164 10818
3576,716 13879 9892 13597 9895 10584 7264 13131 13716 9894
3577,611 9781 10893 618 1621 10421 612 3213 9924 11483
3578,6685 5353 6170 6257 13882 2654 13880 2862 13881 12263
3579,4406 3135 3201 3183 3622 5622 3168 11550 10433 305
3580,1918 9904 9282 5309 1919 2559 9284 9920 2528 10015
3581,7401 8144 231 11568 4480 6506 13950 7253 12588 4948
3582,7409 9843 7541 9846 4629 13177 7537 14174 9845 13986
3583,626 4966 8397 9365 5709 5377 7544 14699 692 3982
3584,1011 1721 4132 4687 4407 4688 4138 13573 8152 7057
3585,1896 7466 6909 7455 5325 1892 6616 7878 9238 9960
3586,795 4769 3033 4925 9390 7516 13884 5082 2534 466
3587,13885 12850 11366 5267 5266 14131 14479 14491 14486 692
3588,11836 9060 1250 13886 4408 3444 2072 253 4003 7644
3589,8146 1205 649 319 3621 12776 9881 2225 11864 7282
3590,5788 1855 1115 7292 13196 4544 11913 6778 12720 4962
3591,661 9880 11140 961 9966 9893 12945 966 9879 12946
3592,5788 231 9659 8035 7259 11622 8209 10446 9804 3823
3593,405 2820 1323 1168 2742 13200 1166 1535 12426 3465
3594,1721 1136 4037 4036 12548 11325 12637 12151 1145 1146
3595,1166 3464 2820 405 11880 2742 404 1535 13326 12426
3596,2881 3085 12736 12377 5529 1318 2869 4139 2875 7099
3597,6217 10038 7915 6214 10037 10039 10036 9175 9178 9176
3598,4350 578 8397 4025 6488 3428 611 626 5138 10432
3599,3943 12459 755 1176 4333 11603 7705 5886 7707 13080
3600,1513 9227 9443 7430 1512 1514 13884 3525 4781 6246
3601,1746 13888 6118 9652 626 629 6493 13929 9347 6487
3602,2742 2741 5998 405 2614 2820 1166 3465 1165 1535
3603,13891 2707 13890 8999 7128 15276 3019 7129 79 2154
3604,6622 13892 13893 14885 2108 6685 2979 6189 12566 9805
3605,13838 5516 13895 13894 692 11366 5515 14136 11384 13670
3606,142 5544 11751 9882 2779 1686 4031 466 476 163
3607,6670 12864 13530 7660 12980 9972 4381 13898 12863 10466
3608,11019 10121 13899 7688 13305 12134 2058 9199 8210 6331
3609,1354 1355 5686 1357 2369 2371 4138 2378 4141 2376
3610,9015 13040 13900 13114 13039 14783 10917 1883 5331 14077
3611,7643 1119 1127 8021 13715 8410 12948 13901 284 13536
3612,7215 12332 10088 2869 11347 1011 1136 4134 5845 7427
3613,1345 3671 4074 7980 3261 7967 4357 6548 6897 1327
3614,13902 9587 3055 10715 11366 8999 611 4426 53 14555
3615,1263 13903 4787 9764 4023 13429 5335 657 5471 5625
3616,1222 13905 7936 4358 6692 4670 1837 282 6483 13998
3617,1985 13630 13906 2928 7627 1892 1804 1986 3470 795
3618,2928 1985 3470 13906 13630 9088 3471 3811 10973 795
3619,5365 13723 4698 5367 3400 5745 3403 15264 7249 7783
3620,3984 7533 426 3260 5114 5500 4442 4585 7537 14289
3621,1862 7469 12547 1011 630 9623 1549 1480 13107 3489
3622,4687 1317 4605 7057 8164 6364 4132 9751 4688 4133
3623,4126 5639 7771 4841 6585 2118 14542 3852 10729 2856
3624,13103 12521 13104 13102 11783 265 14182 267 12519 14172
3625,11303 10764 8843 8842 11304 576 2288 409 3813 14737
3626,9880 4086 966 9879 4589 967 961 12946 2196 12760
3627,2067 1394 6822 13000 6821 7697 2294 1418 323 873
3628,873 46 2312 1963 2314 2306 4474 1639 1785 6214
3629,10359 5195 10356 13735 5361 5299 10358 2597 10360 5176
3630,6942 12818 13908 1342 10880 12821 12817 12856 3892 3897
3631,2741 2742 2614 5998 3046 1529 1165 12426 2820 2814
3632,4884 4823 3234 3239 7330 4813 7317 6300 7326 1285
3633,9971 10154 5879 10147 10146 7410 10151 10152 4561 2437
3634,6360 1355 2369 1354 1357 9851 2371 11347 2014 2372
3635,8376 8667 1865 9532 5455 6453 13909 3485 1499 146
3636,575 2288 8472 13384 10050 5174 563 102 8855 12234
3637,3043 3468 10267 3044 2560 1752 2270 5132 4865 11975
3638,12706 1419 8138 9509 7725 6905 11193 3727 6306 5836
3639,6737 1824 4136 5451 8165 4608 10574 10578 10368 10576
3640,10627 7099 7098 10989 10994 10628 10991 11382 10990 10995
3641,7798 13753 11035 2135 3403 5752 381 3965 5753 12516
3642,1011 4138 2371 7057 9851 3083 1719 7784 2014 2373
3643,10538 2202 9005 5642 3402 4024 10958 5234 7431 7124
3644,7427 10199 5447 5687 10899 2870 7554 1011 4139 4134
3645,4235 9715 3358 1796 2697 4238 9265 5117 1452 3698
3646,3111 1055 12710 10631 10430 114 13135 13913 7122 10100
3647,7394 8553 12714 3201 3307 4346 3207 14274 12462 1079
3648,9077 9076 8105 8090 13915 5228 13914 9566 2086 8215
3649,12479 4273 12557 11769 10779 13004 561 5282 2268 6608
3650,6284 8909 12904 8912 8910 8911 8908 14744 2086 5570
3651,3012 13528 7903 13916 3011 13222 5564 2086 12992 9769
3652,1003 2891 7065 3667 2875 1354 3085 1009 4138 10857
3653,6577 2774 1442 3509 4500 10859 2779 2721 101 323
3654,2741 6352 8526 2742 2614 5998 12426 2820 1165 1166
3655,6173 5145 11134 7174 7415 7416 4976 6183 3549 1522
3656,13918 5341 505 4406 13543 950 2423 10621 5250 4333
3657,6074 11242 1334 13919 6075 12201 4717 4936 8245 2140
3658,9784 1532 11122 2820 404 3465 1166 11112 4515 1323
3659,1660 4085 216 1993 3222 126 8201 6577 6046 9265
3660,6836 9209 9260 13913 13920 13805 12428 7509 7112 1026
3661,11024 13922 13921 10033 2284 4794 1263 5881 10918 1632
3662,6725 12885 10863 6717 693 8517 6718 6719 7208 11405
3663,1709 1828 13911 11056 4603 10987 10097 1720 11339 7101
3664,6296 6411 370 794 163 323 1387 873 787 1993
3665,13923 13924 10694 12814 1129 5805 10677 7442 14323 8270
3666,8526 13926 2824 14331 1166 13575 15096 10410 12426 11755
3667,2614 1166 404 2820 2742 3465 1532 3464 405 9791
3668,46 3177 13927 3178 2558 3 2538 6322 1296 10591
3669,1746 6487 6493 6118 5365 13929 5379 9347 4351 4754
3670,4605 8164 7014 7015 4133 7016 859 4287 8477 7554
3671,2742 1166 3464 2815 2820 2614 405 3465 1535 1165
3672,8338 8328 8327 8329 8330 8333 8332 8331 8342 8343
3673,2442 4589 8814 8813 4590 9880 966 9879 967 2989
3674,8606 5467 10400 544 11222 758 12634 13437 4879 3372
3675,2741 2742 13932 11755 13931 12746 2614 1165 5998 12426
3676,4350 4964 4474 2652 4963 6495 13933 10529 5561 7239
3677,7662 10103 2992 1557 10254 13934 10104 1784 1897 13742
3678,7144 1866 4328 3846 4310 4267 12577 2820 12809 13078
3679,6153 6156 6148 6700 6147 6154 6149 6152 6151 6150
3680,2139 1207 9286 11258 2767 847 7044 612 7508 5032
3681,8999 3019 13891 7121 14163 3055 1367 14166 7128 9054
3682,476 1686 5544 1831 13935 1984 7768 873 466 794
3683,9024 10566 3176 10968 4813 7373 951 11364 8567 12918
3684,8740 7609 5395 9977 5943 6802 11700 6108 1614 8371
3685,715 2497 2575 153 8792 10290 4293 12404 156 10370
3686,12854 13939 13133 8985 13938 13081 13177 11784 14946 14805
3687,2342 2282 6119 8618 4259 11551 3941 422 4185 3837
3688,2742 1323 13327 2614 405 2820 3465 1166 1165 5998
3689,10373 10372 155 12165 10371 10370 156 153 3595 4396
3690,4353 8971 1803 5956 5014 1568 8742 9061 8672 4354
3691,644 4808 10338 6346 11921 922 2689 636 1766 8933
3692,5452 9650 11877 9836 8030 1018 11642 8885 7747 8115
3693,1419 10061 2225 7299 6576 4353 207 4924 2735 2333
3694,1345 11821 1346 7333 7334 3892 3261 7967 4074 7980
3695,13587 13940 7124 14826 9054 9055 14555 14578 13414 7115
3696,7144 12577 13177 13078 12809 13080 4310 12443 7264 12333
3697,11112 1533 11524 1532 13188 11752 12271 12426 2820 2742
3698,478 6393 13794 13046 13267 13942 13941 10109 6397 11888
3699,6101 4058 7556 13944 9566 8088 13945 11716 9959 4654
3700,9921 7758 6888 392 7372 9907 6899 9906 2532 7697
3701,11410 10131 10128 5570 529 7236 10881 12654 14444 14154
3702,8443 10992 11889 10818 5248 1379 1001 2869 7058 4403
3703,11366 10468 11604 11605 12010 907 11853 12048 13947 11588
3704,11099 10819 8536 8538 12367 12369 7092 9663 12368 11106
3705,3055 1367 3019 7125 7132 7115 108 13952 7123 3022
3706,5666 10235 1098 12592 3545 1684 10237 13894 11574 424
3707,2739 7249 3043 71 12666 381 10279 3044 1752 49
3708,4073 5896 11857 13955 8514 6618 7630 12904 4048 1023
3709,13957 2354 5112 15179 10746 3437 5103 13113 5651 6281
3710,12850 13885 715 11366 4430 12158 9790 378 13958 8356
3711,7229 5405 13959 10208 5431 1532 8058 10981 3465 15199
3712,2742 2741 3465 1165 404 2820 2614 1166 13327 1532
3713,9682 7107 8968 12082 9805 12566 908 5353 12567 6476
3714,7527 10009 10008 8482 7646 8932 5775 10548 3611 434
3715,13191 8114 13961 6183 7940 4962 1700 1846 10425 14146
3716,4962 10490 13841 4753 11908 13191 14533 11366 6544 8032
3717,6782 9826 9104 4068 6170 11177 3671 10363 13962 9103
3718,13845 13846 3088 8966 1942 2865 9695 3541 5605 3231
3719,2741 4516 1534 2614 2742 5998 1165 3465 2820 1532
3720,1684 5092 12167 3181 5414 1758 834 7930 5773 3811
3721,1357 4135 1354 9646 9851 2369 1355 2869 6360 2371
3722,10729 5639 3852 5485 9180 7771 13105 12029 2032 4126
3723,3465 2614 2820 2742 1532 1166 13482 405 404 1323
3724,2820 4515 2742 2614 405 1166 360 3465 12426 1532
3725,12162 11988 7107 7935 6240 13239 6943 12860 2430 9827
3726,2371 7014 7015 7554 9853 6553 9625 2375 1726 1354
3727,8318 7878 12925 12038 12718 8532 14134 14135 12923 7887
3728,8226 5363 12286 5368 1351 7042 6750 3109 14740 10909
3729,13964 13965 13966 13963 13707 13967 6751 6750 6234 996
3730,4450 8122 13968 13566 8127 8123 14006 9808 14153 8114
3731,12417 8295 13969 13975 6268 10872 12601 12179 12408 14683
3732,13548 13972 13971 5964 13970 13408 11763 10869 5970 13547
3733,8004 12135 6835 7999 6838 4410 1877 14623 11526 8000
3734,576 13681 13695 5204 5358 9407 9966 6073 12048 12029
3735,379 10780 13973 1160 14617 3228 9496 3676 2675 9476
3736,4909 2636 13974 12601 13969 13975 2567 8295 12316 13462
3737,3676 2546 9000 10780 2496 9476 9496 6890 2554 2516
3738,10904 11192 1951 4888 13977 12770 10905 5621 571 14299
3739,11038 67 10654 8142 12405 767 12971 9202 10293 23
3740,4138 4132 2875 7554 4139 10199 1003 5447 4413 4687
3741,4403 9625 10069 7554 4139 3083 1318 10068 4599 1721
3742,6392 13942 13123 3265 13979 13978 13980 6389 14420 7356
3743,7215 5449 7218 2869 2371 5845 2881 11347 12332 2375
3744,7784 4624 12642 3083 11851 4687 1011 7057 1003 3085
3745,1354 1355 2888 1357 2369 2371 2378 4138 4141 11347
3746,4138 4036 8152 13573 13981 13982 1460 11528 13621 3082
3747,2875 2871 12078 4139 2874 12079 2873 7554 4132 4138
3748,8152 8160 1721 3693 1776 8151 8161 8156 13573 1153
3749,1826 10199 4416 3843 5447 2876 3416 4414 7554 4134
3750,1317 10067 12661 12663 12662 12664 12078 12079 12660 12658
3751,1011 3415 5863 7427 4134 7057 1862 9851 1357 4687
3752,4138 7057 1719 8541 670 12929 12349 4687 4132 1011
3753,4132 4687 4688 8164 4138 9757 3094 3083 4597 1317
3754,3083 1003 1146 13911 6556 5844 13983 6554 13984 10814
3755,7427 4060 6361 3415 5846 10899 9237 4626 1320 12075
3756,7065 3074 3688 3666 2999 3667 13911 13985 11892 1003
3757,7427 11347 4037 1003 2875 7065 12914 13076 13237 5449
3758,12332 12548 9967 1011 1711 4037 8541 7215 11347 1721
3759,9965 4697 12965 4170 6515 9963 13838 10188 11384 628
3760,9134 9132 2585 5234 9131 9130 3958 5859 9133 10536
3761,9659 1948 11896 8207 10557 13986 1947 8209 4753 8205
3762,13988 12343 13987 11862 11786 2280 7663 14528 10051 7706
3763,8999 14163 7121 14166 9054 7124 91 3055 1367 101
3764,13308 13989 13990 8111 7553 2891 5451 1824 8165 14336
3765,13757 10892 3593 6398 13758 7543 13991 7355 7254 7539
3766,1859 12866 13992 1860 11776 12551 1141 1858 11625 11806
3767,13994 11366 13885 3055 6572 12850 626 3452 8808 2742
3768,2371 1721 11347 2375 8982 1354 1357 1011 7554 7215
3769,8882 4455 620 621 9714 10481 5907 4852 12039 4352
3770,4688 4596 5686 4132 4687 1136 4138 1011 7215 4134
3771,4170 6515 4697 1522 6513 628 13979 621 3070 8237
3772,1883 9025 13247 9948 6102 13997 6100 13995 13515 13996
3773,13905 13998 4670 1222 14137 5782 7742 11968 7351 7349
3774,1896 9682 4561 399 12566 9805 5246 5788 6616 10151
3775,133 4182 11734 9197 10982 14001 5053 9947 8012 8390
3776,11956 13221 13464 12840 10157 14221 1795 8452 5514 7173
3777,14003 11366 3055 10715 8999 611 692 4426 53 2820
3778,12850 13885 11366 4430 13606 14004 14538 5267 692 5266
3779,2820 2742 405 4515 1166 2614 1535 3465 12426 1165
3780,8526 13932 11755 1166 2741 13931 12746 12426 14122 6415
3781,5998 3464 2815 2742 1166 2820 2614 3465 11524 8906
3782,1300 14005 4023 9241 3559 98 5213 6126 5978 1263
3783,9340 8811 12764 12130 5753 11917 9773 8480 5096 10293
3784,1896 4947 1946 7892 13416 11686 10769 33 7261 1046
3785,5255 7254 6397 10105 11845 2274 2898 12554 6398 1895
3786,4139 1859 11625 5848 11624 2875 9626 7554 5447 1860
3787,3578 12329 6837 12832 12830 12835 12328 8712 9364 12834
3788,9179 6184 12962 6777 5126 5617 12961 10180 8966 10881
3789,4664 6167 13634 4656 6161 1015 10154 9805 11471 11219
3790,12905 14007 5189 12906 5998 10127 12903 13315 8362 4038
3791,11120 5673 9220 12551 2869 12756 8164 2887 13483 13878
3792,6476 6226 13191 9841 9804 6484 4962 6494 6253 9226
3793,12162 14008 11988 15262 13694 11366 5352 572 11359 6761
3794,14009 1702 7083 14211 14575 8220 14214 14238 13736 10114
3795,4073 8787 10224 369 5896 4964 7649 7643 5895 10782
3796,4138 4039 673 4132 1354 4687 1719 1011 2371 7065
3797,1011 4134 6705 9192 5876 2883 9194 1779 1826 7427
3798,3896 8093 8102 352 8087 13819 12182 8089 12647 9558
3799,4596 5447 4273 11712 7978 13419 10199 5686 4139 1011
3800,13459 13544 7085 13044 13541 13545 13542 13457 13543 13225
3801,1948 2175 14011 10583 5906 2181 1947 5918 2582 2172
3802,3996 13069 6498 13690 14012 4567 1783 9713 6538 11621
3803,1677 10447 10446 12867 12869 2263 10448 5483 11592 2183
3804,6623 6170 13070 11177 908 2627 4068 6782 13880 9805
3805,1677 9823 13950 7999 2918 5880 14013 12960 7518 5483
3806,3793 7251 563 3647 5975 7255 10670 6319 10620 12622
3807,1011 2875 9645 7818 9628 6323 7554 4139 7427 4138
3808,2742 1529 2614 2820 6352 3465 5998 2741 405 1532
3809,405 404 1166 2820 1535 2742 13651 1323 8730 12426
3810,6000 6001 13323 2820 2742 13628 12426 1166 2741 405
3811,3067 10260 13166 2742 2820 12900 14327 10562 12899 8735
3812,2741 7249 2742 2614 5998 2820 1165 14015 405 12426
3813,2614 1165 2742 2820 8892 3465 1532 1166 2741 405
3814,8376 3403 3816 10595 12667 618 2204 3404 7716 2498
3815,13513 5818 1527 10657 8402 13324 11832 1532 2959 2962
3816,13339 13660 14016 3465 5998 7686 13327 6350 1166 13186
3817,1532 2741 2614 2742 2820 11112 3465 1165 5998 9784
3818,4358 1847 7106 2654 13396 1222 1268 13880 7936 7947
3819,2741 6353 2742 2614 12301 4516 1165 5998 2820 3465
3820,1532 1475 11880 2614 2820 2742 11112 5190 405 1166
3821,1475 8808 11880 12501 12535 2820 1532 405 8892 1166
3822,11652 10671 8610 10672 7442 9532 14017 3800 3662 5455
3823,13733 12026 9997 13142 13643 1590 8978 2946 6389 4748
3824,1443 2928 748 6813 6636 2138 10469 6641 1969 5981
3825,4975 222 1050 9956 3819 3820 10236 1014 1080 3351
3826,13925 5998 11945 14021 14020 3569 6278 14025 9256 13364
3827,8861 11757 14028 14027 5659 9999 5643 5644 5656 5658
3828,2820 1166 1535 405 2742 3464 12426 1165 2614 404
3829,8575 6520 2798 2321 12779 6886 6476 10810 7639 6539
3830,6396 8996 10895 9824 9823 2137 10109 4272 609 12194
3831,23 5621 11192 1880 10654 1879 12770 11720 10183 5022
3832,9441 9650 9601 716 9179 5126 11406 8261 8059 13763
3833,6286 8389 14031 10918 6276 14809 12481 6287 6282 12227
3834,13184 11590 4410 12136 13535 5895 11568 7846 12135 5896
3835,3465 2614 2820 2742 13007 1166 405 1532 1323 404
3836,2457 4045 4871 5414 11133 476 661 10239 2149 3811
3837,5299 2448 133 1738 2145 8580 8404 1091 3552 1100
3838,12499 6883 13979 9543 10450 11075 9229 8032 2732 14091
3839,3749 9789 12363 14032 6329 6335 5180 3864 14916 10779
3840,10407 14034 6818 9958 11688 13400 6819 11425 14317 10967
3841,8210 5485 3852 12029 10907 11354 956 7806 1878 990
3842,4829 11634 8387 11633 9847 11636 11635 6109 13948 8380
3843,10576 9612 10574 4608 10367 4136 5451 8767 10578 1824
3844,6162 9810 8016 12718 2849 5699 9809 1522 1665 2847
3845,1532 2869 2614 2742 11112 3465 2820 14029 9784 404
3846,10715 52 1351 14702 8999 14307 14100 8474 14163 3055
3847,2739 49 3404 2490 34 11876 1880 56 40 2498
3848,1317 12866 13557 11776 14038 4687 4037 9307 3083 4688
3849,10844 10845 12677 14679 12676 13666 13703 12495 8085 11688
3850,1003 7065 3667 2891 7078 9536 3688 4138 7554 2875
3851,9784 360 1532 2365 2820 2742 2614 404 4515 3465
3852,13617 13278 13654 5695 13279 13848 12527 1555 9623 5692
3853,1732 4235 9048 2100 7285 6025 2806 3210 3713 3206
3854,12149 11366 3055 10715 8999 611 4426 53 2820 14555
3855,1409 384 4393 445 476 466 4390 385 3055 375
3856,14033 11366 3055 10715 8999 7086 611 4426 53 2820
3857,3996 9824 11293 10108 9398 10109 6396 1896 5246 3997
3858,10205 6510 11849 6513 11841 11840 11839 6785 11842 10672
3859,3428 13641 14040 3429 4350 9393 3427 5249 1119 9256
3860,4445 9435 4444 4443 11366 3055 10715 8999 611 692
3861,8761 7333 7334 12842 9123 12027 3892 7908 8489 6940
3862,9240 9932 4411 12540 2720 8868 11008 4147 5100 9206
3863,1885 1958 7556 8592 2610 14041 10036 9158 11362 8323
3864,6139 6136 11040 13915 2087 10080 3572 8582 8089 13822
3865,2372 1916 2375 12896 2379 11347 2369 2869 1354 4138
3866,404 1535 1166 405 2820 2742 13672 12426 3465 12743
3867,12290 8629 8628 8638 13914 12289 12291 12293 13381 12292
3868,13957 11635 640 14045 5651 6281 14046 15179 3437 6274
3869,14048 10220 6059 14047 11869 10224 10117 12889 4460 12880
3870,7532 3591 3793 6398 7536 13796 7539 7537 6397 9996
3871,1532 2741 2742 2614 13200 12006 2820 13234 11112 8402
3872,6494 3591 7524 9841 13839 10150 8240 6061 7528 9226
3873,4962 4073 7643 4753 7649 3671 3669 7951 2060 2927
3874,102 900 4497 5338 10021 11142 8677 12988 2022 9825
3875,1894 2899 13738 7825 9032 1895 8515 12173 12068 3568
3876,908 6170 6782 7935 13880 6240 6181 2060 4068 9682
3877,9308 7147 6356 15156 4311 9302 12079 12078 4132 7215
3878,13615 7669 10924 13534 7214 10925 10922 328 7488 13616
3879,4570 10412 8251 2065 10413 3101 9832 10438 6710 10875
3880,7118 12427 7111 7114 14049 11444 14163 7120 7112 111
3881,13139 13696 13887 3457 13715 14050 1874 12864 11911 9973
3882,9226 9841 10122 9225 7629 9842 6253 6494 6623 1840
3883,5299 14052 13851 14054 8747 7730 6326 12097 9792 11258
3884,4045 2288 102 5163 10050 10784 14055 7854 8778 8870
3885,6968 9065 3041 2147 5077 5084 6034 3226 7920 8857
3886,13697 8320 14057 12984 14058 10432 6403 3446 1472 7090
3887,2471 11716 1295 3836 5394 4814 5836 6928 1074 9660
3888,14060 14059 14061 337 316 6852 273 14062 5945 5924
3889,1201 1578 7197 1580 14447 4219 3254 2092 3478 312
3890,2614 11899 1532 2742 2820 3465 5998 1323 1529 405
3891,873 9249 4821 7310 2324 14063 323 686 2448 149
3892,2820 9784 1166 2742 2614 405 12426 3465 1532 404
3893,1845 10255 8423 5783 14064 12009 1510 607 6854 3070
3894,5328 1882 13002 9074 11942 8698 8386 5326 5330 3481
3895,12519 13279 12926 13280 14065 12263 13068 10253 13278 14171
3896,14066 12967 10979 9772 14781 13063 8899 11203 14769 14797
3897,13646 14067 2630 14943 10981 2628 2629 14536 11366 3055
3898,1011 13225 14069 7964 4134 12332 7057 9851 1862 4687
3899,14071 12091 8543 12253 8363 8545 14076 11200 10527 8096
3900,9823 4275 8518 2287 4274 7809 5793 4809 11733 9448
3901,724 3296 2080 2676 1038 1016 722 3945 8277 1053
3902,3072 7073 14072 3071 3069 7066 1010 3070 9853 11340
3903,12153 14073 919 11366 4318 1532 2698 6815 12152 5611
3904,9015 13813 14076 14074 14077 14075 13040 12841 1883 14783
3905,4045 9849 2955 1195 5134 11447 5175 2924 296 8266
3906,323 11836 12034 12331 9251 1994 12629 9148 11012 873
3907,1317 1777 7218 4687 3083 4688 6364 1826 2881 4037
3908,13361 8739 13306 1737 15167 8733 8734 8737 8735 8738
3909,5773 13554 2764 1199 4355 1204 12431 5622 3520 12204
3910,13715 162 9472 8032 7172 12554 7196 8410 6883 14951
3911,404 4516 1475 1166 11524 12426 2820 405 1532 13188
3912,5215 9051 1074 10666 12766 7914 9933 3420 8446 5217
3913,476 488 1387 3284 5414 10054 794 2457 466 464
3914,2820 2742 1166 405 12426 2614 3465 6000 1165 1535
3915,14080 9818 9819 9821 8587 14081 10893 9119 611 8690
3916,2657 14082 2501 13172 2206 5264 2547 14512 8882 726
3917,5929 7009 8736 9808 8735 15129 8733 8739 8738 8734
3918,8513 14083 6806 8514 5163 11366 3055 10715 8999 611
3919,2820 2742 1166 12426 405 3465 1165 2614 13327 13187
3920,405 2820 1323 1535 1166 2742 14084 10679 12426 2614
3921,12486 14085 13725 1561 14086 13901 14040 5297 5151 14087
3922,13211 3612 6309 11762 13783 3611 8044 3055 14450 5599
3923,12290 12292 13381 12289 12293 12675 12291 12674 8270 12673
3924,405 4516 2820 4330 2742 1166 1535 1323 13651 12426
3925,10456 14071 11200 8363 12091 1953 2015 8543 3482 13399
3926,1616 10423 8425 1615 1605 1598 1599 1597 11366 3706
3927,9055 14088 13587 4426 3019 14558 8413 12513 12651 2391
3928,7750 7751 3677 7752 7749 8334 1475 13336 3679 11366
3929,1351 10909 12286 740 10715 14307 7920 14089 8226 5363
3930,7518 12499 10450 14091 10244 14090 13979 9543 7809 13004
3931,4962 4964 4753 1855 13184 560 11568 13535 4073 5896
3932,344 318 12640 6358 15265 6357 13656 13657 12916 11289
3933,2391 10011 11602 14833 14667 14143 12651 12025 7168 4560
3934,4361 7530 1669 6392 10195 12879 13142 14093 6389 9996
3935,2820 2614 3465 404 1323 2742 1166 1532 405 9784
3936,14094 14522 577 11366 13885 3055 12850 2742 12274 692
3937,6668 6659 14096 14097 14098 10394 109 10392 6666 6653
3938,2820 12426 2742 405 1166 2614 3465 1535 404 1165
3939,10715 4964 4962 4073 4753 1855 7649 14100 2203 4551
3940,2820 2742 1535 1166 405 2614 1165 12426 3465 1532
3941,5782 6172 10714 9810 12937 3423 6238 9697 8650 10363
3942,3387 8884 3829 2280 5402 10051 7695 13987 14102 1876
3943,10868 3541 3540 3537 6613 12373 7172 10869 3526 2274
3944,1940 6062 7530 5276 13141 11885 2162 1943 12142 4361
3945,1115 11885 2726 12155 2907 9708 5967 5788 9393 7980
3946,12459 2991 3654 3656 3646 3650 3652 3657 3653 3649
3947,2820 2742 1166 3465 3464 2614 405 13327 4516 1165
3948,1826 7427 4414 2876 3844 3843 4416 3846 14105 10815
3949,3273 7160 13372 7728 9019 12109 4931 5306 10213 12811
3950,14108 14210 12668 11366 3055 10715 8999 611 4426 53
3951,11773 8358 14109 8359 7172 8360 13779 9450 7721 7985
3952,12290 12293 12675 12673 10604 14111 6793 14110 11630 11186
3953,10369 10227 3016 4943 11174 8671 1569 3014 4757 2024
3954,13885 12850 11366 5267 5266 692 14538 14131 14486 14480
3955,6165 4601 14112 7651 6161 2439 6167 6781 10810 6780
3956,714 4997 10494 7390 1349 4888 2450 3554 1348 13429
3957,7490 10161 14113 3100 1504 6957 5928 7501 163 420
3958,8795 9223 205 349 11815 203 771 6259 3755 1164
3959,3676 10270 8790 14114 5823 3691 10078 13355 9619 6812
3960,1320 6362 4060 1778 6361 1779 6363 1319 9192 2375
3961,1880 7734 7157 7726 2549 12811 23 13413 10018 2206
3962,811 11141 1667 2182 3855 8225 12358 9937 4478 5918
3963,2026 5415 40 5191 3407 2498 11876 10018 837 11223
3964,12520 13641 12685 12684 11620 2839 1554 5288 14040 13116
3965,13358 14116 7950 6188 6250 6249 12939 1222 14115 4068
3966,11782 10252 8737 11684 12892 7180 266 14117 14118 902
3967,4247 11670 3992 11905 13143 7053 5593 4181 12438 3990
3968,2820 2742 2614 1166 405 3465 12426 1323 5998 3464
3969,7215 4606 10088 2373 2371 11346 2375 2869 5845 4138
3970,7152 4052 7907 3538 1086 7776 506 12543 13454 7697
3971,2563 3459 14125 1018 1090 6889 10342 10551 3461 10341
3972,4223 753 1503 733 6088 11158 4 3916 794 6469
3973,2221 2597 160 6433 11529 689 8172 1052 8896 4976
3974,8 1995 14126 3403 13835 13224 7795 12793 3043 8591
3975,5452 71 5229 10124 5615 7684 14127 1740 13335 7249
3976,3083 4403 10627 1318 3074 10069 11890 6579 2869 10461
3977,383 4058 4056 4057 4059 2612 13451 11631 13818 13461
3978,1354 1355 5672 1357 5671 3799 2371 2369 4141 4138
3979,10148 8119 13726 2924 2903 13564 5251 8118 8842 10151
3980,2210 10464 1282 8896 14514 14166 9519 10466 10465 10463
3981,11405 726 11403 14512 692 14136 693 11402 9106 14208
3982,2770 14129 11932 11084 4950 14382 10668 4711 10060 5405
3983,12850 13885 11366 5266 5267 14538 14486 692 14479 12134
3984,11366 13885 12850 5267 692 14486 5266 14131 14479 14538
3985,1475 8892 10413 8454 11230 14132 11737 405 11880 11112
3986,12081 6392 4699 6389 9657 13951 5601 5967 6508 9998
3987,6409 8310 9041 5056 3903 3899 3901 8723 3374 5210
3988,64 8258 11873 4449 46 12577 5325 1337 9321 4205
3989,4024 9920 10480 1918 3402 2559 9914 2511 12692 2536
3990,1172 755 1173 1171 1174 2114 1673 10585 3811 4333
3991,8318 14135 14134 7878 12925 8532 13765 7624 7887 12177
3992,1357 4139 8164 4608 5863 11624 1828 4137 2377 4605
3993,1668 1667 7707 9832 7705 5476 3137 4099 5799 5797
3994,12426 1529 1475 2820 4514 1533 8526 1166 405 2741
3995,1447 9319 7186 8479 9306 3055 12916 6032 12547 10649
3996,14136 14137 692 11405 14208 11402 693 14497 11366 13998
3997,2820 2741 12426 404 1166 3464 2742 405 2614 3465
3998,6532 8306 7864 10608 4351 2081 2928 2079 7863 202
3999,685 10564 1701 14141 12545 13919 14140 2074 6434 10565
4000,3280 1161 1501 3834 119 137 5209 2474 5207 3359
4001,4962 6489 13753 11189 8785 14144 3959 4753 1291 10124
4002,6622 6476 2979 1864 5145 4976 6004 2268 12522 8305
4003,11120 14148 14147 5673 12551 2869 13483 12756 8164 14829
4004,2614 2742 3465 1532 2820 5998 1323 1303 1529 1166
4005,404 8907 1166 2820 11753 14138 14150 12426 405 1532
4006,10373 10372 155 10371 156 10370 153 4396 3595 152
4007,7574 6186 4948 11227 6782 7573 11912 5375 6779 7575
4008,7532 13023 12957 12456 8126 13046 11978 11895 12952 12958
4009,12748 11218 14153 11219 6537 3665 10701 13834 14181 7045
4010,1894 2899 13738 7825 1895 8515 9032 12844 12646 9202
4011,3482 3481 14155 1882 5326 14789 5327 5332 5331 5328
4012,12162 11988 572 7889 13767 11366 14008 13239 2430 12860
4013,14156 11002 12101 2378 10981 12077 9173 6810 4416 6811
4014,2820 2742 405 5998 2614 4515 1166 3465 1535 12426
4015,405 1529 7249 2820 2742 2614 1323 1166 12426 1535
4016,2614 2742 1166 2820 3465 405 1532 3464 5998 1165
4017,8887 1669 14093 13783 7657 6950 7530 14090 9996 2866
4018,13725 13537 13848 9557 14085 4458 1560 12486 13176 6669
4019,11384 14157 14159 7581 1131 14158 14160 11746 692 14304
4020,9650 9682 13763 12148 1937 11232 8059 7745 13762 1934
4021,9056 8588 3906 8581 15072 14080 14210 9260 12689 771
4022,110 14930 14166 14555 14824 9054 91 14165 7632 15250
4023,1885 971 6063 2082 518 14114 7252 12019 5538 4164
4024,12480 6788 2567 14164 4713 11187 9571 4909 4718 10080
4025,6173 1522 11221 6775 9810 6783 13424 1939 9826 6183
4026,5415 8816 8999 14163 13015 13012 7428 2739 2986 74
4027,8999 14166 91 9054 7124 14163 7121 14555 78 1367
4028,13725 13537 9557 13848 14085 14715 1560 12486 4458 13176
4029,1561 12486 6669 14085 14446 5297 13725 14086 1560 266
4030,4962 12682 14002 4753 13191 6544 7940 4964 11366 1855
4031,1357 9851 6360 4605 2014 1354 4133 8164 2369 2371
4032,5580 7929 466 618 13438 1646 3097 476 836 611
4033,12748 12496 6497 606 13490 11219 621 620 9714 14153
4034,13642 13643 12439 13726 5358 14752 12522 13741 7940 13024
4035,8786 4171 13389 14167 8785 6750 12236 1559 7544 7879
4036,2742 1323 2614 2820 405 13187 1166 3465 12426 1165
4037,2742 1166 3465 2820 1535 1165 3464 2815 405 2614
4038,1893 2230 14168 3088 14465 2906 10869 1895 7944 3884
4039,4962 3943 13191 3993 10425 12588 12223 5707 14169 13889
4040,14171 14065 10705 4373 14170 10253 11610 9668 5614 10252
4041,14173 6435 11978 2419 2429 13023 5249 13046 11708 2732
4042,3091 9542 2728 2905 14175 13281 6586 14104 2901 13551
4043,14176 13610 621 13184 13535 13107 5354 13403 1127 12496
4044,11723 12725 12839 8443 12735 7077 12731 10992 10075 10099
4045,1166 1323 405 2820 3464 1535 404 2742 13628 2614
4046,2741 8907 2742 2614 2820 5998 1165 12426 4516 1532
4047,13069 13901 8033 12467 14086 13471 8021 8410 11177 13287
4048,8362 14180 13055 11555 12820 13315 5998 12905 12821 14195
4049,14175 13408 6869 1265 12555 11295 10153 2429 12456 8620
4050,12685 12684 9137 11611 2840 14181 6298 10757 7650 14153
4051,7730 7758 9910 10158 9121 12110 2538 3461 6899 9921
4052,11770 12319 2843 8870 9895 9393 11772 1121 11366 11771
4053,2614 2742 5998 2820 3465 1532 2741 405 1166 1529
4054,2820 1166 404 12426 3464 2742 405 9784 13327 3465
4055,11219 3665 6479 8264 12518 13254 5923 12926 14178 6537
4056,9807 11114 9661 7934 12025 6251 3265 900 3878 12036
4057,5367 12242 11226 12239 10953 4137 12732 11225 1721 7081
4058,14133 14189 14192 14191 14186 14188 14187 14190 9231 14184
4059,3407 2839 1460 6846 3609 4379 668 3492 3533 11181
4060,1532 11112 2742 13187 2614 2820 14122 7686 11755 12994
4061,13845 12683 13846 14177 1942 8966 13116 9695 5605 13666
4062,14194 14195 13409 13659 2819 14196 12323 10127 7237 13039
4063,9201 14198 14197 14525 14395 9210 9217 9205 4466 2904
4064,1885 12997 13532 13433 13432 8323 1884 13001 1958 14031
4065,14129 11084 5405 4711 8058 11932 14382 2834 10060 7408
4066,3896 352 14200 8093 14398 13819 11405 8102 9558 14789
4067,11405 726 14136 2600 12868 692 11403 11402 14512 693
4068,4766 10962 2807 5540 1028 44 1964 3903 3556 10960
4069,5725 12251 2133 14209 7776 3678 8892 3811 3195 2469
4070,14205 14204 14202 7581 14203 11384 14159 14157 8423 6606
4071,3160 5233 12110 8460 13216 7371 188 1018 5234 3174
4072,12524 12824 12249 12263 9556 10322 13858 12248 6619 5157
4073,6669 1560 14207 12486 4368 13725 13537 1561 8999 14085
4074,14208 9131 10168 14046 692 14136 11402 11405 6608 5234
4075,4135 9751 3679 4605 10953 2869 7553 7057 8164 5672
4076,5689 4413 12349 4605 8541 2875 7057 8477 2371 1721
4077,14209 14208 13736 14596 692 14458 14213 14136 11402 11405
4078,2375 1317 4688 4135 2379 4687 8152 4132 13702 2371
4079,9920 11644 12692 2518 9913 4024 5187 2532 2553 5748
4080,4962 13191 10426 10425 4753 6544 6495 4073 6494 12223
4081,8084 11206 13463 12899 14641 8079 2404 5331 12276 2989
4082,14120 3955 8775 13883 2464 1456 15245 7920 1347 13807
4083,415 14212 14211 13167 14448 14214 14009 13736 9889 8020
4084,14213 8020 2651 14209 14214 13050 692 13838 15169 15086
4085,12142 13141 14215 12248 13767 13771 4629 12524 12249 7530
4086,2820 1323 405 2614 2742 12426 1166 3465 1535 3464
4087,9959 14024 12265 9566 6819 14664 14025 9958 12266 9960
4088,14217 14216 10562 8734 5494 3978 471 1520 6827 12777
4089,9973 11907 9387 9380 11908 13035 9385 12860 9323 9384
4090,2375 2372 2379 11347 2371 1320 4060 2380 2869 9853
4091,12082 1111 6172 12987 8650 9810 12937 6185 8968 6541
4092,2156 2290 4933 4267 5260 5159 10405 2294 12359 611
4093,6622 6785 12566 4437 8195 9052 3890 12264 6848 14221
4094,11384 5788 692 14205 4170 6622 9836 9226 6884 6484
4095,13388 75 8587 3063 8999 11126 3055 10715 53 14840
4096,6183 2981 1700 8114 1846 6171 1864 6173 7940 6187
4097,14222 14223 14224 11366 13885 14538 12850 14415 9583 11384
4098,2869 11120 5673 12551 14226 14225 12756 8477 2887 1318
4099,2839 14065 14171 12519 10705 11610 10253 12520 5614 4373
4100,6477 7649 9213 10337 14227 13460 2731 12881 7643 399
4101,14209 10121 6331 12188 14596 14458 14213 14595 6327 13680
4102,1166 405 3464 2820 2742 1535 404 1323 12426 3465
4103,2742 2741 2815 2820 4516 1166 2614 2814 3465 13187
4104,4138 11624 1013 13984 10818 9195 7080 11691 1001 2371
4105,9324 9323 14230 1558 12526 13171 13175 14228 12527 13641
4106,7065 3667 10953 9536 7078 4600 1003 2891 7075 4138
4107,12594 14232 9813 9960 8099 13073 12649 12003 12266 14231
4108,1721 7057 4605 9851 4413 10246 7426 8164 1011 4133
4109,14152 14235 1625 6062 12553 8126 12956 12957 13046 7532
4110,7014 7015 4062 14236 9307 9412 4063 11273 3486 9853
4111,2742 1166 405 2820 1165 3464 13327 2614 1535 3465
4112,6240 8967 6174 14237 11796 9104 6241 10251 6252 7165
4113,2820 2742 1535 1166 405 2614 12426 13187 1165 3465
4114,8921 1845 1510 8687 6247 13644 5783 13387 10255 12492
4115,5788 7253 13616 7401 14170 4170 6884 9226 11384 12850
4116,1438 3728 8485 1407 322 9563 2702 206 11088 2696
4117,14238 14260 14638 489 11315 14572 8250 11306 12339 692
4118,2130 8591 8 10382 10383 8999 611 5141 363 1383
4119,14239 14243 14249 14248 14250 14244 14251 14246 14247 14242
4120,5607 378 4301 5829 890 4886 65 13645 3326 3383
4121,5787 5786 7000 1619 3178 3177 131 10564 6434 12666
4122,692 11405 14136 11366 693 14208 11402 726 11403 8250
4123,705 3242 4848 10232 2148 4568 9072 443 12698 8823
4124,6498 6097 8515 6546 12985 1557 13942 6499 1893 10869
4125,692 14250 14248 14244 14249 14251 14245 14246 14247 14243
4126,7643 6613 7649 10868 8788 621 628 4388 1127 620
4127,11252 3483 4507 11251 2011 13684 11082 13736 9410 15218
4128,538 4844 5751 525 5749 536 6820 531 14808 4839
4129,7745 10119 11656 9650 12148 12138 11085 7401 13782 1932
4130,2767 4468 3092 171 4774 12163 4364 9604 2326 7327
4131,2665 3564 3562 3568 1635 13944 4058 12268 14041 2086
4132,88 9669 1296 9188 2473 6561 2156 12018 184 3860
4133,14254 14253 14357 2465 14318 11579 13525 14358 5738 10058
4134,3387 8884 3396 10125 7809 6905 7518 5402 1876 2280
4135,10370 7630 14126 3981 7795 10728 10371 10372 10373 13835
4136,5142 11993 5794 2938 5801 2781 9296 10579 1520 13560
4137,5502 10236 7021 3820 4975 226 8404 1049 6260 4229
4138,14217 8458 4569 8735 10562 3242 4627 14471 5929 15129
4139,46 6825 241 6787 611 64 169 618 951 9131
4140,870 139 5437 5041 466 2309 5043 1902 1646 476
4141,9101 6824 14255 9100 7556 11365 13929 12977 5324 8487
4142,3359 9669 9118 4320 3282 10295 3119 3356 3380 186
4143,11119 6542 2869 9664 3079 8982 11118 8151 6738 8160
4144,8848 8850 13713 4607 9645 7427 8847 1010 12348 1711
4145,7739 8077 4651 7658 14257 11963 11163 4665 4648 4647
4146,3903 7910 5952 1058 3899 3901 692 5287 9543 7452
4147,3038 13193 11706 14258 4257 11139 4489 13194 10930 13865
4148,1971 10001 10181 282 10003 8024 8914 5776 10002 6772
4149,3055 2556 1351 8367 10544 9164 3505 11233 7155 13454
4150,7329 7331 4898 5996 6199 4640 8481 5822 5820 4904
4151,4865 7391 3150 2519 2625 383 2493 3043 3168 421
4152,489 14238 14260 794 466 14638 826 12339 692 14575
4153,1011 1721 7572 12146 1727 4407 9851 12332 7057 11347
4154,769 2448 7697 463 14063 163 2024 4821 6031 8287
4155,2210 11157 5746 5408 8098 8285 5747 8700 2 1282
4156,2026 1798 2548 1961 5191 7734 2146 2574 5281 8722
4157,1532 2614 7236 2742 11112 6940 3465 2820 14262 9784
4158,8999 2309 5488 9706 5527 9701 14163 7121 5489 14166
4159,9812 1543 2666 4059 9123 10980 12312 1392 8392 12996
4160,3077 6703 3076 6704 2616 11057 3079 3078 2870 7221
4161,7758 6888 3459 10886 10546 9898 9902 10212 1621 8972
4162,7651 10064 1676 1934 11101 10810 7745 9806 1932 6165
4163,385 10432 13130 134 2241 386 3811 1507 611 578
4164,4920 1074 3497 12813 9545 12193 1869 5215 4638 2483
4165,5155 4181 690 1568 2448 3258 3555 769 10301 3773
4166,4524 8016 4530 4529 11592 14266 4520 4526 4522 4525
4167,10372 10373 155 10371 10370 156 153 466 4396 625
4168,4036 9951 14267 4138 1011 9192 13982 9950 3442 9948
4169,7977 2672 4312 9991 4498 4474 5325 2671 2670 2673
4170,4351 2256 239 9613 4286 6118 1746 2257 11113 8028
4171,6792 324 4920 5563 11166 3153 323 5820 4648 4647
4172,257 6094 5920 5199 14887 256 258 7998 14417 10443
4173,14268 5226 11366 3116 11253 14396 4576 8454 11630 3055
4174,1177 6613 2984 8788 12930 10868 2846 5111 7804 10000
4175,8474 9427 52 10715 9428 1850 5089 881 9426 7290
4176,1011 7427 4132 4135 4139 8848 8850 4403 13713 4607
4177,10820 6227 5793 11914 1620 3720 1297 11129 5141 8521
4178,5563 4656 11371 4657 6792 4644 4642 4646 4648 4647
4179,3602 3348 3834 5828 3280 8273 5209 3584 2488 10976
4180,6046 11713 11751 3740 8129 4143 7646 5458 2063 6970
4181,14273 14271 6041 8453 10586 14272 5031 10822 6569 9069
4182,5723 8714 12069 4032 4031 4029 8295 1686 9494 9489
4183,14136 14208 11405 692 11402 693 13838 6608 11403 13182
4184,693 6725 12281 4937 9704 11405 692 6717 11403 8517
4185,4220 775 4096 4217 1967 7291 1959 4233 5412 1229
4186,11378 11379 3160 3174 12016 11441 7005 3975 8376 3900
4187,4346 12714 14274 7394 12620 3201 3307 11843 8553 8241
4188,13560 711 6615 6624 7743 7742 2277 7179 2938 10416
4189,4660 4663 11368 11370 2804 4653 4650 11369 4662 4657
4190,1831 2525 10137 1984 3468 8364 1835 1830 13935 7768
4191,685 195 6822 169 1394 2067 686 6821 1701 10564
4192,323 764 2108 12162 9563 1491 14206 5247 11360 1215
4193,1532 2614 14138 2742 11112 2820 3465 8402 404 9784
4194,244 7831 12549 10487 10043 3172 248 426 3915 3918
4195,13725 4458 13537 14085 1560 12486 6144 6145 13848 9557
4196,1684 764 4468 1443 757 4862 964 1688 6198 171
4197,1425 14275 8820 14279 11053 611 13588 14278 12013 13264
4198,1568 1452 2024 8653 2756 12042 11950 8742 1427 7420
4199,11151 9679 1160 8439 4556 4064 1161 1300 1571 1043
4200,9826 1269 10867 14281 8227 230 3859 10870 2982 11366
4201,794 163 760 6411 167 467 6216 170 143 839
4202,2498 7113 159 5003 10406 7116 11563 7127 49 7120
4203,11347 6805 9173 14283 2379 2375 2372 8982 7215 3083
4204,1475 9911 14284 731 3138 9912 2166 11848 11409 6116
4205,323 466 873 3811 476 879 775 2448 6033 3139
4206,14209 14286 14285 12440 14596 15173 14458 14213 14595 13680
4207,748 2930 1252 1408 838 6645 11170 169 1410 745
4208,2764 2826 9439 9518 871 3748 1103 9478 879 3351
4209,467 1423 14287 6216 10454 794 3222 4468 12847 1231
4210,14294 14292 14291 14293 6666 3646 6653 6662 3652 6664
4211,14175 232 10153 10485 10406 6667 233 7195 11292 6869
4212,8999 13725 14085 6670 1560 14163 12486 7121 14166 9054
4213,2291 2287 9051 10078 4090 10270 7848 2290 7341 846
4214,12513 14295 14930 14427 3021 11229 14088 3498 14558 6521
4215,618 794 971 6063 7633 6005 5417 612 287 611
4216,4426 13587 7115 10602 8653 6148 2326 7124 14163 9055
4217,10731 6129 11410 9945 14154 13856 12587 529 12823 9533
4218,323 234 1619 2130 5938 9613 13722 12670 14298 881
4219,870 14299 3276 8106 3956 466 1385 1902 1404 879
4220,10401 10400 6652 10402 10399 10405 10396 11971 10395 10397
4221,14301 12556 14096 14097 14302 10392 10394 6654 14098 109
4222,3160 7632 7310 7109 11230 611 3471 1397 14555 1385
4223,8999 14163 9054 5415 7124 14166 14555 58 78 4426
4224,11384 5516 14304 13652 14303 9945 2623 6574 9827 10675
4225,7719 9143 6766 14674 15260 13524 7953 3470 3729 15046
4226,10432 8488 14305 10278 12352 12176 3449 9762 3448 8888
4227,3500 4031 2493 4669 82 4965 8500 4760 63 2155
4228,9054 13587 7124 14555 8999 14824 14826 9055 14166 14306
4229,9054 739 14306 14555 7124 8999 13587 14166 3021 14824
4230,8999 7124 9054 14166 13912 78 2156 14555 5335 91
4231,740 14979 1351 14907 14163 101 14296 10715 9106 106
4232,9570 2235 7235 138 2709 2222 6800 1429 4477 10462
4233,10076 11955 14308 405 5998 2742 7282 12426 13353 2741
4234,323 13741 1806 14311 1026 9906 9902 2602 14310 11969
4235,14312 11366 3055 10715 8999 4223 611 4426 53 2820
4236,2739 5415 13015 11482 13012 8999 611 3471 40 11876
4237,10746 14313 9085 2856 240 4359 8527 11447 5010 5619
4238,5233 10015 9904 5309 5567 3501 14100 2536 13669 7773
4239,13481 13480 5471 6086 11366 3055 11047 10715 8999 10838
4240,9213 13029 6513 2731 3522 13267 13666 6617 3118 11475
4241,13029 12250 1196 14314 12980 6670 9972 15047 9984 6171
4242,13628 13245 13576 13650 404 1166 13128 13244 2820 12426
4243,405 3465 1323 12426 2820 2742 2614 1166 1532 13187
4244,14290 10397 6655 11389 13849 6661 6664 14288 6662 14292
4245,1532 5998 2614 2742 2820 3465 11112 405 2741 13329
4246,6792 5563 3067 5516 14316 13431 14315 13310 13904 4118
4247,11069 7731 12420 2123 5543 5097 7727 2496 2128 2527
4248,9340 14317 11429 5753 14034 10407 12764 11917 12510 8811
4249,14058 14318 11585 8509 11579 14357 11581 14358 13525 11582
4250,13571 6327 1304 12342 1761 6331 11779 1609 10631 6492
4251,692 693 14208 11366 11405 11403 14136 14320 11402 8250
4252,9600 3155 14321 5106 9246 9508 8976 7952 413 12195
4253,3403 11035 14322 11790 10064 7671 8523 10191 11066 8484
4254,11917 12855 6023 9340 9773 5748 10540 12918 611 11915
4255,2957 11480 9024 12666 12918 374 733 12516 13373 56
4256,8760 14319 7781 11952 8747 5229 7946 1740 11438 11788
4257,14311 13898 6232 13741 12577 9291 12864 5909 8781 10252
4258,11555 14323 11554 13924 10127 2614 8362 13315 10596 12659
4259,2741 12425 14138 7686 8827 2742 14324 2614 14308 5998
4260,14326 1525 11394 1330 1531 1530 13672 2742 1323 3464
4261,1532 3465 4515 2614 2820 2742 405 1166 9784 404
4262,3465 2814 4514 1533 2820 2614 2742 1166 1532 12426
4263,8808 6353 14138 5194 13343 14328 12271 1532 4516 2741
4264,1532 2820 2741 11112 9784 2742 2614 3465 6352 405
4265,2614 2742 12905 3465 2820 1532 5998 14329 13409 1323
4266,2741 13323 2742 1165 2614 12426 5998 2820 14014 1532
4267,3507 11560 14199 9690 9049 5752 11974 12918 75 13518
4268,2614 3465 1529 2742 2820 5998 1532 1166 1323 405
4269,2614 3465 5998 1529 2742 2820 6352 1532 2741 405
4270,405 2820 1323 2742 1535 1166 13332 12426 404 11955
4271,8892 12070 11111 6990 1475 11112 405 8893 1532 1535
4272,13248 13672 3463 2614 3464 1166 12426 2741 14326 2742
4273,2820 1165 2742 1166 405 12426 1535 13926 11880 2614
4274,2822 8907 13201 13202 2820 12426 405 13347 2742 2614
4275,13245 13244 13128 13576 12426 12882 13730 14802 404 13248
4276,2742 1166 2820 2614 1165 405 3464 1535 2743 3465
4277,9784 4515 1532 2820 405 2742 3465 2741 2614 1323
4278,405 1535 2820 1166 2742 11880 14084 13452 13203 14332
4279,2614 5998 2742 3465 2820 1532 10127 2741 1529 11555
4280,5998 11112 2614 2742 1532 2741 10508 405 2820 3465
4281,2742 2741 1535 11112 2820 1166 13327 405 1165 2614
4282,5998 2742 2614 10127 14007 2741 405 2820 3465 1529
4283,11112 9784 13248 14326 2816 10260 13672 1532 8906 14336
4284,2742 405 1535 2820 1166 2614 1165 1323 5998 3465
4285,2614 1323 3464 1166 2820 3465 2742 405 1532 12426
4286,2742 2741 3465 1165 2614 2820 1166 2743 1532 5998
4287,1535 405 8730 2820 1166 13926 11524 13575 14122 14331
4288,2820 2741 405 5998 2742 2614 1166 12426 3465 1535
4289,2742 1323 405 2614 2820 2743 1166 3465 1165 14122
4290,2614 11112 1532 2742 3465 2820 5998 2741 1529 1323
4291,1166 3464 2820 13187 2742 404 1535 405 12426 2614
4292,2741 1529 2814 4514 2614 2742 12426 3465 3463 2820
4293,2820 3464 1166 4516 2742 3465 8907 2614 12426 405
4294,2742 2614 2741 1165 2820 3465 5998 1166 1532 405
4295,1367 2029 5547 2208 8999 3055 7128 101 611 3019
4296,14339 14338 12627 12628 12632 9421 3486 12630 5668 9639
4297,9807 12025 10986 12985 6784 14340 11661 9661 900 3878
4298,7401 4755 11872 7253 13830 13829 11568 7402 8649 14582
4299,4138 1719 2373 4132 4687 7057 7067 2371 1354 12929
4300,6097 6685 12025 1786 13644 6616 8372 1896 6622 6257
4301,4687 3083 4688 1721 4132 2369 7784 3084 12209 13785
4302,8029 8026 8039 9128 8885 8024 1122 8008 8010 8015
4303,1354 10199 11777 1355 1357 2371 4138 7427 5447 2378
4304,7427 7554 10088 7785 10198 7095 10987 10749 12370 10199
4305,14181 14342 10351 6298 12536 9233 8454 10349 8555 10353
4306,3083 1315 12211 4687 7784 1317 10461 4132 11347 4688
4307,1317 4403 13519 12917 4687 3083 1318 6360 4037 4688
4308,576 5782 8423 10255 7625 14064 11265 12048 5783 1845
4309,7436 13258 12891 13698 10413 12890 13377 1225 6777 6290
4310,2930 14344 9688 8176 14227 1747 4492 8671 11654 15159
4311,7427 4599 10461 7077 10992 12735 12725 7554 4687 4403
4312,10911 7702 13557 13556 14762 7014 9307 11273 3486 14763
4313,1011 11537 4134 8541 12332 9851 7057 1862 4687 1317
4314,2869 7215 11120 4403 1318 10992 7064 7096 4599 3085
4315,7427 4402 7498 10199 7554 1011 4687 10899 4599 4403
4316,4437 3980 11949 5421 10706 2739 8748 7408 4865 8673
4317,6849 10195 13742 10103 10267 578 6332 11143 11260 10196
4318,1011 4687 11347 1317 7215 2372 1778 9194 4132 2375
4319,4350 3428 3429 3427 1119 8016 9393 11366 3857 8021
4320,2953 756 14111 5579 6332 12673 4343 11186 14110 4874
4321,2869 7215 11347 4134 12332 10088 10072 1011 6738 7427
4322,13214 13215 691 14721 13213 13217 13216 77 5601 5023
4323,1709 8542 10994 4461 10990 4145 10998 10627 7098 5846
4324,4687 4132 3083 11347 4688 4138 1317 9850 7093 7427
4325,9807 2422 10224 12036 9661 7934 567 2421 11114 14048
4326,740 8479 4847 14348 11818 1351 14979 14907 10715 8935
4327,7215 11347 1771 14351 14350 14349 5875 5845 2869 2375
4328,10969 1524 13776 13034 14117 11774 13691 10970 6841 13284
4329,11248 11249 12527 7714 4373 10253 4731 11620 12519 14229
4330,10627 7095 11099 7215 7099 8982 6804 4743 7554 5846
4331,5788 6537 6623 11218 2108 4170 4550 13417 6163 7625
4332,618 612 5782 1852 13138 7377 6605 11963 6098 9942
4333,1947 14352 12486 9659 1360 2840 13176 6231 9127 14752
4334,14353 7242 11219 4447 7571 7401 7375 7376 916 7241
4335,11840 11842 7168 10658 11841 11839 6510 6513 10011 12986
4336,10216 14354 10219 10218 5195 10217 1028 14737 14845 3813
4337,1136 1145 5686 6847 1146 10751 5857 3003 4596 7215
4338,2729 4589 2274 14355 5288 14356 4582 966 5255 2442
4339,8167 3075 8166 3083 3079 10461 7221 1003 3077 8848
4340,2742 2820 3465 1165 1166 2614 13327 405 12426 1532
4341,7217 2891 1003 1704 6363 7065 12936 3667 5673 2869
4342,6226 7506 13604 4567 11592 11964 10269 6479 6958 13069
4343,3555 4196 9309 4483 4821 8704 4216 7420 3710 4238
4344,3667 3074 3666 11626 11892 7065 3688 11778 2999 1003
4345,13823 5625 12831 6095 12830 12835 12834 12833 12832 13080
4346,7057 1719 4138 4607 2869 4687 1011 9851 7427 4132
4347,873 14357 13525 14254 14318 14358 11579 14253 7239 13524
4348,1317 10627 4413 6804 10990 12589 13209 13723 10097 1001
4349,3465 2614 2820 2742 8906 1532 1166 14359 405 1323
4350,13122 12142 7682 6939 13121 7201 11888 13024 5952 14754
4351,1317 2881 3085 7077 5449 6847 8542 4461 2880 12736
4352,4132 4138 4687 1719 4688 10199 3667 2373 7067 7404
4353,5012 14284 14362 13312 12483 2821 8058 10491 5042 14507
4354,1354 1357 1355 2369 9851 6364 2372 1136 2376 11625
4355,11019 2058 13305 5795 13302 13899 9199 7688 10121 8210
4356,4350 9650 7745 13763 6685 10870 1907 14027 14002 12623
4357,10490 13715 7544 3537 4386 13841 2846 11453 5355 11358
4358,6785 399 5352 5921 1123 1837 10870 5353 6240 12987
4359,7186 4484 7270 2950 3055 9319 5163 1447 8957 8241
4360,8210 9199 11019 13305 7688 2058 13899 13728 10121 10941
4361,1011 1354 11777 1355 1357 2371 4138 4134 2378 10199
4362,1374 56 2958 9359 13413 9206 5748 11480 7346 374
4363,6173 1392 1895 10256 13767 2023 10463 4872 285 8505
4364,73 2585 11632 7220 14364 14534 15189 9132 9134 2571
4365,4139 2378 9626 5849 11808 10069 11805 5848 2875 7554
4366,5354 13710 1125 8231 5907 4527 7172 9857 14177 14365
4367,2928 8762 6143 1443 10310 10973 7627 1985 13906 8413
4368,2582 5151 14185 5150 8855 5906 811 2175 3069 10481
4369,1447 344 12916 9319 15265 4761 1474 6032 10649 1568
4370,8144 13696 11115 7529 10052 12351 13220 6781 12879 9806
4371,2375 11347 2372 2379 9853 2371 3072 1010 1320 4060
4372,12985 1174 10644 3854 11983 2284 13045 10104 13667 1173
4373,9100 7009 14010 9101 7556 7007 10429 8736 9808 5929
4374,13307 9759 8095 13 9796 8096 12 14026 5328 4565
4375,692 11366 14136 11405 8250 659 693 13838 14208 11384
4376,14367 11366 3055 10715 8999 611 4426 53 2820 14555
4377,2428 1506 10985 2790 486 2750 1660 6220 8798 9030
4378,3563 12067 10081 14368 10223 14369 10222 9108 10900 8712
4379,14375 14374 14376 15093 2365 9784 11366 3055 10715 8999
4380,5998 2742 3368 2614 7565 2041 4984 7752 10674 2741
4381,9650 5904 10125 7935 14219 14378 5917 632 8059 13763
4382,323 9565 8383 14313 9611 5738 7811 5731 6208 11794
4383,5294 5555 10958 10862 5291 2202 10023 1018 12110 8668
4384,2742 405 1323 1165 2820 1166 2614 3465 1535 2814
4385,2820 2742 12426 1166 2614 3465 405 13421 1165 13717
4386,2185 3276 4196 3555 794 611 9309 11595 3705 4194
4387,11412 11413 11414 11411 10024 7640 6069 4709 11416 11417
4388,1535 4515 2820 405 11899 2742 1166 1532 4591 2614
4389,692 11366 14379 14380 5519 14136 693 11405 8250 11384
4390,14129 10060 14382 11084 4772 11932 10061 4711 5405 2770
4391,692 11366 6228 12081 14383 14384 14136 11405 8250 693
4392,14385 11366 3055 10715 8999 611 4426 53 2820 14555
4393,2375 1721 7427 4599 10899 2371 1344 4060 11850 1320
4394,2742 1165 1535 2820 4516 1166 405 2614 3465 2741
4395,2951 2687 14386 13168 10670 3903 9041 3899 3901 13017
4396,5016 8995 589 5507 2508 8704 784 625 6596 176
4397,2814 13672 14326 2742 1535 2815 1166 12426 2741 405
4398,11405 14388 2029 14387 14389 999 726 692 14136 11403
4399,2614 2820 404 2742 1166 3465 405 1532 12426 1165
4400,463 7631 4230 5544 3792 12019 1187 9093 794 464
4401,3943 3263 3260 11809 8140 1270 3261 3259 3813 1311
4402,10431 13064 13067 11208 2793 13066 10082 6755 12618 8899
4403,14393 3134 3895 13930 4298 14955 2678 14517 12020 15059
4404,1947 8035 4524 13221 2944 5743 8965 7259 9127 9659
4405,611 2448 4757 5155 770 10369 801 4238 5552 5538
4406,11035 8300 14254 14395 1633 14253 3403 14525 13753 7798
4407,2582 14185 11599 5151 14184 14188 14192 14133 14190 14186
4408,3811 2519 10673 2309 466 686 323 385 149 769
4409,2448 1732 5547 170 8651 4181 651 5538 580 8705
4410,2742 1532 3465 2614 2820 13327 1166 1165 405 5998
4411,12290 12291 12674 12289 12293 12292 13381 12673 12675 12179
4412,11964 1679 5264 10272 6850 1681 2722 9475 6226 2295
4413,2457 10784 548 2855 476 661 8940 2587 133 4045
4414,1532 405 1323 2820 2614 2742 8904 3465 1166 12426
4415,3805 7860 7970 13669 14178 476 12708 10558 8440 881
4416,9077 9076 9566 12647 14398 8093 8102 3953 352 14399
4417,46 2308 14400 6825 2538 56 2026 618 578 169
4418,14402 4659 4658 6799 12495 4647 7754 12740 9346 14401
4419,612 12440 7915 618 611 2448 6217 14080 2139 188
4420,645 7049 11406 6400 13124 15046 12752 14541 11361 6312
4421,4975 3819 1611 10236 5427 7369 4972 4050 3108 3546
4422,2614 2742 1532 3465 5998 404 2820 1166 405 2741
4423,10061 12308 6064 9276 702 7275 7299 856 5736 12341
4424,46 10370 2677 10371 10372 10373 6825 153 155 156
4425,8999 7121 3903 14406 3899 3901 9041 7325 2951 3022
4426,3067 14217 8735 13166 10562 14407 5929 8734 3068 15129
4427,14410 14409 12961 13101 4034 12760 137 11366 3055 10715
4428,8144 12351 10052 12879 13217 13718 5273 2269 13696 9806
4429,10148 8119 8787 10151 8118 8842 13564 8228 12137 2924
4430,7719 6766 3470 9158 13524 3729 9143 14674 13525 6491
4431,757 7504 1198 879 889 6983 811 775 795 4180
4432,9110 14412 2086 11209 9558 10243 8270 12678 14399 9111
4433,1136 7065 1146 1145 10843 3667 1721 4596 1003 7215
4434,1665 9810 9809 12987 6506 1939 1522 12576 6781 1662
4435,1897 10868 12482 13719 5492 12557 13934 13742 12038 13941
4436,2130 12014 5283 7235 12015 11745 7841 10482 8926 2564
4437,1893 10869 14414 13732 2906 6613 7804 12373 7172 12959
4438,1028 1397 11230 3180 9244 14415 11229 323 611 10901
4439,10259 14416 12504 13813 11261 14440 12410 4359 4840 2830
4440,405 1166 12426 404 5998 2820 1323 2742 2614 1535
4441,714 2291 9131 257 14417 9051 7341 3152 5234 9914
4442,10056 1576 11747 3034 1577 13037 3262 6141 13038 2221
4443,4350 14419 3308 6178 14675 3428 4000 4032 9802 7126
4444,10000 3086 7166 2050 7165 3087 1795 12930 2732 2728
4445,1686 1732 1198 13048 1661 10517 6328 2781 476 873
4446,5255 6392 12437 14420 13123 7356 13117 2425 13942 9996
4447,2741 2742 2614 5998 1165 12426 2820 11283 8907 12425
4448,2699 14422 14423 11238 7527 6477 5197 5196 249 1752
4449,5519 12779 10163 13570 14424 5520 692 9938 466 14946
4450,692 11366 3771 14426 11405 14136 8250 693 13838 14208
4451,5929 13430 8735 15129 8736 5935 8534 14217 5107 3751
4452,1826 4605 1777 4035 2886 12349 8983 12487 6364 3843
4453,8999 14166 1368 5368 14427 6750 9281 13134 8226 8786
4454,2086 6102 13307 9076 1301 12316 14428 8097 11154 2486
4455,11405 1475 726 12669 14136 692 11403 11402 14512 693
4456,8581 3333 14120 13807 13805 12689 9306 9208 13806 8588
4457,13000 1886 12612 12963 14164 3561 12092 12677 9102 11688
4458,14431 2066 10871 4202 3700 9163 1230 1243 2106 5474
4459,6364 7554 4596 5686 4603 1724 2888 3668 2875 7427
4460,2108 10821 6622 12159 14959 6620 14206 8145 13286 4170
4461,13221 10150 14221 10146 10152 10157 5343 13220 13464 11956
4462,5788 6884 12155 6885 9226 4170 5287 1115 11384 6493
4463,2278 6978 10276 6087 2431 7704 11090 876 12019 1346
4464,8517 6493 14434 4927 6451 8890 9995 6725 6450 14131
4465,1277 12152 9554 1916 1274 1279 2698 9498 12153 4318
4466,7236 11038 12971 529 12970 12968 9202 12969 8629 12967
4467,10252 7999 9291 10986 5909 8781 12864 13898 13368 10427
4468,230 10256 7978 10488 11869 3862 9826 231 10867 11366
4469,4350 8940 14185 5881 3428 14133 14192 14188 14189 14190
4470,13103 14182 265 266 12681 14172 267 13104 10705 12521
4471,2259 8004 5206 12135 6835 7504 8000 2260 12297 7963
4472,8887 11984 14437 4593 11885 14050 13550 12142 11887 11693
4473,12731 14439 13702 12080 12074 12072 13985 11922 13075 13060
4474,6814 1604 13437 7090 13664 7185 5586 5294 1614 949
4475,5782 13998 7742 6624 7743 10255 7625 6615 9826 6165
4476,7527 14442 14443 15015 2699 10244 5819 11366 5767 1596
4477,1436 3372 2729 3090 5276 5255 2728 4225 2723 4198
4478,4170 3070 9714 6515 621 4665 8237 4455 4697 6479
4479,137 4034 12760 14409 14410 12761 967 966 14038 14445
4480,740 9106 14979 1351 726 11405 14907 14163 10715 101
4481,1817 4484 2950 6980 11905 8957 11707 6971 3577 11935
4482,5374 5368 6115 5371 1473 11410 14444 5363 6334 3864
4483,7014 7015 9308 7013 12632 14445 12803 9307 9412 11273
4484,11249 1561 11620 12685 1554 4731 14119 5297 14446 13403
4485,4518 10189 8001 10185 9103 906 1678 7949 10188 9226
4486,11076 1327 12550 9198 8478 6730 9838 5899 2732 8476
4487,4964 8144 12522 12523 10122 1872 11525 5896 4073 12351
4488,3090 12910 4041 4593 5819 4042 4043 4047 5276 4040
4489,7749 2170 10973 2178 7752 7750 7751 2928 2172 2175
4490,13015 5415 2739 11482 14560 8999 11718 3960 14851 11045
4491,7533 6667 7526 14289 5114 6658 6662 6666 6653 14294
4492,312 1578 14447 2092 7197 7842 1201 7843 2091 11367
4493,693 11124 14205 9522 630 14448 12103 692 11405 11384
4494,13943 7699 8421 3801 13892 14563 13350 13520 14961 7700
4495,9784 2815 2742 2820 1166 1532 3465 2814 1535 2614
4496,5222 12649 8103 3274 8903 1911 3318 6140 8099 1890
4497,7843 7842 7844 11367 14447 3838 5336 911 4645 2015
4498,10726 12722 1715 8088 12721 12723 12464 7673 684 1710
4499,3579 9254 3578 386 876 994 8499 9020 11977 385
4500,7704 2431 6978 11656 2432 13564 10151 4561 10276 2426
4501,10700 8000 4389 8004 2653 5892 4403 4394 4390 4400
4502,6668 6659 14098 14097 10394 109 14096 6655 6656 6662
4503,1544 11203 14019 14018 12676 8758 6852 14066 5 13031
4504,726 11880 11405 7676 14512 1475 9106 1166 2820 8590
4505,8144 13183 13182 13178 10707 7521 7517 14462 13696 9806
4506,692 626 14208 11366 4966 14136 11405 14452 8250 693
4507,9071 12992 688 8393 13222 10281 13427 9202 5565 4643
4508,8215 14454 12969 14453 12970 9001 1743 12968 8629 13301
4509,14388 14456 14455 14950 11366 12494 14951 7700 8421 14706
4510,2820 2742 405 1166 1532 12426 404 1535 1323 2614
4511,14209 14458 14596 14213 14595 13680 11120 1859 14286 13736
4512,10372 10373 155 10371 10370 156 152 7716 4396 9340
4513,5673 11120 14459 12551 12756 13878 2869 4133 2887 14236
4514,14205 11221 14460 13183 14461 14462 11384 13838 7126 692
4515,5998 13974 14463 4356 9681 5403 1335 2742 12619 9775
4516,495 6155 6427 1440 488 794 3811 464 12015 2457
4517,10715 52 1351 14702 8999 14307 14100 8474 14163 3055
4518,1354 1357 1826 2369 8541 1355 14464 6550 6551 2371
4519,10826 10827 10828 10830 10825 10829 7476 6243 11366 3055
4520,6432 670 4598 11808 10087 672 671 7554 10090 12657
4521,6806 13185 5688 12378 1353 11850 5857 1706 7217 1344
4522,4772 4774 4776 7266 11193 2220 12280 10060 6905 3386
4523,794 5980 8936 476 873 323 6411 149 879 3222
4524,14168 14465 3884 3883 14466 11737 12837 8860 13627 5369
4525,9034 14468 1543 9812 13382 4566 1542 14370 12645 14369
4526,11232 2435 14469 13219 2434 11231 6710 13763 1937 2432
4527,6401 9129 13551 9542 2901 12464 1127 4337 14470 6514
4528,7015 7014 10832 7016 2003 4605 4537 8164 7013 260
4529,2215 8467 4067 5347 13195 7184 10432 3509 9848 2721
4530,14136 14208 692 11405 11402 693 13838 6608 13736 14209
4531,149 6605 14472 873 169 466 476 618 5521 794
4532,2281 6663 6661 13849 6763 7210 10579 14473 6655 6662
4533,11405 11403 726 859 692 6877 14136 14512 693 11402
4534,11366 13885 12850 5267 692 14486 5266 14131 14479 14538
4535,13885 12850 11366 5267 5266 692 14538 14131 14486 14480
4536,14475 14476 12390 15006 14923 14162 13920 8272 15007 1091
4537,13885 12850 11366 3665 2652 10701 5267 14131 5266 3887
4538,13885 12850 11366 5267 5266 692 14538 14131 14486 9357
4539,11366 13885 12850 692 5267 14486 5266 14131 14479 14491
4540,11366 13885 12850 692 5267 14486 5266 8428 14131 14456
4541,11366 13885 12850 692 14486 5267 5266 14481 14131 14404
4542,13885 12850 11366 5267 5266 692 14538 14131 14486 14480
4543,11366 13885 12850 692 5267 14486 5266 10200 13511 14478
4544,13885 12850 11366 5267 5266 14131 692 14486 14480 14488
4545,13885 12850 11366 5267 5266 692 14538 14131 14486 14480
4546,11366 13885 12850 5267 692 14486 5266 14131 14479 14538
4547,11366 13885 12850 5267 692 14486 5266 14131 14479 14538
4548,13885 12850 11366 5267 5266 692 14538 14131 14486 14480
4549,13885 12850 11366 5267 5266 14131 692 14486 14480 14488
4550,13885 12850 11366 5267 5266 692 14538 14131 14486 14480
4551,13885 12850 11366 5267 14479 5266 692 14486 14538 14131
4552,13885 12850 11366 5267 5266 692 14538 14131 14486 14480
4553,13885 12850 11366 5267 5266 14131 14486 14538 692 14479
4554,13885 12850 11366 5267 5266 692 14538 14131 14486 14480
4555,13885 12850 11366 5267 5266 692 14538 14131 14486 14480
4556,13885 12850 11366 5267 5266 14131 692 14486 14480 14488
4557,11366 13885 12850 692 5267 14486 5266 14131 14479 14491
4558,13885 12850 11366 5267 5266 692 14538 14131 14486 14480
4559,13885 12850 11366 5267 5266 692 14538 14131 14486 14480
4560,13885 12850 11366 5267 5266 14131 692 14486 14480 14488
4561,6196 13025 14482 11366 13667 5890 4028 7110 8340 6270
4562,11366 13885 692 12850 5267 14486 5266 14131 14136 14491
4563,11366 13885 12850 5267 692 14486 5266 14131 14479 14538
4564,13845 8688 12715 12859 13846 12236 9324 1558 9323 13798
4565,12850 692 13885 11366 14136 11405 5267 8250 14538 693
4566,13885 12850 11366 5267 5266 14538 14131 692 5268 14486
4567,13885 12850 11366 5267 5266 14131 692 14486 14480 14488
4568,11366 13885 5267 12850 692 14486 14131 5266 14479 14491
4569,11366 12850 13885 692 5267 14486 5266 14131 14538 14479
4570,11366 13885 12850 692 14486 5267 5266 14481 14131 14404
4571,13885 12850 11366 5267 5266 14131 692 14486 14480 14488
4572,12850 13885 11366 366 8575 4399 14483 14429 12787 14538
4573,11366 13885 12850 692 14486 5267 11273 5266 12632 14481
4574,14486 11366 5266 14485 13885 12850 14491 14481 5267 14479
4575,11366 13885 12850 5267 692 14486 5266 14131 14479 14491
4576,10200 5019 14487 14565 14564 13511 11366 4756 14227 2930
4577,13885 12850 11366 5267 14488 5266 14131 14486 692 14480
4578,13885 12850 11366 5267 5266 14131 692 14486 14480 14488
4579,11366 13885 12850 692 14486 5267 5383 5266 14489 14481
4580,11366 13885 12850 692 5267 14486 5266 14131 14479 4412
4581,13885 12850 11366 5267 5266 14131 14486 14538 692 14479
4582,12850 692 13885 11366 14136 11405 5267 8250 14538 693
4583,12850 13885 11366 5267 14538 5266 692 12134 14486 14222
4584,13885 12850 11366 5267 5266 692 14538 14131 14486 14480
4585,11366 13885 12850 5267 692 14486 5266 14131 14479 14538
4586,7719 4532 14492 9143 14674 6766 624 3445 6491 15260
4587,11366 12850 13885 5267 692 14486 5266 14130 2062 9045
4588,11366 13885 12850 692 5267 14486 5266 202 14130 14131
4589,11366 13885 12850 692 5267 14486 5266 14131 14479 14491
4590,11366 13885 12850 5267 692 14131 14486 5266 8042 14222
4591,11366 13885 12850 5267 692 14486 5266 14131 14479 14538
4592,13885 12850 11366 5267 11608 5266 14131 692 14486 14480
4593,12850 13885 11366 11273 9307 5267 14538 7014 5266 13557
4594,11366 13885 12850 5267 5266 692 14486 6785 7527 14131
4595,11366 13885 12850 5267 692 14486 5266 14131 14479 14538
4596,11366 13885 12850 692 5267 14486 5266 14137 14131 3815
4597,13885 12850 11366 14131 14495 14494 14432 5267 692 5266
4598,11366 13885 12850 5267 692 14486 5266 14496 14131 14479
4599,13885 12850 11366 5267 5266 692 14538 14131 14486 14480
4600,14498 14497 11366 13885 5266 14897 14137 14574 12298 14486
4601,13885 12850 11366 5267 5266 692 14538 14131 1910 14486
4602,11366 13885 12850 692 5267 14486 5266 14131 14479 14491
4603,11366 692 13885 12850 14486 5267 5266 14136 11405 8250
4604,11366 13885 14486 12850 692 14481 5267 5266 4339 14499
4605,11366 13885 12850 692 14486 5267 5266 14481 14131 14404
4606,11366 13885 12850 692 5267 14486 5266 14131 14479 14491
4607,13513 3990 10330 13143 3989 11670 14579 5397 3991 14036
4608,1561 12486 14085 14446 266 13725 5297 14086 13901 14040
4609,11366 12850 13885 692 5267 14486 5266 14500 14131 14538
4610,7804 2725 5426 14501 8676 12880 6613 14048 8788 1699
4611,13885 12850 11366 5267 5757 553 5266 14538 692 14131
4612,607 6479 14502 5707 14503 12466 3070 4170 6226 1521
4613,11366 13885 12850 692 5267 14131 14486 5266 14479 14222
4614,13885 12850 11366 5267 5266 692 14538 14131 14486 14480
4615,11366 13885 12850 5267 692 14486 5266 14131 14479 14538
4616,13885 12850 11366 5267 5266 692 14538 14131 14504 14486
4617,4753 10986 7855 9830 11896 10941 14279 5788 4964 7853
4618,13885 12850 11366 5267 5266 14131 14486 14538 692 14479
4619,6623 1864 1510 11912 1845 11227 13070 6484 6485 6476
4620,2742 1166 5998 1535 2820 405 2614 13187 1165 3465
4621,2614 2742 2820 3465 5998 1532 6352 2741 1166 405
4622,12850 13885 11366 5267 14538 5266 14479 14486 14131 692
4623,13458 12081 5899 13457 10464 13832 13253 5196 12623 2732
4624,6483 5793 6227 431 10764 14507 9835 11407 11408 8605
4625,4068 3887 13889 238 2265 14235 11177 12939 3665 6782
4626,14508 15177 12338 14860 7937 11366 3055 10871 7110 10715
4627,14509 13227 15191 5972 13228 4977 9602 20 175 3820
4628,8999 13282 14163 7121 3486 14166 9054 7124 3055 91
4629,4953 14510 1577 990 14458 7017 14578 53 13414 14607
4630,9430 14381 6003 6128 15109 8617 160 4738 12870 6336
4631,1269 4933 11873 14511 6982 1337 8589 9826 12363 10867
4632,10870 5527 7626 15206 15207 6785 1268 10867 5488 12567
4633,726 11405 2657 14512 11403 9106 8590 6719 10094 11880
4634,14513 14478 14277 4549 8547 14610 13420 14848 14204 14706
4635,740 14296 14979 1351 14907 14163 10715 101 14089 106
4636,4016 4074 8182 14055 611 11877 1646 10183 11880 11260
4637,7844 11367 14165 7842 7843 14447 11366 14486 6719 8663
4638,4382 11367 5026 3536 11030 14432 2836 7844 14165 9490
4639,14166 2210 14514 8999 91 9054 1282 14555 9052 7124
4640,10542 13000 14413 14683 1886 2800 13995 13001 7565 12311
4641,10873 10874 10872 12616 3834 14516 14515 10976 14412 1301
4642,1721 8152 4407 9664 3693 1776 1136 10246 1723 1011
4643,13 8096 9759 8095 13307 12 15 4565 13382 12049
4644,7643 3895 14517 7649 1127 4073 7888 11366 4298 14393
4645,11366 13885 14486 12850 692 5267 5266 14481 14491 14479
4646,612 3629 12713 3462 618 611 1880 9905 188 9000
4647,14422 11238 14423 2699 2054 7547 11731 3369 11732 11236
4648,10591 14519 320 14213 11366 15011 3841 13838 13056 15247
4649,234 235 1617 1619 1618 1622 1621 1620 3213 611
4650,8 9412 4285 9251 10180 11784 4076 539 7014 3486
4651,13430 5107 3751 7109 11668 14224 14952 3529 1112 4512
4652,7057 5367 4137 560 13723 1011 1721 8164 4138 4605
4653,10981 12101 14156 13646 5431 5036 11002 8993 12134 12077
4654,13036 14521 14520 13533 13408 5973 13263 12437 7867 7251
4655,8892 12251 7776 1475 11112 8893 8894 405 2742 13335
4656,577 14522 14094 14095 13286 11405 731 15026 11366 712
4657,2820 3465 2614 2742 1166 405 12426 1532 1165 404
4658,9830 5485 8244 10986 8646 1703 3852 7983 7982 12029
4659,2742 5998 13327 2614 2820 3465 1166 405 1165 2741
4660,4515 13271 2820 13324 2742 405 13628 2741 1532 9784
4661,1166 12426 2820 13187 2742 3464 1535 404 405 11524
4662,405 11112 8904 1532 2820 1323 2742 2614 3465 1535
4663,2820 1166 3464 1165 2742 405 13187 12426 3465 2614
4664,11384 14222 5518 692 12850 11366 13885 14205 14223 14538
4665,6057 12194 14523 6764 3004 1376 9147 12881 4480 12233
4666,14513 14478 14204 4549 14277 14848 6606 14706 11405 3898
4667,11405 11217 726 14136 13053 692 11403 11402 14512 693
4668,14205 13949 7381 14460 11384 11217 4960 14873 14426 7170
4669,360 14426 13831 14524 2742 1532 2820 2614 692 14586
4670,9201 14198 14395 14525 14197 1633 14254 8300 11035 9205
4671,14204 6606 14523 6605 14846 9258 13183 625 14581 14163
4672,11405 6476 13207 726 14136 13266 692 11403 11402 14512
4673,11384 693 692 14379 14380 11405 14205 6725 11403 5519
4674,4757 12013 14526 10920 182 7696 6216 3576 4238 495
4675,1181 7663 2591 14527 14528 11786 4056 7715 13121 13988
4676,692 11366 3801 14529 14530 14136 11405 8250 693 13838
4677,1907 14531 5674 11894 13405 12387 10565 5614 13763 7660
4678,173 5216 61 478 14163 5135 14539 13388 14585 14543
4679,11289 2591 7581 14157 14159 1181 15265 14158 14203 14160
4680,14212 14448 13167 14211 415 12103 14205 9522 630 11124
4681,11366 13885 12850 692 14486 5267 5266 14481 14131 14404
4682,7844 1180 2303 11367 7842 7843 358 14165 13754 6768
4683,13756 13272 13759 13757 10107 2417 6387 13758 10810 2425
4684,2321 6077 11144 15176 14481 11129 7182 11303 3753 6072
4685,10868 3537 12373 6613 3540 7172 10869 14414 2846 3541
4686,8892 13335 7384 12989 8894 1475 11112 8893 1532 405
4687,14532 557 9217 11366 10182 556 558 554 552 10223
4688,6484 1864 1846 6183 6485 2627 12898 5715 1700 6623
4689,4605 8164 4133 1357 5673 11120 1354 9851 1721 4135
4690,2820 1529 2614 2742 12426 1166 405 3465 3464 5998
4691,5352 7935 13606 14495 14494 4430 12850 13885 14131 6098
4692,7648 10254 10253 14039 12486 10593 8686 12716 7649 12719
4693,3993 7863 14534 9339 6332 4351 5175 9685 3994 1095
4694,11120 5673 8164 4133 12756 12551 4605 10818 2887 8477
4695,13741 14311 12577 1127 7967 14739 12470 7408 323 6232
4696,6785 6685 2979 12566 10870 12567 6257 13459 13846 6349
4697,9015 13900 13114 13040 14783 10917 1883 5331 14077 14076
4698,1884 10542 7565 13247 10976 12997 12003 13432 13000 13246
4699,2742 2815 2814 2820 1166 2614 405 3465 1535 1165
4700,5514 9114 5515 5516 14224 5513 12840 15163 12059 12009
4701,7050 5592 14356 1836 10171 15000 5593 7051 7052 5594
4702,6909 7466 1886 9960 7455 9238 1896 7453 3055 5869
4703,11358 6761 4073 5896 9239 11357 4971 2929 12263 7343
4704,7427 5687 6806 10199 7554 10899 1011 5447 4132 4687
4705,14240 7268 14535 11124 11481 5375 8871 15067 5491 7276
4706,12850 13885 11366 14536 5267 14538 14537 5266 692 12134
4707,3771 6329 5369 924 14660 5036 692 11332 917 970
4708,14131 8517 11366 13885 12850 6725 11405 14495 14494 3400
4709,14540 14541 7231 15046 12752 6400 13124 6312 11406 11361
4710,626 8397 9365 6488 7544 4966 5131 8574 578 5377
4711,14542 5337 4126 7946 12869 5339 2673 5336 5335 5338
4712,12850 13885 11366 12298 5267 14538 5266 692 12134 14222
4713,13885 12850 11366 14498 5267 5266 14131 692 14486 14480
4714,14543 9563 6729 14566 9300 4595 6728 15007 14689 5216
4715,9406 14545 3486 13282 9422 9307 7014 9412 11725 15145
4716,12850 13885 14538 11366 5267 12134 14222 692 5266 14938
4717,1721 1357 6553 1354 9851 2369 2371 3083 6360 1355
4718,14538 12850 14973 14264 7229 13623 611 14938 14222 12134
4719,14538 12850 14973 14264 7229 13623 611 14938 14222 12134
4720,13652 11009 11105 13653 9827 14304 2715 5516 12010 14303
4721,11405 11403 14512 726 692 14136 693 11402 14208 13286
4722,11405 726 14512 11403 14136 692 9106 11402 693 13286
4723,9406 14545 3486 13282 9422 9307 7014 9412 11725 15145
4724,12850 13885 11366 5267 14538 5266 692 12134 14486 14222
4725,12850 13885 11366 5267 14538 5266 692 12134 14486 14222
4726,12850 13885 11366 5267 14538 5266 692 12134 14486 14222
4727,3500 2957 5751 5752 12918 12516 13373 11480 5753 6390
4728,101 14547 14264 8999 740 14163 14898 1696 611 14578
4729,149 478 873 476 466 14548 794 169 611 686
4730,101 1808 8999 14898 14578 740 1367 15013 3219 3055
4731,12134 12101 10977 12850 5036 12574 10981 13899 8993 14696
4732,58 9013 14163 11126 8999 14824 1367 4426 8050 10016
4733,1001 12756 2887 10818 11120 5673 8477 4133 12551 7062
4734,611 14553 14557 14552 14551 14558 14555 14081 14554 93
4735,1166 1165 2742 4516 2820 3464 1535 2743 405 3465
4736,12850 13885 11366 12134 14538 5267 692 5266 14887 14222
4737,14490 12321 13885 14417 14470 14142 14674 11217 11366 3055
4738,3465 12426 2820 2614 2742 1166 405 404 1532 1323
4739,692 11366 14136 14561 11405 8250 693 13838 14208 11384
4740,1173 12481 11055 2086 2009 7221 10863 3077 11056 8389
4741,692 11366 4465 14136 11405 8250 693 13838 14208 11384
4742,9682 2438 1939 5383 1655 5384 2439 1663 12576 8335
4743,5787 5786 7000 14404 11366 3178 3177 12667 1381 2652
4744,14563 12465 13350 13943 35 12467 12468 9603 10448 12466
4745,14564 14565 4756 5019 13511 10200 11994 14487 15180 11026
4746,13838 10591 14213 692 14209 8020 14519 11366 14136 3841
4747,1001 11768 2893 1011 7062 2996 9194 1002 2869 1320
4748,14543 9300 14566 3841 11884 15007 14163 13526 13056 14689
4749,13896 13897 13894 1858 692 15195 5516 13838 14285 13895
4750,692 383 11366 4497 14316 14136 11405 8250 11384 693
4751,6583 14567 13058 692 6582 6584 6044 11159 6581 5147
4752,11630 14268 8454 11310 5226 3116 4576 11253 14819 14396
4753,12339 14569 8250 14238 692 2273 12338 14575 2263 6467
4754,14316 14570 14241 692 15060 11384 6484 13431 14243 5563
4755,6036 3180 330 10709 6963 12543 7619 12085 976 305
4756,8477 5689 2887 14464 14226 11120 6360 1721 4133 5673
4757,692 8250 11366 14572 14573 14136 11405 13838 693 12340
4758,692 8250 11366 12339 14238 6581 14575 14574 14009 14492
4759,692 11366 8250 14136 11405 13558 14572 13838 693 14208
4760,14209 14596 14458 14213 14595 13680 11120 12251 13736 14208
4761,14082 13172 2501 2657 10715 13174 13173 8138 9214 11963
4762,14577 14576 10741 15277 13513 8811 5344 13074 14434 1880
4763,2391 12025 11883 9807 10011 12651 11602 11884 7678 15163
4764,53 14578 3055 12877 7124 14826 13587 15013 14510 8999
4765,2230 13192 7944 9341 1893 10653 14168 14232 10425 7890
4766,101 14579 7223 14503 8999 14898 14578 14264 3055 740
4767,8591 10382 10383 2325 8999 117 3662 14163 15028 131
4768,4755 4434 14582 10095 6951 11872 4630 14451 7401 15099
4769,9202 6618 7351 13999 7349 12565 11038 15133 12991 7352
4770,10115 8128 6797 6795 5564 4641 7179 4594 13560 10416
4771,11426 11205 11947 11427 11425 7755 11948 12977 12648 7556
4772,12427 14585 113 14584 14583 11458 13587 11462 11460 14163
4773,10035 5380 5620 1889 221 3878 8025 12576 1664 4948
4774,908 6483 6181 11622 399 9682 6170 11407 6171 6782
4775,6884 6885 12318 6883 4924 5788 12709 12155 5287 12959
4776,426 14319 3190 11048 6022 8760 1421 488 7488 1283
4777,4755 5559 14451 14587 1636 12480 14658 1637 4434 14779
4778,10456 7556 10407 11426 12648 14034 11427 11425 13946 6819
4779,2741 5998 2742 2614 2820 13574 3465 12426 405 1529
4780,12892 7648 8688 13654 14039 10253 12520 7649 10254 13403
4781,4605 8164 4133 9852 1721 1357 8477 9851 5673 9751
4782,6622 8575 6476 6520 7639 6886 10810 13365 7853 13419
4783,13726 8410 12216 12215 12439 13643 13642 1794 12214 5964
4784,5923 13653 11177 14365 11781 15197 13070 11245 6484 2627
4785,2636 12092 12612 1997 12316 8545 1996 13818 8215 14164
4786,11366 13885 12850 692 14486 5267 5266 5226 14481 14131
4787,14110 9022 9021 14111 9023 11186 9011 12104 8211 12673
4788,2650 6487 13828 6537 13829 13830 11872 12536 4700 2654
4789,13885 12850 11366 5267 5266 692 14538 14131 14486 14480
4790,11366 13885 12850 692 5267 14486 5266 14131 14479 14491
4791,7402 12981 13679 3265 7401 7272 12055 11647 9689 8142
4792,12772 14589 12773 10877 12778 12771 12774 12780 12775 12781
4793,1475 11759 2820 8892 4516 11880 11524 405 2741 1535
4794,5 5814 8324 611 12032 4020 8323 5759 12093 7961
4795,3720 6984 5525 15092 4588 676 14957 12829 3984 14958
4796,13885 12850 11366 5267 5266 692 14538 14131 14486 14480
4797,1949 13079 8580 11366 9060 3800 12512 10554 13080 5455
4798,726 11405 8590 14512 9106 8589 11403 6719 11880 8562
4799,11405 726 14136 692 11403 11402 14591 14512 693 13286
4800,5929 4424 13513 2951 13017 8735 15129 8736 53 14386
4801,9106 14592 1605 14821 14822 726 11405 15252 740 6719
4802,1475 8334 8832 3677 13336 405 11880 8892 12426 1532
4803,12850 13885 14538 6622 11384 11366 366 13365 553 13737
4804,4351 6004 7941 6002 3662 7864 2277 10943 8028 2256
4805,11880 4074 8832 11877 12838 1475 1166 1532 405 726
4806,13617 12928 9555 3582 14593 2978 12927 13278 14732 1115
4807,5729 2847 14594 6781 1898 6097 6096 8204 6162 8208
4808,10820 4016 6105 3055 611 8182 714 7124 11365 11188
4809,3542 13435 2152 1805 8852 12233 7971 4210 774 13618
4810,11405 726 9106 11403 14136 14512 692 11402 693 6719
4811,11405 726 9106 6719 11403 14512 14136 692 11402 693
4812,611 593 6474 10893 618 9781 1621 612 10421 3213
4813,12556 14301 6654 14097 14302 10392 14096 13429 4997 6656
4814,9655 7689 6687 1707 4169 6528 13358 6187 9656 3672
4815,14209 14596 13680 14595 14213 14458 11120 692 14286 13736
4816,8999 13680 14163 7121 14166 9054 7124 3055 91 14595
4817,13013 1485 1483 14597 11316 13012 1488 1490 1489 1493
4818,2614 2742 405 2820 12426 3465 1166 1323 5998 1532
4819,2742 5998 13327 2614 2820 3465 2741 405 1165 1166
4820,4550 13417 14598 4151 617 6503 14206 13418 7866 13420
4821,2614 3465 5998 2742 2820 6352 2741 1532 2814 1529
4822,8397 6488 8574 5131 9365 626 578 629 7544 6118
4823,12949 14600 13815 1996 1997 8629 2610 8216 3572 15110
4824,2291 7341 2412 9051 2294 2289 2290 578 9570 138
4825,4946 11017 6147 6702 4504 9688 13645 4475 4298 6042
4826,3237 11440 1988 2031 54 47 11444 4887 4901 44
4827,9825 11388 9150 14450 11389 3656 10402 11971 10401 3654
4828,14601 14602 7765 5182 4418 9255 3454 8750 13546 9822
4829,8020 13736 14009 14214 14211 14213 14209 15169 692 13050
4830,5415 8798 1496 7158 14603 8999 7461 9898 14163 1367
4831,58 14080 8802 7324 100 14605 14604 14163 8999 7325
4832,10252 12235 14606 12574 9291 10250 8781 14170 5909 13284
4833,6622 7350 7352 13892 2108 2979 7349 7351 6544 11384
4834,2574 9921 13042 181 87 9907 7758 6888 5574 392
4835,476 8892 2448 14307 14607 176 9342 9350 3365 5
4836,3242 705 989 12941 3241 4568 10232 4569 6563 4627
4837,9910 14355 14608 7758 10158 3461 12110 13632 9121 7730
4838,938 12762 2441 12761 977 967 966 9880 961 12763
4839,14223 10266 14610 14222 14224 8547 13420 14538 14277 14513
4840,10753 10857 10590 3000 10855 3413 2026 11807 14611 10261
4841,9650 10151 8059 7434 1926 13763 1937 9655 1934 12148
4842,10870 10867 7106 1268 8967 13762 11621 230 6174 1269
4843,4246 7698 11170 11738 6817 2690 9355 3196 340 931
4844,5194 12380 13233 12786 2742 1166 6351 4330 405 2741
4845,6917 10539 291 2120 9909 11442 14037 5312 10550 130
4846,14613 14614 230 7586 6481 13205 9212 280 2592 8037
4847,821 8074 5512 3306 107 1216 7821 843 794 5488
4848,1480 13577 2726 12028 3410 4439 5261 7647 6039 5911
4849,6572 6571 6570 10790 6569 7389 8071 7120 4363 81
4850,488 6339 13603 611 10884 495 163 476 14363 3097
4851,3350 11094 12316 1944 11717 10486 10149 1134 1997 11093
4852,167 2460 6575 1047 145 786 215 466 775 478
4853,379 3228 14617 10780 13973 6576 909 3968 11429 3229
4854,466 794 169 686 462 489 873 658 149 476
4855,7803 7802 12081 6146 2728 7801 2898 5899 10745 4699
4856,14367 11366 3055 10715 8999 611 4426 53 2820 14555
4857,6809 9757 10814 4688 9753 4132 7554 3442 1003 4687
4858,8892 8893 8894 1475 11112 8896 405 2742 13335 1535
4859,7704 2432 10151 4561 4668 11566 4560 8842 10148 8229
4860,14544 3972 3274 8902 3275 12785 12266 5607 14317 1537
4861,488 11289 8515 3743 1518 12044 5410 611 3055 1894
4862,651 12845 13264 10484 216 2838 1993 10594 478 141
4863,611 169 3916 2262 788 14550 14619 1409 14618 12421
4864,611 11483 10893 11484 169 385 6016 14621 3214 7230
4865,12602 11198 3379 2310 11165 5633 1161 5637 5217 5215
4866,4599 13556 10911 4403 13557 3486 7702 5845 14762 1721
4867,2287 4902 11265 8325 13826 2716 1276 5969 14313 3295
4868,14623 12296 4670 7999 1602 4169 12135 7939 6773 13759
4869,9813 12594 14624 5252 14232 12003 9960 13073 12266 14231
4870,611 11561 11562 151 9781 12051 3213 9694 6434 10421
4871,12426 1535 2820 2814 2822 405 1166 2742 404 2815
4872,4861 690 9255 12197 1404 7875 3454 11293 14893 14224
4873,14076 12311 13611 13613 14077 12977 12253 13995 13000 12091
4874,5338 6108 5289 3547 10021 1053 5294 900 5293 14754
4875,1365 14626 14625 6385 11419 7259 14640 10196 1364 1359
4876,10484 2956 12845 8408 651 13264 14854 13262 14970 117
4877,3916 4575 8200 760 4742 4741 769 4184 3931 139
4878,3787 14629 14630 14627 14628 12170 12814 10677 13126 7687
4879,5887 14632 8471 2346 1585 1893 8515 5237 3837 5986
4880,634 9706 8074 14297 5488 9701 7428 10304 5512 6691
4881,1262 1548 7887 1264 7886 9292 2451 13417 6096 6559
4882,794 5488 7580 476 323 5490 6411 873 149 3222
4883,10424 5062 466 8453 5081 6223 5031 6953 7510 6957
4884,8397 1746 3980 6488 2256 629 6118 14275 6330 7852
4885,5481 14635 7359 4956 8737 5470 7430 5484 5479 9443
4886,5740 14636 7232 10968 3765 7231 4027 11550 2309 3168
4887,9495 586 14637 1040 10633 5986 882 10507 11259 10834
4888,11306 11315 14638 14238 14572 13559 8250 8374 692 12626
4889,3500 8195 1282 1905 4850 9590 12421 8376 3 363
4890,3153 324 2332 2337 8063 587 7493 3192 4319 3398
4891,4416 2748 73 2704 1102 14639 1826 3843 2876 6364
4892,4507 11082 3483 11252 8434 8224 1832 7992 4000 6178
4893,14625 14640 14626 14726 1365 9436 7085 13457 13459 11366
4894,2795 10242 12696 1958 1544 8213 5557 12695 14782 13816
4895,9826 9650 9655 6187 6528 8059 13763 6173 9682 13358
4896,3009 14641 10344 3005 3010 12899 8084 2404 10346 3482
4897,3749 10737 1029 9912 4907 9040 1034 10459 1063 4886
4898,1047 2943 9089 2116 11323 7836 7708 811 2255 8951
4899,611 3214 11483 14621 10893 11484 6016 385 169 618
4900,7822 83 8434 6054 8432 8431 8433 10297 595 10306
4901,7427 7554 10199 2875 3415 1862 1828 11569 9540 365
4902,8898 224 4120 12652 14611 8879 1424 9979 13036 9816
4903,3811 476 2739 870 228 4862 7495 10126 10017 466
4904,11366 692 13885 12850 14486 5267 5266 14136 11405 8250
4905,13162 13069 8657 7851 13691 9128 8035 7986 6482 8751
4906,3945 1660 4419 2952 2457 5022 2428 472 476 1658
4907,323 11836 11720 10573 11134 3930 10181 7683 7996 347
4908,8572 13017 14979 740 1488 4424 1489 13513 13012 11316
4909,1003 3667 2891 3074 3688 7096 8167 10857 7065 10193
4910,1452 3253 2938 9396 9397 796 6688 7622 8941 8223
4911,46 1018 188 8724 7371 10547 9902 5233 6913 12433
4912,4127 8243 1083 10045 8047 5027 7397 11083 3624 5083
4913,14071 8363 12091 11200 10789 8543 8102 10456 11717 11980
4914,2821 5408 7691 8058 7694 339 5407 5405 5406 8285
4915,1354 11777 2378 1355 1357 2371 4138 2369 10199 4141
4916,466 14644 14643 13739 14642 3214 12650 8507 3259 13602
4917,5711 8341 4577 192 7249 8869 8967 7165 10056 2707
4918,3443 12376 3003 1136 7215 4692 1011 10246 5686 7217
4919,7697 162 232 7196 2448 7696 6596 1452 2829 7195
4920,11196 5015 9062 6380 6593 12295 3791 4824 6592 7697
4921,5570 13314 8713 10731 6284 6415 13144 8710 7249 8316
4922,11306 11315 14638 8374 13559 14238 14572 12626 10251 7876
4923,169 2133 1569 2748 10832 12094 149 466 4 879
4924,14645 14646 5780 10441 13919 5775 14304 5781 5776 2394
4925,13013 1485 11316 8591 11035 3149 3510 3598 2956 586
4926,14650 14653 14649 14651 14648 14647 13523 5670 6465 7082
4927,4726 2472 6434 6522 6834 117 2956 118 383 5004
4928,8838 131 8570 8964 11994 10281 4286 2187 12132 5498
4929,11836 3662 10672 12034 11849 12103 12840 4408 389 9148
4930,3393 9374 9373 3888 3392 3391 8977 7234 335 11717
4931,6477 645 6823 8836 5866 10599 399 1196 2699 5246
4932,578 6849 10267 8397 3984 6332 611 3043 4350 5313
4933,14654 692 14862 11366 13885 12850 14238 11405 3055 14538
4934,13186 14655 14309 405 1166 12426 1529 13660 15091 15032
4935,2394 7567 12235 10025 12576 8113 14645 8335 5385 5382
4936,2614 2820 3465 2742 404 1166 405 12426 1532 13187
4937,2614 1323 12426 2820 2822 405 2742 3465 1532 5998
4938,405 12426 1535 2820 2742 2814 4516 1166 2822 1323
4939,2741 4515 2742 13628 2820 2614 5998 1165 1532 405
4940,2614 2742 2820 3465 1166 405 1532 2822 1165 12426
4941,5998 1529 2614 2742 2820 2741 3465 405 12426 10730
4942,2820 5998 12426 1529 2742 2614 405 1166 3465 2741
4943,12426 1535 4516 2820 1166 405 2742 626 11524 404
4944,2614 405 1323 1529 2742 2820 3465 1532 12426 5998
4945,2614 1529 3464 2820 1166 2742 3465 5998 1532 405
4946,3602 1752 2699 3043 3044 7527 2560 611 3584 5132
4947,12911 14315 13904 11261 2614 13431 14316 12480 3067 5516
4948,14107 1497 1487 10158 1481 5233 10550 1493 2130 5567
4949,7495 12440 5498 1979 1262 8693 9242 12133 688 9989
4950,234 235 2959 1617 1619 6716 11254 1618 1622 1621
4951,12480 5559 14658 14659 3894 13020 14043 4657 14164 14772
4952,1160 665 3369 1161 10245 3288 666 667 10780 10430
4953,9799 14660 15242 259 924 11366 13885 3055 12850 2814
4954,2901 14175 6060 11079 5766 6059 9542 2905 10153 5333
4955,895 10478 1197 5573 6024 5094 12243 12053 8662 8941
4956,14284 10491 14507 13312 14362 9519 5012 4350 12483 14174
4957,938 977 12762 3663 14608 8695 1538 7039 12761 967
4958,6517 1194 9090 14661 1198 775 6519 462 8970 8522
4959,7249 7236 14662 6726 14330 405 2742 8731 6415 14183
4960,1028 2807 8313 5277 3171 12160 5653 5654 5652 3170
4961,8196 2249 9253 2078 3192 9693 2352 5814 9039 10700
4962,3222 1742 8075 5808 14663 9352 11201 2805 9249 794
4963,2823 9793 13260 14139 13187 2742 404 2820 10410 1535
4964,10407 14034 14664 11425 6819 12366 13072 14024 8698 10967
4965,8102 8363 10789 5370 14071 9566 8093 5258 14373 12180
4966,8210 394 13077 14667 8133 7276 14666 558 8007 10011
4967,8376 8195 12421 9590 4850 5351 8565 9588 2504 2204
4968,873 2959 2309 1686 13412 10616 3428 8872 6589 10528
4969,5452 11483 2296 611 2653 14621 11484 169 3214 3824
4970,8999 14163 14670 7121 14166 9054 7124 3055 91 1367
4971,1484 10237 10235 3605 1085 8347 11746 11830 1477 1103
4972,1806 5577 149 9911 1483 1814 170 7001 8724 118
4973,1732 6825 8651 502 347 10166 13722 4479 1820 46
4974,967 73 3663 13721 14534 1539 945 3759 8898 3626
4975,13651 13332 405 2820 1166 2742 11524 404 8730 3464
4976,4818 11461 2809 10275 10039 11462 2936 4817 3110 4820
4977,5788 1896 4699 5486 5246 12207 5287 7172 2108 4971
4978,3222 1734 10787 794 476 478 216 1646 2448 6577
4979,3375 14518 6882 8286 4994 4319 496 10739 4325 1733
4980,10909 3955 1347 7920 5053 7502 8449 13883 4211 10908
4981,467 1381 10547 3510 8722 4363 447 1453 8724 1018
4982,337 6068 13631 9829 6069 13714 4536 1292 10666 14059
4983,6679 134 2333 13402 1419 2336 3640 12187 5167 11040
4984,6836 3906 13588 14278 5785 1425 4191 8588 15181 13264
4985,11777 1916 10072 1354 2371 4138 3442 1011 1003 10199
4986,3222 6577 651 216 4085 1993 794 2448 478 126
4987,11577 14673 14672 13488 13956 9172 14671 8833 13935 11575
4988,1011 7217 5255 1704 1773 1353 1774 10936 12936 1721
4989,8056 8555 9976 2710 304 5203 7405 11711 11685 2679
4990,11366 13885 12850 692 230 14486 5267 10867 5266 14481
4991,3831 3339 5829 2540 5220 2473 3316 3826 3319 3289
4992,46 11419 14626 6385 12399 13799 1365 9140 8465 10983
4993,14674 14490 14470 11217 14142 14417 7719 14886 15132 11219
4994,1880 12574 23 7726 2549 2739 10965 11739 1879 11754
4995,2448 10452 8705 3222 9068 1574 2765 9314 176 13055
4996,7400 10305 12185 10301 8877 10298 1233 2773 2766 8875
4997,1011 11120 9853 5846 4062 4063 1769 5673 2371 11347
4998,6785 6244 13640 12082 6476 10716 12566 6240 10810 7651
4999,14676 5813 4900 6199 9678 3359 8754 5822 10077 3836
5000,3270 3271 3272 174 1961 6872 5748 7118 9305 2362
5001,5145 7415 7416 6477 3549 5790 11589 11074 1112 1308
5002,2372 1778 9851 6432 11808 2375 2371 10626 1320 1011
5003,10808 14677 1357 13236 5444 12913 12757 2621 10199 8680
5004,10844 10845 12677 12676 13703 13666 14679 12678 12495 13001
5005,13789 12375 6737 1824 11806 8165 10367 5848 12374 9629
5006,611 2750 3909 5016 2313 4848 14680 618 10893 9781
5007,11368 2011 11370 11252 11251 2010 14681 13684 6110 4663
5008,9826 6171 6476 9806 12472 6540 14265 3425 3889 5781
5009,11188 10084 14145 4053 11365 692 11405 8636 3716 11187
5010,4624 13983 11386 5844 4622 4618 4615 4619 13911 4611
5011,8181 1451 3863 290 5988 4546 10143 7861 11469 6526
5012,2875 6067 12259 5857 14682 1705 7554 2872 7818 1775
5013,780 89 10929 2231 7968 821 2460 476 323 464
5014,5998 14684 13210 10524 13 12978 13307 10809 12 12911
5015,234 1619 14121 1834 5398 1811 14258 3989 2102 11904
5016,53 10820 13513 14579 13991 14578 3055 7124 8999 14826
5017,4073 8921 13559 10821 1808 14685 13928 9267 14259 941
5018,8999 7121 14163 3055 14166 1367 7124 91 9054 101
5019,3069 13692 10951 3071 3072 9803 10481 3070 10939 10949
5020,5210 10798 2227 6786 13277 14534 460 12571 13276 3386
5021,10591 3553 4313 7380 198 1765 6603 11366 12281 2405
5022,8471 13637 10839 13636 11956 5887 11398 13027 9403 7746
5023,13231 5123 13716 274 5629 2279 239 7248 9811 11366
5024,9511 14687 15146 14931 740 7845 10124 4871 6202 14865
5025,6836 8190 12886 9260 8944 14579 798 11027 11959 7954
5026,14689 14688 10384 6581 14887 14543 5595 6836 8272 15254
5027,8999 10715 101 14163 14690 3055 7121 1367 7124 14166
5028,5788 6489 14492 5708 11397 14691 6493 1896 4170 5486
5029,873 169 686 1752 287 11961 2560 12276 10596 4532
5030,7229 9486 14694 14693 7244 14539 9244 12483 11932 5023
5031,5950 3969 5612 3963 11250 7176 3455 8953 3191 870
5032,466 14695 11159 3916 4127 1204 7957 1684 6983 4186
5033,12134 14696 14697 12850 12574 13899 14538 14976 14886 1518
5034,14698 11366 13885 3055 12850 2742 692 1532 7247 13590
5035,6191 1186 14699 5059 5477 1620 6365 773 4385 10700
5036,14700 15289 11045 11366 3055 10715 8999 611 4426 53
5037,7554 9753 6323 4688 6809 7427 2875 4132 9628 1011
5038,71 2834 2532 3818 2129 2514 4849 5789 2338 3607
5039,10715 740 14307 1351 8376 14702 2204 14100 3021 14703
5040,643 13571 4111 12546 9657 2287 2428 644 637 645
5041,8334 3677 1475 12426 405 13336 13232 8832 13346 8330
5042,611 2075 618 9781 10893 612 1621 10421 3213 383
5043,14706 8428 13430 1885 14705 1282 14707 10369 1332 944
5044,692 8250 13838 11366 14572 14136 12340 11405 693 14208
5045,12565 7205 9251 9845 14708 12470 15046 8353 11968 11291
5046,14304 13919 14646 5780 14645 14961 919 8999 14960 14848
5047,14709 7945 11189 14710 12269 12886 8640 8576 8944 11865
5048,11384 6484 10441 14316 9113 692 8335 12576 14205 5788
5049,101 2498 8272 1696 11563 11148 8999 56 14547 3055
5050,692 11405 14136 11366 693 14208 11402 726 11403 8250
5051,11405 726 1627 14136 14711 692 11403 11402 14512 693
5052,12850 13885 14538 11366 12134 8200 5267 14222 692 5266
5053,2556 11574 6202 424 149 12087 1290 1919 2527 7495
5054,8999 14163 9054 58 4426 7121 14166 10715 101 7124
5055,3464 1166 11111 14712 2820 13348 11109 3465 405 2815
5056,753 4020 2748 6411 2318 3049 163 794 769 2456
5057,11089 11134 14511 8589 323 11212 8590 6237 7174 4939
5058,3457 9943 5459 9979 13139 14838 6604 5453 10591 5454
5059,8730 11894 11895 8031 8042 3002 9198 1535 1166 405
5060,14295 12668 502 11671 312 14310 8580 5721 6088 14298
5061,58 14163 11126 8999 14824 9013 1367 8050 4426 15285
5062,2438 113 2358 9367 2360 10664 14669 7140 4146 3543
5063,794 1686 775 488 10884 9250 3218 1516 1194 3217
5064,2614 1883 12480 11717 9374 5329 1134 9004 2742 7
5065,11654 14227 2930 10102 10200 10625 13511 3215 4474 10337
5066,3216 8963 6527 5087 3539 1103 3215 3748 1413 4972
5067,3811 2457 363 5904 5917 2928 8988 1387 11958 10294
5068,8760 14319 8747 11952 7781 5299 5229 1740 11438 11788
5069,11303 3753 11129 11144 10764 13119 5614 6077 7523 2321
5070,7960 2607 7961 10231 2929 10134 9092 10233 7049 5950
5071,6327 2059 6331 12200 636 2831 12342 6328 4583 3279
5072,13690 9557 5161 2409 14715 15186 8024 13725 13284 12235
5073,2830 14416 4359 11137 14440 7857 6333 2831 12504 13237
5074,9088 11466 4075 10642 15185 7863 15159 2928 2111 9030
5075,11478 8367 10612 3055 1490 1880 10544 6523 8480 9899
5076,14108 12668 14210 10541 12689 15118 9056 1287 4426 6881
5077,2428 486 2790 1660 2750 10985 6220 464 1506 10522
5078,2820 12426 2742 1166 405 2614 3465 404 1535 1165
5079,6493 6505 14716 14717 5788 6494 6495 5379 6487 4962
5080,13513 8780 14718 14036 1670 14997 13017 14579 8873 10330
5081,6754 2811 7347 10346 13485 2813 2042 10094 6722 922
5082,9660 2800 14413 11586 11688 3717 10678 4905 12336 13000
5083,692 11366 3903 1058 14136 11405 8250 693 13838 14208
5084,12293 12292 12675 12290 13381 12289 12673 15253 12291 12674
5085,4210 3542 7971 8303 7453 13435 2719 611 7902 803
5086,1028 1351 14721 7967 14719 4671 14720 13947 7170 6267
5087,10254 12683 13666 11355 11988 265 14171 12520 12681 9393
5088,10461 8167 7784 8166 3083 2399 1003 2869 4688 4138
5089,9807 7934 9661 10982 10027 12858 1178 6251 5157 900
5090,13778 13779 13777 2728 10869 14109 2050 13678 13776 7172
5091,7853 14722 7855 7854 7639 7861 7857 7859 7864 7856
5092,2726 7712 13839 14723 10229 14724 7713 13942 2989 3813
5093,7107 12846 13776 14725 10027 9682 13116 10969 11245 10219
5094,13459 7085 13457 14726 14640 9436 13544 13458 13044 13545
5095,14727 14728 6397 10104 2992 13796 12650 13769 7471 7662
5096,14598 6503 8204 4151 13417 4550 8208 1942 8206 7172
5097,13101 14410 12961 15106 14409 15235 12962 10180 11790 13100
5098,3387 14173 3388 8884 3411 2419 6435 11978 14174 13760
5099,14174 409 7522 2439 14173 13760 8218 13986 9843 14507
5100,231 13950 7107 230 7940 4851 10257 3862 1837 6170
5101,5387 13254 5390 13493 13501 13496 13506 13505 13507 13509
5102,14721 9264 8716 691 9718 13215 686 9938 1550 687
5103,798 4645 4658 12682 12981 12055 4659 4647 4648 4646
5104,1784 3798 2436 2434 14437 13120 2432 2435 13768 10145
5105,7057 11346 9851 1719 4687 1011 2869 4138 7427 4413
5106,11620 11249 12159 7801 14161 9857 4731 14177 11615 11616
5107,2959 5818 9024 12854 13081 383 2958 3403 12918 10657
5108,1119 8021 1122 1120 12948 13396 8055 11984 1380 5249
5109,6614 9555 14731 14730 13617 12164 3894 14593 1115 7881
5110,12037 7302 11366 3055 10715 8999 611 4426 53 2820
5111,5905 13962 9104 10714 6496 4170 5716 9828 6607 14733
5112,13116 14725 12520 13719 3858 13845 10027 12846 13776 7107
5113,7222 3077 1863 3079 6703 1721 1011 3076 7215 11057
5114,13705 12219 3789 8256 4404 678 6937 4546 3512 3886
5115,1126 12389 4707 13418 13777 12827 12926 14169 5124 4706
5116,6173 12928 1846 5716 10714 12927 13962 8649 6490 9104
5117,13571 9 3977 2148 1609 611 4998 4973 12342 6327
5118,1321 9308 6356 2998 6363 1320 2996 1778 4060 9192
5119,230 231 3862 13950 3753 5614 13988 7568 12981 12804
5120,11486 14735 8067 1980 8533 1647 3879 477 9050 587
5121,7065 3667 3688 1003 3074 2891 7078 7554 4138 3666
5122,2375 1001 7554 3083 9194 2379 10461 9853 3667 8982
5123,1354 1355 4141 11778 9236 2999 3416 1357 1358 9237
5124,1532 3464 1166 2614 2820 11899 2816 2742 405 3465
5125,2372 12332 14736 2869 2375 11347 1011 2379 2369 7215
5126,4275 10156 14737 4274 12424 9823 11303 5478 3813 9824
5127,873 585 1204 466 323 149 686 775 1686 478
5128,9194 2874 8167 12209 10461 2869 2875 7554 6363 3083
5129,1001 7062 2370 9640 2371 2374 1320 9194 7065 1012
5130,2371 11777 2375 1354 1778 1320 6361 4606 9192 1779
5131,1777 9640 1012 1008 1826 6705 9194 1317 6364 13185
5132,2371 3083 7057 9851 1357 1003 4413 1719 7784 1354
5133,1011 4687 4132 4688 4693 4138 11387 1317 7057 7427
5134,3435 14739 943 952 934 6772 3430 3431 3434 3433
5135,3843 11382 1826 14105 2876 4416 3844 3845 10952 10627
5136,7554 5447 6806 10199 6555 4139 7427 2875 7065 1826
5137,13560 10115 10416 7179 711 6797 8128 2938 6615 7180
5138,5097 2281 14096 6062 4327 2351 3589 5096 14473 14097
5139,2820 1532 1166 404 2742 3465 405 2614 12426 3464
5140,1136 1145 7215 1146 4596 5686 1721 5845 9537 1011
5141,4276 6660 14099 6666 6653 6656 6662 6665 6664 3652
5142,9308 12078 12079 4132 6356 12663 12073 12661 12662 12664
5143,9682 6476 6244 12082 9805 8575 6886 10810 6785 10716
5144,6849 764 3993 6332 14742 7869 13768 10108 7432 13119
5145,8058 2821 14284 12483 10387 5405 5408 14362 5023 731
5146,2086 6284 14744 2093 11039 5564 12904 11003 14784 1173
5147,2869 7215 7057 5845 5673 11347 11120 4134 12933 1011
5148,4037 4035 2880 4039 14745 13380 1317 1011 10071 10073
5149,14747 10568 12807 14748 14746 14749 10570 14750 12942 5871
5150,4035 4036 10073 13426 673 13982 1344 1316 10817 4037
5151,2428 2287 13571 9657 643 12546 4111 10111 10775 2790
5152,101 8999 14898 14578 740 15013 1367 3219 1808 3055
5153,1011 9851 4407 10246 1862 12376 7817 9625 14751 1721
5154,4403 11724 9195 4599 4402 4138 1721 1318 1354 12917
5155,12846 6090 14365 11490 11245 11487 11489 11491 13765 13776
5156,10316 13760 10110 14174 13407 9843 13986 8218 7522 13408
5157,3091 2896 2730 14062 2905 2901 2900 2895 13281 2904
5158,7913 6614 2581 5468 2927 5467 12833 12848 5466 5464
5159,1354 4138 1003 1355 1357 13573 4132 2371 2875 1011
5160,14752 14352 7264 10560 12439 2840 13643 13642 1360 12486
5161,12520 12892 5399 12300 1933 13116 10971 13778 7648 12299
5162,4138 1001 7554 7015 2875 7014 10199 1719 6361 7067
5163,1181 275 14527 3861 14723 13121 5614 7715 14754 7952
5164,4687 4132 4688 1354 4138 3083 1317 1721 10461 2996
5165,7936 1837 4851 1222 4358 5157 1847 6187 7940 6240
5166,11712 14281 8135 13419 10023 1269 8227 7978 8136 13832
5167,12520 13617 11620 11249 13278 12685 10254 13116 9555 13848
5168,14752 14352 7264 10560 12439 13643 13642 12522 13741 7940
5169,1001 3083 1002 9173 8932 4687 2869 1011 4132 10461
5170,67 12764 10293 3501 8817 2270 8811 9340 11916 70
5171,10035 8025 5244 11357 5620 1889 5380 5243 6761 12207
5172,14756 12503 14707 14755 11046 13350 12507 12506 10160 14408
5173,5671 4608 1914 9665 5669 1917 4136 1915 8165 9662
5174,13881 9124 11660 11256 995 13880 9123 6158 6512 614
5175,9950 9952 1344 9951 9949 9948 8382 13835 4599 6168
5176,2858 12379 5982 3993 7410 5954 2856 683 11285 9440
5177,6589 7532 13548 1479 7539 7536 12957 14674 9996 7719
5178,11589 1547 6048 2054 8678 1546 1545 8614 3120 3745
5179,1119 8016 3429 3428 9393 1122 8021 9239 4350 3427
5180,2614 1532 1323 9784 4515 2820 2742 3465 405 1166
5181,12985 10104 13667 5975 7662 1784 2284 5890 13942 3793
5182,1561 12892 12682 6748 12486 13403 14085 14446 266 5297
5183,4132 4688 4687 14759 14760 4614 14761 14758 14270 3845
5184,9127 9659 14394 1947 7259 8035 12486 14133 14189 9231
5185,5687 11107 2618 10199 5447 7427 1011 10899 2620 11106
5186,7014 7015 3486 9307 11273 14764 10911 13557 14762 13556
5187,1011 6360 9851 12895 1357 7057 2371 4134 1317 11347
5188,5219 1498 315 1500 10019 1501 1503 1499 7439 8577
5189,13814 2665 3562 8593 4534 1742 8216 5254 7748 9108
5190,14664 12328 13318 14024 11687 8712 3013 4641 12266 11247
5191,12740 6940 12495 1630 8825 14402 3451 7754 5349 1629
5192,13000 12311 13995 2636 1886 1742 4045 12963 14164 12612
5193,14767 14766 14768 12317 4554 8044 12107 10258 9891 6063
5194,14770 14769 13019 10085 10695 3896 13907 14781 9558 14066
5195,12182 12274 14773 14665 8757 12179 6099 14772 1896 4892
5196,6136 13003 6139 7309 7563 6137 10080 2087 8089 6138
5197,14774 11366 13885 3055 12850 2742 12274 692 2287 12182
5198,13032 11943 10343 10592 11029 10001 1294 10724 11793 6289
5199,337 10666 13714 4536 3961 6068 13631 11732 1292 14059
5200,6576 4766 14664 11429 14617 7248 12328 1993 379 14024
5201,9575 13019 9572 11095 14781 4909 12619 13822 13064 12618
5202,10696 13019 4654 14775 14769 13945 9575 8487 8087 14781
5203,9077 8487 10696 9076 13945 13914 2086 14784 12615 13301
5204,11042 11038 11040 134 12187 13402 11039 5409 11004 12971
5205,13816 14776 6672 5564 6679 9559 11858 10684 10681 14782
5206,4056 4058 2665 13944 4057 2663 1635 5557 13817 13818
5207,2614 11717 1134 13400 1742 14071 9374 12311 11980 12003
5208,1997 12092 13818 8594 1996 12949 8215 4058 8216 11095
5209,5328 5330 14370 5326 5329 5327 1882 3482 13531 13002
5210,2665 1130 14600 7565 8814 12003 8813 12949 9610 1884
5211,12480 8487 5324 6824 11365 8825 2614 11425 14255 12963
5212,13 8096 1298 12314 5254 9759 15 12 8095 4565
5213,3380 13461 14779 14587 10872 9118 8349 3359 8350 9027
5214,4657 6268 14658 5556 14019 9112 8211 13927 4655 4656
5215,13 11427 13740 8096 12 9759 13307 15 12314 13382
5216,1883 8631 14454 12969 8215 12617 9015 1635 2009 12977
5217,13461 10975 8903 13975 9573 5222 4909 6138 14781 8758
5218,14066 13019 14781 14769 9575 4654 11203 1544 14770 11207
5219,6139 13114 14780 12614 6136 9575 12619 11096 14515 1636
5220,1884 13432 13433 13247 12997 13246 13532 2805 14809 14031
5221,5564 13816 2795 14782 4641 6797 9559 11858 6795 13021
5222,14453 12970 1743 14454 12969 9001 13936 12093 8215 11844
5223,1883 9015 14783 13900 14076 13040 7909 12091 8416 9004
5224,2086 9077 14784 9076 12615 5564 3012 14399 14788 1173
5225,4643 5565 4642 9083 4644 13427 12992 8634 14659 5566
5226,1884 10976 12997 5407 13929 11187 14785 14392 3330 13247
5227,6099 12997 13433 13532 1884 13432 13247 14031 6101 9760
5228,5328 5326 13307 8095 14026 2664 4064 13 3482 9759
5229,2830 13567 6333 2831 4673 13568 8237 3861 4359 2833
5230,8102 14373 5258 8099 8100 8363 8093 10789 3953 8631
5231,8210 5570 8389 12481 5413 14787 186 1369 3368 10497
5232,3831 10874 9576 10873 3339 10872 7759 3826 5829 4344
5233,5253 13954 293 11254 14985 6716 3005 12624 2011 13681
5234,12969 14454 12968 12970 9001 1743 8215 14453 12971 8629
5235,14788 13383 14035 14784 8617 8663 12601 4718 7443 8594
5236,10872 13974 14779 13461 10874 10873 12618 2567 9575 12619
5237,1475 14377 13900 14783 7746 14392 11284 8416 9015 2820
5238,3896 10918 13399 13527 12998 14789 5517 14155 3897 1886
5239,5328 3482 5326 5327 3568 8631 7562 5330 1882 5329
5240,13822 13019 13915 12963 11040 14791 6139 1636 8213 1637
5241,8488 13612 13614 13611 2637 14305 13613 12172 7188 5522
5242,12274 12182 4643 2805 14772 13020 8757 4642 12179 14773
5243,12618 9576 12999 11191 13067 8899 9575 10874 14783 13066
5244,4594 6795 4641 9558 9559 4644 4642 11209 9111 6797
5245,11096 13531 14370 5330 14515 10873 13780 12616 14780 14372
5246,740 1351 636 14089 10715 14979 14307 14702 2031 106
5247,8100 12331 8759 13781 14018 9708 11211 14231 8099 9566
5248,6139 9772 13304 13529 9353 12977 13915 8899 9347 11040
5249,14794 11366 692 13885 3055 12850 14519 1345 2742 6661
5250,14787 5377 13099 615 626 13118 9365 5250 13100 5785
5251,12274 12182 8757 6099 6101 11207 1294 13996 8089 11203
5252,11096 3480 14369 14370 8901 13780 14780 3481 10873 14372
5253,12647 2636 2989 8544 11206 13995 14796 8545 5331 12311
5254,5374 6115 11210 14128 5371 14444 6334 1473 13754 9110
5255,9575 1074 8101 12614 7443 14797 14515 12619 12618 6139
5256,12601 11202 4714 4718 12602 7443 4719 4715 11004 4716
5257,2636 12316 8545 8544 8508 2086 12312 12311 10723 12313
5258,12274 12182 13432 13608 8757 2805 8634 14772 13433 8663
5259,12648 2789 13946 13071 11472 11426 7556 10407 13072 14234
5260,6788 6 5332 5331 3482 2567 10080 7701 11425 11427
5261,2567 13974 4909 6788 14779 10872 4910 13975 13969 4915
5262,14399 9896 10322 2833 3113 7916 9558 4834 10057 10058
5263,4644 5565 8634 4642 4643 5563 4647 5564 5566 4646
5264,11211 8759 13486 14798 8100 2792 11093 14231 12069 12619
5265,6101 6102 6100 6099 9566 7556 9076 13996 8088 2086
5266,2610 2612 2611 2613 4059 8629 4058 12268 8585 3274
5267,1166 404 2820 3464 405 2742 1535 12426 3465 1165
5268,2614 1529 2742 2820 3465 5998 1532 2741 1323 1166
5269,2614 3465 1323 2742 2820 405 1532 1166 5998 1529
5270,2614 1532 405 2742 2820 4515 1166 3465 1323 13327
5271,405 5998 11112 2742 2614 2820 1532 1535 1323 2741
5272,2614 2820 5998 2742 1166 3465 405 1532 1880 2739
5273,1165 1535 2742 1166 2820 4330 405 12426 13323 1532
5274,405 2820 1323 11403 2742 1166 1535 12426 404 12826
5275,2614 7249 2742 3465 2820 1532 5998 405 1529 1323
5276,405 1166 1535 2820 2742 1475 8892 12426 404 3464
5277,1166 12426 1165 2820 2742 405 3464 1535 404 8727
5278,2820 405 12426 1323 1166 3464 2742 2614 9784 1535
5279,1165 11112 2742 1532 2820 2614 2741 1166 6989 405
5280,405 11112 2822 2742 2820 1532 2614 1323 1535 12426
5281,2741 1165 9784 2742 2820 2743 1166 1532 2614 12426
5282,2820 2742 12426 1535 405 1529 1166 2614 2822 3465
5283,2614 3465 1323 2742 2820 405 1532 2822 5998 1166
5284,2820 2614 3465 1166 2741 12426 2742 405 1532 2814
5285,13245 14802 13128 13730 14308 8831 6350 13357 14124 9115
5286,2820 2742 2614 3465 1166 404 405 1532 1165 13327
5287,2742 1532 5998 2614 2820 3465 405 2741 1166 1165
5288,5998 2959 12905 2614 2742 13315 1527 7917 2741 405
5289,2742 2820 2614 12742 1165 3465 1166 13327 2815 405
5290,2742 1165 13327 2820 1166 2614 3465 405 2741 1532
5291,2820 1532 405 1165 2742 1166 2614 12426 3465 1535
5292,2820 1166 404 12426 1165 2742 405 1535 3464 3465
5293,2742 1532 2614 2820 3465 1165 405 1166 5998 2741
5294,2742 1532 404 12426 1165 2820 1166 2614 405 3465
5295,5998 404 1535 1166 2742 2820 405 13187 12426 2614
5296,2741 1166 1165 2742 4515 2820 3464 2614 405 1535
5297,11111 12070 4514 4791 14803 11822 6990 9784 2814 1532
5298,2741 5998 2742 2614 2820 1529 12426 3465 405 1165
5299,1166 405 1532 404 12426 1535 2820 2742 2614 3465
5300,10260 8828 14327 14804 13727 2614 3465 12426 1532 2742
5301,2820 4516 1475 2742 1166 2614 12426 405 3465 1535
5302,1532 405 9784 2820 2742 2614 1323 1166 404 3465
5303,13315 8362 12820 11555 10056 11231 12854 14805 12905 10880
5304,2741 9784 11112 1475 1532 2742 2614 2820 405 13333
5305,2741 2742 2614 5998 1165 12426 2820 8907 12425 2814
5306,2741 12425 2742 2614 5998 1165 12426 2820 11112 1532
5307,2741 5998 12426 1529 2742 2614 4516 2820 405 3465
5308,405 1323 2820 2742 2614 1168 1166 12426 13562 1535
5309,1532 12426 2820 2614 2742 404 405 3465 13188 1166
5310,12905 13315 8362 11555 12820 12906 14323 14805 2614 10056
5311,2741 6352 2742 2744 2614 1165 5998 3465 2820 12426
5312,12748 11219 11218 8057 11041 13834 10062 3878 7045 6537
5313,538 4840 14808 2811 4844 536 529 6820 4839 526
5314,538 529 14808 536 4844 6820 531 526 525 4840
5315,12885 11355 11288 12035 10863 13593 7208 12036 6725 710
5316,6789 14809 14045 11824 7824 5607 10012 12418 14043 4657
5317,12885 7208 13593 10092 10863 6725 8376 11355 11288 11270
5318,538 578 4844 14808 536 6820 9656 531 529 525
5319,5998 2742 2614 10127 14007 2741 405 2820 3465 1529
5320,9467 5325 9773 10432 11069 11953 12822 10211 5744 49
5321,12516 12918 13373 5752 6390 3403 10566 5750 10540 11480
5322,2614 2742 3465 2820 1532 12905 5998 1323 1529 1166
5323,2614 2742 3465 2820 1532 8110 5998 8108 3551 1323
5324,5998 14180 12820 12821 2742 13409 14195 11098 2614 14330
5325,3771 5036 692 5357 14426 4824 5023 3770 8993 970
5326,235 234 1617 1621 1618 1622 2556 1619 1752 56
5327,11790 12961 12962 10180 14322 9667 5177 10191 8523 8484
5328,6129 7486 12823 9533 8986 10059 13856 2042 11098 14154
5329,11871 5615 4753 11397 6231 7684 5229 5617 11872 1673
5330,2614 5998 2742 3465 2820 1532 2741 1529 405 1323
5331,13308 13989 8111 13990 8381 7553 2891 3400 5451 1824
5332,2820 2742 1166 12426 2614 3465 405 1535 1165 1532
5333,6380 1575 985 2764 3372 2685 7183 6342 6383 784
5334,14813 5208 14814 3831 5220 7307 5214 12430 7308 7312
5335,9776 14815 14817 14816 14818 9766 9765 6224 14679 13589
5336,7231 14540 14541 8075 7232 5634 12309 5740 9089 5151
5337,8047 9620 10494 1935 14819 14574 4040 4428 11280 11278
5338,10407 14034 14317 13400 11688 9958 6818 12366 13072 6819
5339,7518 7809 8518 6838 11862 6103 7996 6152 11132 7808
5340,8940 548 6264 2457 4944 11326 7617 4497 8947 3605
5341,8440 476 3245 706 2067 13126 13604 4079 3882 14253
5342,14307 10715 14163 52 14100 1351 740 3055 14875 14703
5343,3891 1297 6210 4045 8521 149 705 2411 1302 10132
5344,14709 7945 11049 7943 14710 12886 12269 8576 8944 11865
5345,8186 14820 8187 3127 545 5947 2080 10234 10340 3986
5346,625 7863 482 8522 2479 178 5088 12178 9296 9035
5347,5677 7606 9393 7605 13762 9506 11835 13763 6011 8688
5348,5401 7155 6391 2507 10781 3055 5402 1022 2587 6388
5349,2133 1028 4180 7504 3556 770 6053 4127 2807 89
5350,476 12085 13214 6090 14147 10561 3004 794 466 478
5351,1374 4406 8195 2548 8504 5989 7734 9582 5281 10673
5352,11405 726 14136 692 11403 14200 11402 14512 693 13286
5353,14821 14822 1605 14592 11731 10834 10115 10833 15252 9106
5354,383 13766 4360 7250 611 386 4759 14115 3983 8203
5355,12165 6399 9263 14161 9857 6395 7087 10373 10372 4025
5356,9682 9805 12566 11143 13893 13838 6623 14009 10263 6622
5357,12850 13885 11366 1558 13616 5267 14538 692 5266 9324
5358,13587 14826 14824 12875 14825 8873 14827 14578 9054 53
5359,6785 5255 3091 2729 6498 8045 11729 6763 6097 2723
5360,692 11405 11366 14136 693 726 11403 14208 8250 14145
5361,5689 8541 11799 13277 12332 14464 1011 1721 9748 8540
5362,1778 6362 4060 1319 1320 1317 1321 1779 6363 2881
5363,6614 6227 11977 5793 14730 7881 12651 14731 2411 12164
5364,10076 7966 12966 5224 8009 9044 6075 6021 6074 8581
5365,11384 5757 12603 692 14205 12850 9836 6622 5788 553
5366,2996 12209 3072 9850 5690 9194 1001 4604 3083 1011
5367,6537 3665 11218 11219 12748 10701 11217 6245 2650 6173
5368,2590 1030 1283 1059 3765 3766 5862 3286 1278 5423
5369,726 11405 816 13804 14512 9106 8590 11403 6719 8562
5370,7719 6589 14674 14470 9143 14886 6491 6766 1479 12036
5371,3270 3271 3272 174 1961 6872 5748 7118 9305 2362
5372,11306 13559 11315 14638 14861 13558 12626 14238 14859 10251
5373,10892 11692 12694 11693 8887 11212 2137 6504 11773 6674
5374,14813 14814 5208 11366 12954 9369 1893 10490 12486 12289
5375,1880 1948 10741 14434 451 13074 7726 23 1879 2549
5376,12625 4641 12624 9110 5564 4652 9559 6795 13021 11858
5377,3864 14148 14829 14147 11120 10779 9789 3862 7489 7659
5378,14830 13281 6774 12889 8675 9825 14062 4300 13718 13123
5379,4905 14831 14832 4638 3868 4991 11266 13144 5572 9545
5380,11077 1267 11622 9696 10162 2437 6589 4343 1925 14394
5381,11405 5514 4861 14224 726 8696 14136 692 11403 11402
5382,10011 14833 14834 14436 11400 5788 5709 14667 7168 14143
5383,58 14163 11126 8999 14824 9013 1367 8050 4426 15285
5384,726 11405 8562 14512 9106 8590 11403 11880 6719 8561
5385,611 9781 10893 618 1621 10421 612 3213 9924 11483
5386,14522 731 14094 14095 577 15026 10277 8058 13729 3138
5387,8145 4417 11760 4418 14959 10821 12474 9963 5788 5015
5388,7730 4524 10648 9188 174 9910 5299 7283 7758 2519
5389,6622 5383 3955 11310 10414 8372 13892 2108 11366 8335
5390,1559 14836 14101 12707 7544 12706 12704 12698 1554 12699
5391,3457 13139 14838 6604 14366 8399 13838 7256 14050 11911
5392,13937 699 692 13388 12689 702 13930 15059 1394 3055
5393,12520 12683 14171 2839 14065 10253 10254 13116 4373 265
5394,8999 13388 14840 14686 14839 14841 9830 3753 653 14639
5395,4126 7946 14542 5337 626 11708 7711 15171 10183 2256
5396,11763 13547 11765 11764 11021 2590 11152 13678 13549 10869
5397,106 14843 14351 740 14350 14349 14404 14449 3092 3093
5398,5570 10731 14844 13039 13008 6721 14021 936 13314 8713
5399,4516 6417 3465 10523 1532 2614 2742 2741 1339 8907
5400,2391 13697 8112 680 2046 4463 11366 14057 12651 10011
5401,6105 11188 11365 14145 10084 4053 7395 2593 10820 4016
5402,13503 13508 13501 13492 13497 13491 13495 13506 13505 13507
5403,3813 14845 3263 14737 14846 14738 9589 13679 3265 14724
5404,3428 1523 5249 12892 13403 6435 6531 14847 12893 9393
5405,8954 2457 8107 8794 8947 5820 11167 13041 7763 1881
5406,1354 7554 7065 9194 10461 9192 1859 12551 1916 6806
5407,3955 131 3149 1333 1384 611 4437 10564 118 2029
5408,4350 8397 4553 730 198 3717 11977 2254 10728 12447
5409,11405 14513 14478 14706 14848 726 14136 692 11403 11402
5410,771 14849 9223 15029 3055 28 14210 100 12689 9056
5411,14555 9510 14851 14850 9054 7124 13587 14721 91 12427
5412,13847 1471 8325 12137 2410 14221 3542 14738 14734 12800
5413,311 14853 9023 645 9021 12977 9028 692 14076 14205
5414,14329 14854 6270 8408 10484 13018 13132 14482 13409 12905
5415,8999 9053 10786 14070 14163 7121 9054 14166 7124 3055
5416,1295 5836 1766 2471 1419 3312 5394 3727 2216 1285
5417,38 3453 14856 6816 1763 3292 14855 6977 9142 4928
5418,4898 5822 4891 3236 3316 9992 4887 5393 4897 7561
5419,1222 6483 12928 4358 7936 12927 11407 11408 6692 8605
5420,4138 9192 1779 7065 8541 4036 1320 1916 2371 4060
5421,466 1902 1374 10440 12429 11476 8689 14857 11735 12805
5422,383 578 42 7477 851 7480 8958 11043 14734 2205
5423,8651 3139 10227 7361 3696 4206 1242 11168 4209 10602
5424,5689 8541 11799 12332 13277 1011 14464 1721 9748 8540
5425,10701 3887 12156 13887 3665 12748 13179 2265 13885 12154
5426,11306 13559 14861 7876 14860 14859 11315 7328 13558 4829
5427,8860 13627 14465 14168 5369 14652 11948 14466 3884 11737
5428,7209 14864 14863 9615 4837 11769 10063 7208 2954 10665
5429,13276 2681 13737 10798 13277 10095 14458 11186 13685 1859
5430,8427 6863 5335 3020 7777 10210 9203 13429 7265 3257
5431,8999 14163 12434 12436 14867 14866 14870 7118 14558 14868
5432,4380 14872 14871 1452 4381 4382 4383 3690 3697 1009
5433,1332 6306 3093 7580 8560 9509 5817 3092 106 6316
5434,13949 2835 14873 4960 1078 11217 4961 10468 11605 11604
5435,7336 10168 7164 611 9131 14276 167 14046 982 2312
5436,3055 10715 14307 52 14100 716 14875 8474 1351 8999
5437,11124 5759 14733 9522 9116 3469 11125 14240 7438 5235
5438,2304 2081 9429 2079 9680 937 9081 5609 932 5607
5439,1443 1969 6211 3188 162 11843 579 6143 11017 8877
5440,14133 14189 14192 14186 14191 14188 14187 14190 9231 14184
5441,4964 9714 8144 12523 12522 13706 11887 12142 14437 8770
5442,5437 7305 139 5041 870 7974 1417 6860 4325 7307
5443,2814 4514 5190 408 13635 14877 3465 12426 1529 405
5444,8110 1909 13908 8108 8109 14590 12818 9763 3551 9761
5445,2225 13825 14878 2962 7767 9050 3123 10657 2247 6378
5446,8056 6754 5664 922 10338 11685 5021 9611 10346 644
5447,1475 14844 2820 8892 4516 11880 11524 405 2741 1535
5448,11734 9197 9947 8012 14001 10982 4182 133 859 8184
5449,5134 2186 5664 5911 10784 6663 10329 2122 4283 14734
5450,14258 11456 13865 11451 13861 13860 13870 13859 13864 13869
5451,56 3253 11645 6688 385 6968 2574 2509 10019 7726
5452,1534 14879 13269 13910 2614 4516 2741 5998 8808 1532
5453,2137 8240 1036 1035 609 11212 8239 10892 13839 1017
5454,5199 10229 13942 5201 2989 14723 7712 13839 13220 2726
5455,8534 8361 6337 14880 6986 6341 1237 5929 5935 9599
5456,8802 2084 111 2083 2085 11061 12711 7116 7127 4423
5457,12748 7748 11529 2811 7224 11219 14153 11218 5441 6168
5458,2828 1311 14845 3263 2829 1307 13220 14886 3261 1308
5459,3398 1161 506 9591 2796 12602 1160 11198 1501 1943
5460,7264 13879 9892 13177 9895 13716 14752 13770 10560 6171
5461,692 14136 11366 693 11405 7457 14208 13838 8250 11402
5462,1011 4138 4036 3442 9751 10072 10192 4135 4687 7057
5463,607 1521 5354 7744 13029 6486 4709 13843 4170 6496
5464,11358 6761 4073 11357 5896 5244 11772 12207 12948 12263
5465,7124 13912 9054 8999 13587 14555 4426 3055 53 14559
5466,6355 13693 14884 14882 14368 9361 1671 11384 14401 14883
5467,6622 13892 14885 2108 6685 13893 2979 6189 908 11384
5468,8144 13696 12351 1311 14886 13220 10052 9806 10122 6781
5469,14887 257 14688 12850 7177 5920 256 12574 6094 258
5470,9056 8588 14080 3906 8581 15072 14210 771 9260 12689
5471,4229 6260 10911 13212 3539 14762 3765 7037 1062 1077
5472,234 235 1617 1619 873 1618 769 1620 1648 11550
5473,3665 6484 10679 1852 8454 6537 5923 6476 405 1475
5474,11405 14208 692 14136 726 11402 11403 14889 693 14512
5475,794 2448 769 9273 1564 14063 7697 463 6031 7420
5476,231 7940 1837 5157 13950 6170 4851 7936 4068 6240
5477,14588 230 4696 7106 1268 5249 6692 1592 1936 12081
5478,8581 8588 14891 9056 14430 14396 7110 14928 8272 3906
5479,4515 4516 3046 5193 8826 14892 5852 1532 2614 2742
5480,7940 11227 10982 9957 5157 6623 4068 3055 7934 8114
5481,2448 182 7915 7697 176 7696 8705 769 879 2765
5482,13388 11126 11914 14840 3063 13937 12689 75 8587 14163
5483,6055 550 2782 3341 1416 1458 10418 9983 8767 3791
5484,4964 5896 4073 5895 2277 4752 10954 7583 14556 9944
5485,626 9365 5377 5250 7544 8397 4966 615 6488 7946
5486,4861 4961 14893 4871 7875 1404 9255 14982 14983 14874
5487,4351 3993 1734 3662 2415 8028 7863 7864 202 7869
5488,14689 10384 14688 14543 5595 8272 6836 15254 14914 611
5489,4657 4656 1544 10456 10012 11042 11427 9770 14045 14771
5490,6766 10522 14894 5261 7953 11296 7719 6632 6312 567
5491,8081 7937 1847 6785 7170 1837 7947 7944 7948 7106
5492,9323 12860 9973 9380 9324 1558 9387 9830 12858 12220
5493,4138 7065 10754 12656 4132 3667 4687 7554 1354 1719
5494,714 3152 14862 14742 14334 11308 14984 8581 11307 11310
5495,13401 1812 3928 6974 1807 6861 1083 11904 2101 811
5496,420 8577 1504 8464 14113 3195 1641 3678 14142 3682
5497,4426 6785 13016 14163 8999 7124 12566 6244 15045 9055
5498,14498 14897 11366 5266 14497 13885 3126 10434 5170 202
5499,3019 7121 52 8474 14100 10651 2203 11313 76 10715
5500,1445 4544 12491 6778 12720 4538 4540 4543 4542 11913
5501,12266 3722 14900 13609 3721 6874 3716 13608 3013 8902
5502,611 10372 1621 10373 383 1622 10371 1620 3595 155
5503,626 4966 14699 949 692 14208 10337 5709 7544 8397
5504,13050 14901 8525 14213 8020 692 14209 15169 15086 14214
5505,14425 14463 9011 9021 3840 4356 14202 9023 8423 14505
5506,10865 8184 680 12020 859 15199 7229 14304 14955 14393
5507,11310 14904 14903 692 11630 9056 9300 9424 1366 3152
5508,3678 12901 10412 2435 10875 5640 6710 2920 13428 3195
5509,2309 2750 2428 3214 9250 2324 6198 4230 14261 817
5510,8581 9299 14430 8588 9306 14933 14891 12689 14862 8009
5511,11124 7438 3885 9522 9116 14240 11125 3798 5759 14361
5512,7643 9970 5608 14905 7649 1127 4073 9056 7888 11366
5513,14907 14906 740 15190 363 14163 14979 3164 4400 11485
5514,13521 14004 14908 14909 8428 14441 14944 14942 13520 7226
5515,11550 12320 6216 13805 13936 467 1423 1452 4757 3222
5516,10715 52 1351 14702 8999 14307 14100 8474 14163 3055
5517,611 2764 871 14063 3931 9459 3476 5547 14261 9265
5518,1677 10111 12546 1183 5483 5882 8427 10210 8921 1184
5519,4656 4657 10604 6793 2982 14911 782 6288 13904 11659
5520,14163 7115 585 4126 1436 14550 9511 14865 4841 1873
5521,13207 7663 10496 14528 14193 8564 85 4284 1379 1380
5522,3055 11126 8999 8369 53 1367 7116 8370 15062 15061
5523,11366 13885 12850 692 14486 14496 5267 5266 6196 15175
5524,11366 13885 12850 5266 5267 692 14486 14479 14131 14491
5525,11366 13885 14486 5266 12850 692 5267 14497 14574 14481
5526,726 8988 11189 11405 13956 14512 9106 8590 12363 11190
5527,11366 13885 12850 692 14486 5267 5266 14481 14131 14404
5528,14801 14912 8429 13923 2814 1525 11052 7442 11899 12426
5529,11366 13885 5266 12850 692 14486 5267 14498 14481 14479
5530,13885 12850 11366 5266 5267 14486 692 14131 14491 14479
5531,11739 6764 13370 13933 14461 14460 2652 1880 8500 11131
5532,11366 13885 12850 692 5267 14486 5266 14497 12298 14131
5533,11366 13885 12850 692 5267 14486 5266 14131 14488 14479
5534,11366 13885 12850 692 14486 5267 5266 14131 8609 14481
5535,11366 13885 12850 692 14486 5267 5266 14481 14131 14404
5536,11366 692 13885 12850 7643 3428 7649 1127 14486 3857
5537,11366 13885 12850 692 14486 5267 5266 14481 14131 14404
5538,11366 13885 12850 692 4962 14486 5267 6750 5266 13928
5539,11366 13885 12850 692 14486 5267 5266 14481 14131 14404
5540,11366 13885 12850 692 14486 5267 9424 5266 1386 4176
5541,10441 14645 8335 12576 5780 14646 5384 5385 8112 2439
5542,13885 11366 12850 14486 14491 5267 5266 692 14479 14480
5543,11366 13885 12850 692 14486 5267 5266 14481 14131 14404
5544,11366 13885 12850 692 14486 5267 10591 14913 4207 5266
5545,11366 13885 12850 692 14486 5267 5266 3828 14481 14131
5546,11366 692 13885 12850 14486 5267 14479 5266 14136 11405
5547,11366 13885 12850 692 14486 5267 5266 14481 14131 14404
5548,13885 12850 11366 14480 5267 8031 14131 14486 5266 692
5549,13885 12850 11366 14222 9424 5267 14131 5266 692 14480
5550,11366 13885 12850 692 5267 14486 5266 14131 14479 14491
5551,692 11366 11260 4746 11886 14136 11405 8250 693 13838
5552,11366 692 13885 12850 14486 5267 5266 14136 11405 8250
5553,11366 12850 13885 692 5267 14486 5266 14131 14538 14479
5554,11366 13885 692 12850 14486 5267 5266 14491 13895 14131
5555,11366 13885 12850 692 14486 5267 5266 14913 14481 14131
5556,11366 12850 13885 692 5267 14486 14222 5266 13895 14131
5557,14222 7876 11366 13885 14223 12850 5407 14224 7875 11384
5558,11366 13885 12850 5267 692 14131 14486 14222 5266 14538
5559,13885 12850 11366 5267 14500 14131 5266 692 14480 14486
5560,11366 13885 5266 12850 692 14486 5267 14481 14479 14131
5561,11366 13885 12850 692 8335 5383 2439 13079 14486 5267
5562,11366 13885 12850 692 14486 5267 5266 14481 14131 14404
5563,11366 13885 5267 12850 692 14486 14479 5266 14491 14131
5564,11366 13885 12850 692 14486 5267 5266 9473 14481 14131
5565,11366 13885 14486 12850 692 5267 5266 14481 14491 14479
5566,11366 13885 12850 692 6761 14486 11359 5267 12162 5266
5567,11366 13885 5266 12850 692 14486 5267 14481 14479 14131
5568,11366 13885 12850 692 14486 5267 5266 14481 14131 14404
5569,5267 11366 5266 13885 12850 14486 14491 14479 14485 14481
5570,11366 13885 12850 692 14486 5267 5266 11260 14481 14131
5571,12748 13968 8122 13566 14153 13207 8123 14181 6298 8127
5572,11366 13885 12850 692 14486 5267 5266 14481 14131 14404
5573,7526 6658 14915 6657 5179 6667 12484 11366 854 1594
5574,11366 13885 12850 4350 692 14486 5267 11359 5266 14481
5575,11366 13885 12850 692 14486 5267 5266 8405 11893 14481
5576,11366 13885 5267 12850 692 14486 5266 14479 14131 14491
5577,11366 692 13885 12850 14486 5267 5266 14136 11405 8250
5578,11366 13885 5267 12850 692 14486 5266 14479 14131 14491
5579,11366 13885 12850 692 14486 5267 5266 14481 14131 14404
5580,11366 13885 12850 692 14486 5267 5266 14481 14131 14404
5581,11366 13885 12850 692 14486 5267 5266 14477 14481 14131
5582,13885 12850 11366 12321 14490 5267 5266 14131 692 14486
5583,2604 12485 2605 14402 10836 6799 8086 4659 14401 2837
5584,14137 14497 11366 13885 14498 14136 13998 14574 12298 3815
5585,11190 14790 3886 7244 14276 15108 8988 10786 5897 8237
5586,8143 11006 11007 8034 11005 6621 6483 6623 4753 14970
5587,11405 693 692 14136 726 11403 11402 14512 6725 14208
5588,625 14204 6606 6605 13183 9258 14846 14523 14205 12178
5589,3771 3486 10508 11711 13282 9412 9406 7014 9422 9421
5590,14032 14916 14917 14918 14919 6334 12363 6335 9789 3749
5591,13388 11126 11914 14840 3063 13937 12689 75 8587 14163
5592,169 2346 8550 9703 149 466 686 165 2309 2262
5593,7544 9365 12236 1559 14167 8397 626 11330 6526 5377
5594,14920 5919 9209 11366 3055 8708 1702 9890 10715 8999
5595,6849 11260 11143 11366 5351 4016 14055 578 13742 6332
5596,4350 8407 512 3428 10495 4025 3223 8421 8397 578
5597,14921 9144 12803 7109 9143 4756 5552 625 7697 2067
5598,6537 3665 11218 11219 10701 2650 2652 3887 3782 12748
5599,14486 3771 11366 4575 692 5266 13885 14491 14481 12850
5600,739 14555 15147 14306 9054 14852 3790 3021 7491 11255
5601,14307 10715 14163 52 14100 1351 740 3055 14875 14703
5602,6785 366 12850 12566 8575 6244 4426 8081 7170 10870
5603,8272 14476 14923 12390 14493 14475 12065 12876 5595 7632
5604,9054 7124 8999 14555 13587 13912 14166 4426 78 14824
5605,2262 1301 6079 7711 8473 14926 4033 2049 169 5958
5606,2834 11084 14129 5607 4711 13699 5405 11194 14874 14983
5607,5163 5170 7543 5172 11391 9472 12554 10615 4126 8644
5608,4474 4074 10183 2200 7977 5113 8037 5156 5788 11654
5609,4474 876 12670 994 4469 7977 12537 14227 3193 11654
5610,14449 14927 14555 14843 14404 11366 13885 12850 14238 11405
5611,2687 10670 13168 10460 14386 11957 7255 2951 3647 10669
5612,14163 8999 58 4426 14866 14307 9054 10715 14865 5415
5613,4426 9055 13587 7124 13016 8999 14163 14088 3019 15045
5614,908 9299 12264 6170 6181 6622 399 9682 6240 9306
5615,8581 10897 14928 8588 9423 8009 14862 14430 4552 14891
5616,3021 14427 12513 9052 13134 14929 14930 14166 8999 9054
5617,14404 14449 14843 11366 14927 14555 14351 106 15228 7000
5618,8581 4191 14162 14396 14709 1396 747 14933 8588 14891
5619,13455 14936 14924 13410 6992 3400 2742 1532 8907 4330
5620,9054 14824 8999 7124 14555 13587 14166 78 14163 58
5621,8999 7124 4426 9054 13912 14163 14166 3055 7121 91
5622,685 14937 11259 169 686 1701 586 4233 10564 790
5623,7115 11654 13191 10909 2932 8782 13208 10106 7509 12012
5624,14939 4758 10321 5037 14391 8748 1619 12086 8184 12061
5625,14910 2595 14699 14709 9278 5137 10690 15009 14926 7945
5626,7632 1845 8282 1510 5783 8272 6247 1846 15189 10255
5627,3471 14552 14557 611 3470 14550 14553 618 3160 5415
5628,10833 7848 14940 10834 14822 11731 6202 6584 7849 9051
5629,14163 58 7115 1485 1493 11737 8999 4426 13013 740
5630,14162 14941 5581 4191 14475 794 2311 167 13752 3793
5631,8428 13521 14705 14942 14706 14944 14972 14975 10906 13520
5632,14536 14067 14943 14537 12850 13646 2630 11366 1532 13885
5633,6836 360 11027 2742 2820 2614 1532 9260 9784 4336
5634,12784 14742 9296 8050 58 625 14334 11308 12620 15088
5635,645 14853 9023 311 11406 7049 14997 8780 14986 5866
5636,1523 11401 11135 12640 11404 11402 11397 11403 11405 11400
5637,11779 12342 11784 709 14946 10333 10638 8985 6562 8839
5638,9960 9373 14947 9374 7234 9959 7293 12003 3392 9814
5639,14672 13935 13488 14673 13956 7768 13585 14671 9172 1751
5640,7229 13033 5726 9486 14538 11405 10865 15199 7249 14132
5641,4028 14484 14482 8340 6270 12538 5259 2283 1539 1784
5642,11577 14673 8833 13488 14671 9172 14672 13956 7342 8826
5643,714 10820 3152 7124 3055 611 14984 53 6105 4016
5644,14435 14948 11366 3055 10715 8999 529 7748 611 7293
5645,6836 6489 10124 13335 14452 13753 8892 7384 5788 4966
5646,6761 11358 9239 11359 1380 1379 9292 4971 9392 11357
5647,10679 650 11812 405 3288 5220 649 4344 1160 964
5648,11366 13885 692 12850 5267 14486 5266 14491 14131 14479
5649,14949 12950 12828 14691 12173 11709 13577 12371 10655 6613
5650,14388 14951 14950 14455 7700 14456 12494 8421 14706 9472
5651,4426 13016 14163 8999 7124 15045 9055 6785 611 15263
5652,2319 10381 14952 11235 3811 2148 14341 14224 5107 11424
5653,4426 769 2290 8935 4090 4175 4777 3930 3221 323
5654,3055 13430 11391 14483 14714 14471 11126 8999 53 8369
5655,14224 13836 9583 14952 14222 5107 5514 11405 9205 22
5656,5107 14224 14157 14952 14159 7581 11668 14158 14222 9583
5657,160 9430 4738 2597 6128 6003 14381 157 13018 14329
5658,4426 13016 14163 8999 7124 15045 9055 6785 611 15263
5659,14129 11084 4711 5405 11932 14382 2834 10060 3121 14183
5660,337 1292 4536 13714 6068 13631 1289 1290 10666 1291
5661,23 10183 14953 15185 1880 10654 1879 4074 2111 4574
5662,5107 11668 14952 14224 13430 3751 14157 7109 5108 5101
5663,7109 14921 12803 9144 7110 6196 12795 5107 13430 7014
5664,11213 14695 5465 6983 3117 893 2753 9029 14621 8348
5665,14705 14574 10238 14706 8428 14819 14497 14942 11366 14575
5666,14955 10566 14954 14393 9269 9553 6135 9024 12020 12516
5667,11405 13286 577 726 14136 692 11403 11402 14512 693
5668,2128 14505 8866 3840 41 2146 56 14425 11575 10016
5669,5026 9490 10743 9030 15185 12819 10985 5990 223 15044
5670,14864 9615 7209 14863 9616 9139 4742 9618 661 7439
5671,14157 14304 14158 8734 12032 7581 14159 14160 1131 11384
5672,10865 14304 919 12020 14955 14393 15199 2210 14961 14809
5673,1885 8323 5572 13532 1958 1882 1884 971 12997 4701
5674,3261 14932 3263 9542 3259 5287 9543 1311 3260 7967
5675,3720 434 14958 14957 13627 15070 14652 6984 5680 5525
5676,12281 14390 4121 2405 9704 4937 4313 6725 693 13266
5677,1746 13888 6118 9652 1938 2908 1745 629 4358 626
5678,13432 11221 13424 13433 13532 1884 8075 12288 11405 13608
5679,7229 14132 6610 9486 14538 11405 15199 7249 10865 11398
5680,14790 14276 8237 15108 7336 7642 13810 14777 13257 7444
5681,11366 13885 12850 692 14486 5267 5266 14481 14131 14404
5682,14205 14460 9590 7126 14462 13183 14461 11384 12421 11221
5683,3068 3064 11401 3065 3067 3066 1523 8734 8735 11135
5684,11405 14136 692 726 14704 11402 693 11403 14208 14512
5685,9682 13838 9805 12566 13893 14009 10263 692 6623 8250
5686,692 11366 14205 8145 311 10233 14136 11405 8250 11384
5687,692 11366 13937 14136 11405 8250 693 13838 14208 11384
5688,11701 11702 1926 3781 11700 7962 11232 9275 12303 10632
5689,2986 6105 14227 8979 5708 74 11654 5670 10214 9213
5690,14637 14823 15196 692 14612 882 10507 5986 14559 14865
5691,12779 14873 14946 13949 709 14424 12342 1078 4960 11779
5692,14304 14961 14848 14960 14706 3801 13943 919 6183 11405
5693,14949 12950 14691 12828 11397 14492 5708 6489 5788 11366
5694,6476 6484 5923 6485 1864 6622 6623 3665 907 12082
5695,14962 14963 4959 4958 10655 8177 11652 11229 7664 10615
5696,6622 13892 6685 2979 6257 2108 14885 13893 12567 10870
5697,13838 12778 692 14213 14136 13215 12340 6608 5516 14208
5698,5514 12009 12059 7457 5515 4968 8423 14202 9114 12010
5699,8423 14202 14069 11428 4968 12009 14425 3840 14505 14933
5700,5514 11956 12840 8452 5515 13221 10157 5516 14224 13220
5701,13838 11221 14472 2835 5521 692 6608 14208 12557 6312
5702,11366 692 13885 12850 14486 5267 5266 14136 11405 8250
5703,692 11384 11366 8250 14136 11405 14964 693 13838 14208
5704,692 14136 11366 13838 11405 14208 693 8250 11384 11402
5705,692 11405 14136 11366 693 1667 14208 11402 726 11403
5706,13949 11217 14426 4960 11219 692 3771 11218 6537 14205
5707,6622 13892 908 2108 6170 6685 2979 14885 13893 6189
5708,14729 8326 5273 14091 13004 6909 10169 3602 11366 3055
5709,692 11384 11366 7663 13183 14136 11405 8250 693 13838
5710,12009 4968 14202 8423 12010 12011 14069 14425 12059 14203
5711,692 13838 693 11366 14838 14366 7256 6604 14136 11405
5712,5215 4884 187 14858 3319 5217 6300 7561 5633 3237
5713,692 14208 11366 6608 12557 14472 6312 5521 14136 13838
5714,12333 13673 9961 13647 14956 14169 12064 12385 11384 12741
5715,14208 1701 692 14136 11402 11405 6608 10564 13736 685
5716,692 14208 11366 13838 14136 6608 11405 8250 693 11384
5717,714 8581 8272 14102 4934 12031 5734 8588 14862 12689
5718,1680 8233 12161 8234 3118 3999 6629 12160 10269 7485
5719,6622 7936 6620 9614 2337 13892 2108 1222 1896 2979
5720,14615 12392 14968 14579 12390 12391 9691 12389 15261 11785
5721,7940 6183 8114 1700 4068 13961 1846 6171 6187 1864
5722,6494 9226 7528 13191 6495 11221 10836 5788 4962 6543
5723,7782 11172 12090 7780 7781 12089 12088 8339 6844 6327
5724,7663 14528 11786 13988 8268 8992 7664 14527 2591 1111
5725,4700 13359 13378 6487 6493 11642 13394 13393 11967 709
5726,14706 8114 14885 6183 13961 14705 1700 1846 7940 6171
5727,14706 13943 6183 7740 14960 8114 14961 1700 14848 6171
5728,11384 13838 14205 9965 4046 692 9551 6622 693 5516
5729,12519 5614 14065 7660 13368 14531 13405 14171 13280 10253
5730,9249 11289 191 14057 372 14663 682 13697 3222 681
5731,5383 9106 9594 11366 726 11405 8335 740 3055 14592
5732,611 10893 9594 12872 6083 3213 6016 1621 9781 11483
5733,3055 11126 9594 11424 1367 8999 13388 58 8369 10715
5734,8190 14579 11959 13513 14615 13056 15189 12886 11632 6836
5735,8351 14733 7320 5759 618 7398 11124 611 7325 6800
5736,383 4726 118 2956 117 611 2958 6522 951 392
5737,4964 5896 11654 4073 9228 7012 5895 4710 5897 9226
5738,7844 2957 6768 11367 7842 7843 3500 12918 14165 4031
5739,12574 5676 14971 14606 5678 12235 12298 10252 12134 1337
5740,7183 4279 14969 10625 11967 12541 2685 4339 5914 3943
5741,8702 1988 12483 4805 1028 14220 1683 11932 14284 2821
5742,5972 7170 12633 4383 7967 8081 5974 15191 6785 794
5743,14538 12850 14973 14264 7229 13623 611 14938 14222 12134
5744,14538 12850 14973 14264 7229 13623 611 14938 14222 12134
5745,8428 14972 14068 13521 11366 11287 14705 14944 13885 12850
5746,726 11405 14512 9106 8590 8562 11403 11880 6719 13804
5747,14538 12850 14973 14264 13623 7229 611 14938 14222 12134
5748,14538 7229 12850 9486 11405 13623 14973 15199 7249 6610
5749,8577 14142 13831 15132 14524 618 14417 11167 14113 8464
5750,14538 13623 6071 12850 2820 14222 12134 407 14973 7229
5751,14538 14222 14223 12850 14415 14224 11366 13885 11384 10266
5752,1616 8425 10423 1615 1605 6567 8412 8423 8414 8410
5753,14542 5337 4126 7946 11366 3055 10715 8999 611 4426
5754,14513 14277 14610 8547 13420 14478 4549 13418 7866 10266
5755,14163 1697 14523 8999 58 4426 14866 14307 10715 9054
5756,10715 1655 8298 13584 52 2439 1351 8999 14702 14307
5757,611 14538 1621 1622 12850 1618 1620 1617 10893 235
5758,14974 1697 1904 14163 14523 8459 8123 14975 10608 8428
5759,14974 8428 14975 10608 13521 14705 14972 11287 11366 14944
5760,12134 11575 12024 13764 14976 14593 1754 12626 12850 12039
5761,8988 13956 11189 726 11190 1387 9274 6563 6869 10459
5762,14974 1904 1697 14975 10608 8428 11366 3055 10715 8999
5763,14974 1904 1697 14975 10608 8428 11366 3055 10715 8999
5764,13026 14977 13405 14978 14656 12525 59 9393 3427 5614
5765,11959 13056 3841 10591 14579 8190 15244 14931 15250 14867
5766,1367 36 11404 3055 8999 11126 58 7128 101 10891
5767,9851 12551 9749 9300 1357 1011 6360 8477 7057 1721
5768,10497 12788 9606 12922 1548 12787 10201 8346 9942 10204
5769,11405 726 11403 14136 14512 692 9106 11402 693 13286
5770,11366 13885 12850 692 14486 5267 5266 4746 4745 14481
5771,726 6852 11405 12650 14512 9106 8590 8507 11403 11880
5772,58 740 14979 8935 14013 14980 14163 1351 11126 8572
5773,363 14981 11916 12829 2958 2141 618 12422 13125 8307
5774,8081 13365 14616 13262 6476 6622 7937 7170 6785 8057
5775,13350 14756 14563 14755 14707 12503 13943 10280 8778 8863
5776,14579 14615 14968 12392 15189 11959 13513 11632 8190 14503
5777,9300 9467 14804 5752 14163 13727 14566 9773 14543 56
5778,2210 10865 14393 14955 12020 919 14304 1282 9618 15108
5779,8281 14580 13268 4449 8258 11310 8250 692 11630 12552
5780,6943 5670 2449 1947 8979 14133 14191 14189 14186 9231
5781,14268 11253 3116 5226 1742 14396 4576 11630 8454 11366
5782,14209 12251 14596 14458 14213 14595 13680 11120 7776 5725
5783,13896 14285 13897 14286 1858 692 15195 15173 14209 13894
5784,1287 14210 6881 10541 7898 3055 14108 12689 1285 8999
5785,10414 11322 14714 7175 11321 14471 3055 14483 773 1855
5786,1655 11565 11309 8298 5384 10715 1656 2438 1654 9682
5787,8590 11212 14511 8589 726 1337 10892 10029 11366 11089
5788,2834 4961 14874 14983 14982 11084 5607 14893 4960 13699
5789,5373 14203 6609 11221 613 14205 9393 14202 7581 6608
5790,14862 5945 8586 8581 14654 12625 12624 14334 8579 14742
5791,626 8397 7544 9365 6488 4966 578 5377 11330 6526
5792,692 11366 14136 11405 8250 693 13838 14208 11384 13885
5793,714 3152 14984 14334 11308 14742 14862 11126 10820 3942
5794,9781 11630 11310 9424 3152 14985 611 692 11308 4449
5795,692 11366 12748 14136 11405 8250 693 13838 14208 11219
5796,692 8250 11366 11310 8258 4449 11630 8281 14580 14136
5797,692 11366 6583 13058 14136 11405 8250 693 13838 14208
5798,692 11366 14136 11405 8250 8022 693 13838 14208 11384
5799,8250 12339 14569 692 14572 14238 6581 12340 14575 13838
5800,692 11384 11366 14136 11405 8250 693 12252 13838 14208
5801,7527 2699 3602 6477 10244 5819 14423 14422 5197 4465
5802,11306 13559 14861 8221 4829 7328 11315 14859 14860 7876
5803,8250 14572 692 6581 14964 14238 12339 12340 14573 14575
5804,7696 9466 13843 14692 7697 6596 182 1452 9039 1568
5805,11405 11230 10093 14888 13395 4954 726 14136 692 11403
5806,476 2134 9094 4574 165 3874 13487 466 149 794
5807,14861 259 14573 13559 11306 4085 14660 14572 11120 14859
5808,4085 14861 216 1993 13559 11306 14573 9265 11120 259
5809,11630 14574 14819 11310 14497 692 8250 14705 11366 10238
5810,14209 14458 14596 14213 14595 13680 11120 1859 14286 13736
5811,7876 8374 5407 11306 14222 14638 8373 7875 13929 14859
5812,11120 14861 5673 12551 2869 13483 12756 8164 13559 11306
5813,8423 14202 14425 14505 3840 14933 4968 12009 14069 11428
5814,10701 3665 3887 12156 13887 6537 2652 13179 13885 11218
5815,6617 7169 12083 3747 399 1898 6477 11475 6619 6622
5816,3061 3062 14840 14993 14992 14991 14990 14988 14989 873
5817,12748 11219 12304 11218 6537 14153 6479 11529 13584 13834
5818,10897 9347 10420 10653 9341 2230 9423 4552 14928 9353
5819,8408 10484 14854 13018 14329 7170 14970 14526 7381 9430
5820,11405 726 14136 692 11403 6113 11402 14512 693 13286
5821,14204 5518 14581 6606 5520 5519 11384 14523 14222 14478
5822,1627 8411 1628 14711 11920 12201 11405 14199 4703 11399
5823,12841 13997 14074 13813 9025 6100 9948 13515 1883 13996
5824,11384 9836 692 14205 6622 5788 12603 14222 14316 12312
5825,13276 2681 13737 13277 10798 2698 2685 2690 2714 2680
5826,7183 6342 1575 2685 3943 14969 11967 2691 5914 985
5827,3801 8421 14961 886 7699 13520 12324 14441 11087 13943
5828,14757 11366 3055 13304 8529 3158 10715 8999 3980 7810
5829,8979 5670 10214 14650 14649 14648 14651 14653 14647 1773
5830,7124 13587 9054 14555 13912 8999 9055 4426 14826 14578
5831,10921 14995 5971 7898 10215 6881 10928 10925 5541 6848
5832,4756 13511 14565 14564 10200 11366 5019 13618 1805 3898
5833,14689 10384 14688 14543 5595 8272 6836 15254 14914 611
5834,12805 9245 13831 6310 9320 140 10078 9321 11735 3676
5835,14721 14102 13570 9938 4934 14424 691 14555 8716 8581
5836,8421 7699 3801 7700 13520 5784 8407 13943 886 14961
5837,726 13852 14996 886 11405 14512 9106 8590 14961 11403
5838,7457 12059 8299 12009 5514 692 693 14136 4541 12547
5839,10625 4279 12541 14969 7183 14740 11654 10633 3197 5363
5840,14388 8421 7700 7699 15009 3801 14910 8407 14950 14455
5841,14564 14565 11994 13511 4756 5019 10200 15180 11026 13602
5842,14986 645 8780 14997 14718 8873 15246 14853 4956 11406
5843,11405 726 11403 14136 14512 692 9106 11402 693 13286
5844,8190 4865 14718 1499 713 14140 10522 663 798 1500
5845,14157 5515 2985 3673 8013 5514 14159 7581 14158 5516
5846,12810 3055 7132 11184 8999 7112 6207 7134 12195 12384
5847,14998 11366 3055 10715 8999 611 692 4426 53 2820
5848,11405 11403 14512 726 692 14136 693 11402 14208 13286
5849,8408 14854 10484 13018 7170 14970 14526 7381 14329 9430
5850,726 75 8411 11399 14199 4703 11405 14512 9106 11403
5851,11405 7229 726 14136 692 11403 11402 14512 693 13286
5852,8892 11655 1475 11112 8893 1535 8894 405 2742 2741
5853,10897 9423 4552 5441 14928 7748 8581 10420 10653 9347
5854,365 7583 12487 4397 10948 364 363 10277 10954 8983
5855,6622 9226 6484 9841 7017 309 6476 13892 6494 11384
5856,7050 10171 15000 14356 4191 5592 7051 7052 3810 7053
5857,1916 1277 9554 2372 8158 12896 7358 12152 9192 7065
5858,2742 5998 2815 2614 2820 3465 1166 405 2741 1535
5859,2820 2742 1166 405 1165 2614 1535 3465 12426 3464
5860,1261 1260 1259 1266 1264 1262 688 1265 1263 8291
5861,3052 3058 3059 3053 3057 3056 3054 3051 15001 15061
5862,58 14163 11126 8999 14824 9013 1367 8050 4426 15285
5863,8039 12897 8026 8029 12894 674 1011 6741 12893 12896
5864,2741 1534 2742 2614 5998 13561 4516 1165 2820 1532
5865,3465 1166 2820 2742 2614 3464 404 405 1165 1535
5866,611 9781 10893 618 1621 10421 612 3213 9924 11483
5867,11440 2659 14586 14524 11718 10776 471 13134 10912 1919
5868,13512 11920 9021 5348 14149 9086 9023 13413 13883 8673
5869,14475 1091 15006 14162 11462 2311 14713 14585 625 3821
5870,15007 14475 13920 15006 15204 14162 14476 14566 1091 12390
5871,5369 11332 15008 924 6329 14168 13627 14465 8860 3771
5872,5016 8691 4316 8995 9636 9642 2996 589 687 8693
5873,879 502 6821 466 323 2312 871 2448 1569 2764
5874,14458 4953 990 14209 14510 1859 11131 1577 7017 10107
5875,8421 14910 8407 15009 14388 2595 7699 10495 14926 3801
5876,2820 2614 3465 405 2742 1165 1166 1532 1323 12426
5877,2820 1166 2614 2742 12426 404 405 1535 1323 1165
5878,5488 5490 6689 8074 10304 5489 595 9706 10308 8431
5879,577 712 3600 14094 14522 11396 13286 11405 11395 15147
5880,15011 15022 14519 15247 12877 11366 3055 10715 8999 611
5881,2816 12671 8889 1166 2820 404 405 2814 3464 13187
5882,13398 10647 3656 10403 3654 3646 14294 6657 6663 3650
5883,4519 3214 40 374 746 3735 3181 13129 2199 2569
5884,6004 6002 7941 4351 1957 3213 5324 618 46 407
5885,3055 53 14578 8999 11126 7124 14826 8369 1367 10820
5886,9241 7520 10230 570 6443 7519 855 7517 7551 7226
5887,46 1577 11392 1576 8314 10732 8336 6825 1564 1565
5888,14837 14171 13103 10253 4373 10705 267 13638 14087 12519
5889,14856 14855 9142 6816 4928 6977 1763 3292 38 3453
5890,2448 7697 2765 8705 3697 3033 1231 1969 5015 6967
5891,4924 12318 2676 3296 1949 4742 12343 11862 5455 3146
5892,4553 7398 7691 339 730 1257 10049 2821 7448 7139
5893,14442 15015 14443 7527 11366 3055 10715 2820 8999 611
5894,1320 1001 9192 1319 8541 9853 1779 7062 6363 4036
5895,2875 4139 2874 5667 4603 10988 8159 9647 6555 9758
5896,3839 12204 10616 1116 10406 5314 13991 2670 9058 5087
5897,13885 12850 11366 5267 5266 692 14538 14131 14486 14480
5898,7014 7015 9412 12143 3486 9307 9406 11273 7013 13282
5899,11366 13885 12850 5267 692 14486 5266 14131 14479 14538
5900,2428 2790 8176 10102 4830 349 2750 3110 6220 14344
5901,4596 9664 11891 10574 12726 7215 5686 1145 1136 4599
5902,963 962 15016 3663 3006 13556 977 14764 5058 967
5903,611 4861 8 10832 8578 5216 14971 14903 10893 9781
5904,14752 14352 7264 10560 12439 2840 13643 13642 1360 12486
5905,14789 14155 6273 3896 3482 15198 6287 6282 9001 3481
5906,1011 2996 10199 5447 2998 6807 6356 15017 7427 4139
5907,12436 12434 6522 7129 12435 79 7130 5191 3598 4726
5908,11859 14609 11861 11860 5991 9782 475 7776 11366 3055
5909,7170 7967 14719 6267 14720 13947 4671 14721 1351 7547
5910,73 3027 72 10181 3029 3267 1484 12057 3506 2696
5911,5266 4862 11366 10611 13885 14486 12850 5267 476 14485
5912,6622 11575 1127 15018 7888 7649 12039 4697 1125 12024
5913,3676 6686 4559 10078 8181 11469 8584 611 9321 228
5914,2371 1354 2375 7215 11347 4134 5845 4413 3079 7064
5915,13959 14387 3465 10208 5431 999 11405 14389 7229 13354
5916,1206 8768 9469 1981 4157 1982 9987 3209 1552 1962
5917,1602 8468 7898 6881 1826 4979 7139 10641 1611 3546
5918,7389 9686 11930 3923 15019 12128 8071 8069 5735 1905
5919,7341 2306 10968 2291 2312 2309 11550 873 2294 2067
5920,7719 6491 14674 9143 6766 6589 15260 14886 14470 14492
5921,1826 4134 1777 6705 1008 4626 6364 6707 13076 4415
5922,3200 3438 5003 3440 15065 11173 662 10406 618 7113
5923,611 15020 9781 10893 618 1621 10421 612 3213 9924
5924,2798 1287 9273 9265 1564 1759 6374 1565 514 794
5925,466 167 2312 6821 10168 6027 879 476 323 873
5926,2597 14298 8218 160 14174 14628 7687 9484 1532 13986
5927,7014 7015 9307 11273 9412 3486 9406 13557 14762 14764
5928,1295 2471 8248 5836 2474 3312 6876 4341 11716 3727
5929,13957 1300 15022 15021 2096 6065 62 9115 15011 12205
5930,13695 9966 6073 576 13681 6886 12945 12048 6072 661
5931,36 3726 3179 1367 3178 8999 181 9907 1919 5574
5932,11939 11936 15023 11937 11938 14603 385 4845 14898 13514
5933,13753 1291 381 3403 7798 12918 12516 11035 13373 6390
5934,4785 3408 9402 2174 10796 10794 10793 10795 11141 1581
5935,919 14809 14975 12991 10978 8582 11824 3462 9102 13915
5936,8413 12853 10111 12546 10972 9055 4180 2154 8762 15255
5937,12516 13373 12918 6390 5752 10540 56 13372 3404 12667
5938,7563 13803 7309 6136 13800 13801 13802 7557 10605 1634
5939,2017 6330 2925 13881 11256 10763 2015 11660 10765 2357
5940,1011 13911 13983 5844 4611 4134 1146 3083 12332 1003
5941,6099 4892 2095 4717 10967 11171 9494 6101 14773 13433
5942,11544 12069 8295 6100 13975 14377 6138 10057 13809 13969
5943,13432 4882 14600 12288 12964 10916 7560 12949 10918 13433
5944,8760 14319 11952 8747 7781 5229 1740 11438 11788 1001
5945,15024 11366 3055 10715 8999 611 4426 53 2820 14555
5946,2294 8418 2762 1417 2239 5088 4770 8242 2290 12359
5947,692 476 11366 14136 12325 11405 8250 13838 693 794
5948,3699 4762 7403 6026 1452 3705 4821 6596 794 7697
5949,3021 10820 13134 11440 1919 1334 11938 3742 547 9588
5950,7401 576 4948 8424 7866 10955 7253 6782 8649 5204
5951,3359 1836 7283 10910 11748 5508 3317 10050 11215 9741
5952,4284 5792 9433 15025 5791 9431 9434 9432 13224 85
5953,2375 2371 1320 9192 1779 6364 4606 4060 1778 6363
5954,2925 10763 10042 6103 5143 9442 8052 10765 10766 10764
5955,794 163 6411 128 1646 3250 6086 821 9250 1397
5956,740 101 14163 14979 1351 8999 10715 14547 14898 14907
5957,715 1760 10664 7047 1573 2581 2313 4834 8748 3458
5958,1083 13958 3479 11298 9149 4946 7190 1834 12712 4776
5959,637 6620 14281 8409 13832 15026 2301 2108 6622 639
5960,6623 6484 6476 716 9805 13597 6485 6349 11780 1713
5961,2457 661 1282 9248 10471 1212 4201 466 4219 4217
5962,46 5281 1206 10893 7798 2200 6468 10292 7832 6969
5963,1222 1896 4358 7936 2908 11355 710 1837 6692 9652
5964,2516 2532 9906 9164 1395 1190 392 10013 9917 2553
5965,49 1374 7346 8874 611 56 9773 2498 3599 3404
5966,3945 793 2307 6178 6176 4128 749 10607 2107 11194
5967,4037 5449 9194 4039 2880 11537 8848 13380 12914 1711
5968,8215 2662 13072 1635 8216 8214 2663 7916 1996 8275
5969,342 1205 12776 11864 6981 9142 3621 319 11609 12773
5970,141 6999 12862 6047 4201 5553 10418 5547 5543 10415
5971,3993 10304 9370 7430 9443 8700 5481 7364 10297 10307
5972,2342 1282 2588 2210 2457 6132 1423 8193 8192 12002
5973,13388 3052 3051 9610 3053 4153 3054 3056 3058 3059
5974,5580 11654 2277 1346 711 5896 7929 14227 4964 2276
5975,4132 4687 4688 4138 7427 2875 6360 2372 4037 7785
5976,8999 14163 466 8591 10382 10383 5415 131 15029 12875
5977,4350 9519 13312 3428 8397 578 11366 8999 13836 512
5978,2614 12510 12503 12506 12507 9340 11046 11880 8480 4302
5979,14812 14811 5299 15032 406 14054 6325 12502 10494 361
5980,15033 11366 3055 10715 8999 13122 611 4426 53 2820
5981,2371 2375 7215 1001 4138 5686 6847 4598 10072 3001
5982,4687 1317 4132 2719 2987 7760 7453 4017 10494 9561
5983,4884 7719 3236 4045 14252 5828 14321 4392 2483 12410
5984,4068 12939 11265 14313 11034 6250 7828 13358 7950 3669
5985,12748 8997 10353 11219 6537 14153 11218 692 12481 11529
5986,13777 7138 13610 13778 4637 13779 9182 2483 10869 2728
5987,2742 2820 1165 2815 1166 2614 405 3465 12426 1535
5988,2820 1166 3465 2742 405 2614 3464 12426 2816 404
5989,3465 2614 2820 2742 12007 1168 405 1166 1532 1323
5990,2820 1166 3464 1323 2742 405 2815 2614 3465 1535
5991,2820 405 3465 2742 12426 1535 1323 1166 1165 2614
5992,2820 2742 1166 12426 2741 1535 405 2815 2614 1165
5993,1011 2371 1357 6360 9851 7554 4135 5689 1354 10992
5994,1145 11891 13237 14363 14440 2096 11350 8741 1136 1146
5995,11918 6894 5831 3406 9595 10291 6914 9918 2523 6201
5996,1011 7427 7057 10199 5687 5447 4687 4134 7091 4132
5997,512 90 5312 55 4350 6903 3223 490 510 8407
5998,6127 6575 2231 470 1474 6702 499 12916 89 2224
5999,248 12176 8888 244 14305 8893 8986 12352 6711 12278
6000,10131 9894 12984 11493 10128 5650 498 7748 6094 10529
6001,6129 9533 10059 11098 7630 15036 8986 12823 14126 13856
6002,182 3310 6471 10300 9530 2448 1412 3515 10299 7723
6003,10092 13593 3393 421 11270 9936 13591 3392 3910 3391
6004,8761 12842 12027 1740 7393 15038 7908 4790 7333 6282
6005,4406 9441 5186 5622 10433 6375 11139 9601 476 4856
6006,4139 4606 7062 3543 12730 8553 7552 9171 6858 1320
6007,1011 7554 8982 10627 12376 6805 10994 10990 10246 9749
6008,363 715 5791 8307 27 10230 5750 2366 8455 3035
6009,873 1568 4179 3704 5155 8970 2756 1835 3247 11317
6010,4020 708 13923 753 7442 7680 8429 5805 611 14801
6011,15040 15039 14282 12759 11867 5595 9397 9091 12758 9780
6012,383 7913 1301 3983 611 2067 12848 3811 6115 578
6013,9467 166 161 12573 2575 5017 5655 10891 8422 3367
6014,46 4126 4220 2225 5462 10671 5460 6406 197 11735
6015,4132 4687 2869 4688 1826 7065 7554 15041 7217 14682
6016,4516 13452 2614 2742 14127 3465 3464 2741 2820 1166
6017,5199 13634 10154 2859 3847 5901 9971 2850 709 4664
6018,14163 771 53 3222 9056 4424 12689 14210 139 9260
6019,2579 2504 47 54 87 86 8999 45 85 6760
6020,1302 9495 13905 1300 13904 1040 1222 4670 13998 3513
6021,771 14849 9223 15029 3055 28 14210 12689 9056 100
6022,1475 11583 8889 8892 2820 4516 11880 8894 405 11524
6023,6015 15043 1536 15042 6016 10893 9079 14608 12559 15021
6024,14844 6933 1475 6721 13008 14021 13039 936 6938 3133
6025,11440 11718 10776 10770 14560 14586 10773 10775 1919 8999
6026,149 420 5577 1641 2645 6382 11574 6829 11658 1814
6027,4660 4663 11368 11370 4653 2804 4650 4662 11369 4657
6028,9249 3821 6489 9372 3304 2675 5788 1544 7310 2686
6029,10901 14358 3394 8104 14357 14318 11579 13525 3391 2465
6030,15044 14280 10667 372 5026 12741 12307 8768 9490 10669
6031,14163 14307 8999 10715 58 740 4426 14866 3021 14865
6032,323 873 4821 1564 7420 1565 4468 6374 176 6411
6033,467 7049 11406 12752 15046 6400 14541 6312 13124 6463
6034,1351 5858 242 10390 740 10715 611 8984 3528 189
6035,1784 4028 1539 2283 5259 12538 14482 10104 7662 14484
6036,6360 4413 7096 9851 2371 3083 1357 1317 6364 7057
6037,2741 2742 5998 2614 1165 12426 2820 11881 8907 12425
6038,14752 7264 10560 14352 2635 13879 6171 2634 11219 13770
6039,13486 11545 11380 11543 13084 9358 11544 1160 2480 646
6040,1011 11528 5535 7366 1317 4037 4134 4138 2869 7057
6041,314 9934 5116 3717 16 6128 2597 12816 1342 8599
6042,1354 1355 1357 2369 2371 2378 4138 4141 1356 2376
6043,2309 11550 10968 14636 3765 3811 169 873 2306 5561
6044,11231 560 11232 3842 10056 1145 1529 13723 4137 5367
6045,3465 3464 1166 2820 11121 4514 2614 2742 1532 405
6046,9784 11111 1532 14803 2820 12070 6990 404 11112 4791
6047,4642 4643 4644 5565 4647 13427 12992 4646 4648 4645
6048,12283 4160 3914 12284 4156 4155 4165 988 4161 3912
6049,2531 9905 8846 12435 8722 10341 10546 7374 9917 323
6050,12250 9984 15047 32 13029 1196 14314 3440 12980 13704
6051,1721 7215 2881 8152 4407 5686 14439 1776 12756 11891
6052,6034 6968 10298 5052 10301 2782 8877 5077 3041 2766
6053,1512 3957 1514 1513 9497 1092 9955 654 1516 874
6054,4344 2799 4906 1371 7561 3237 3826 2697 1370 7559
6055,9390 9048 5076 9047 5082 5079 5084 3210 6223 1685
6056,2225 6378 8198 8146 208 8196 3162 3161 324 3169
6057,11970 2488 7321 5209 2495 4916 120 4342 3359 3348
6058,11111 15048 15030 12506 2109 14151 5818 9244 12783 5188
6059,3553 10657 2962 2959 8595 954 10291 5818 7991 2225
6060,7065 6360 9851 7057 3667 8477 4596 4626 1709 10716
6061,4116 4117 11707 11673 4118 15050 12763 4581 3040 11679
6062,9784 6990 1532 5190 2820 11111 404 3465 4515 4514
6063,3160 1960 4370 11954 6908 8503 9911 8722 3174 7372
6064,6228 9805 5247 905 3423 10322 7740 7487 12566 6623
6065,15051 8023 13047 15241 15168 8130 12508 12507 15119 5376
6066,9880 966 4589 9879 12946 2196 967 4581 15052 961
6067,9880 12946 966 967 4589 12943 7655 15052 2196 15054
6068,586 9053 3881 4355 6391 10439 6402 7961 4843 7869
6069,11634 6109 6065 9847 13948 11633 8387 4829 12154 62
6070,3383 5812 3148 3350 6322 5078 10660 5822 3326 5806
6071,13080 13823 6095 12831 13078 5625 13079 12459 10051 11603
6072,2834 5607 6789 8408 10259 13342 12797 2402 4577 10484
6073,1537 10066 3025 1536 10182 6369 11298 4818 2767 13553
6074,3195 420 1641 4188 6033 5011 13649 9250 7181 7921
6075,323 3195 3678 420 3682 15055 2990 1979 887 19
6076,4861 1404 2117 14265 12197 11293 9255 169 14347 687
6077,4718 11036 4713 1541 13114 8274 14377 4716 10085 13383
6078,12480 2015 7843 4645 3838 5336 911 4647 4648 7842
6079,4660 4663 11368 11370 4653 2804 4650 4662 11369 4657
6080,8591 10382 10383 117 2325 8999 131 118 14163 5415
6081,625 8239 14585 12178 15006 11462 11458 9296 3821 8007
6082,149 13673 13647 708 9961 12333 873 169 12659 466
6083,8999 14163 58 3021 13919 9054 4426 14166 7121 10715
6084,4757 10920 9000 425 11643 1666 944 10369 611 932
6085,14713 4822 11458 11460 15006 4816 15057 11462 13516 13390
6086,11391 10263 1044 3503 9 9367 9667 2659 10659 12800
6087,7014 7015 9307 9406 9412 3486 11273 14762 7013 14764
6088,2865 271 15058 3088 269 270 273 4044 2286 11709
6089,2869 2374 9407 10095 14616 9410 13682 8997 7215 2009
6090,8702 14220 4805 1028 1988 12483 10715 14702 14703 9655
6091,1394 15059 699 13930 15168 7002 6822 15119 13937 2067
6092,3055 8999 3052 3058 3059 3053 3056 3054 3057 3051
6093,11126 14306 1858 6106 12206 3055 13388 15195 58 13897
6094,14891 14910 10667 15009 2595 15044 8588 8581 14926 14280
6095,771 9024 2129 8411 12201 3405 11920 15064 9000 13512
6096,3801 13943 14961 12324 11087 8421 7699 886 14960 14441
6097,12574 12134 1880 14887 5678 14606 14971 5676 11366 692
6098,14550 15065 3471 3200 618 15184 14619 8999 14555 611
6099,101 15066 15067 10053 11481 40 14240 11124 11125 14639
6100,14163 9300 8999 58 4426 14543 14866 14307 10715 9054
6101,2764 3903 6971 8241 5540 8798 2282 2021 11257 11328
6102,10715 8474 52 14100 14307 1351 15274 15273 740 7117
6103,8999 9054 14166 9472 14951 7124 4162 14163 91 14555
6104,14209 3153 14213 11043 14596 14458 8020 15188 14595 13680
6105,6521 12513 14088 14558 14868 14930 9055 14427 3021 4378
6106,625 13517 12178 9296 14585 3407 7697 6596 3222 8239
6107,14508 7937 12338 14860 15177 14859 1847 6303 14861 12339
6108,2083 7116 12711 2084 7113 7127 7134 3022 7177 15002
6109,12134 13899 12850 7688 12574 11019 14696 14697 10121 14538
6110,8408 14854 7170 13018 7381 14526 10484 14329 14205 14970
6111,2448 879 176 3015 182 3711 2024 3713 488 6025
6112,578 5140 876 328 3587 12868 12819 9211 5313 994
6113,14652 13627 14958 15070 15187 14465 8860 14957 434 11948
6114,11195 8560 11697 6306 11696 11698 11695 11694 6869 9509
6115,232 2829 11299 10153 7697 229 7196 10485 14473 10406
6116,6306 6869 9509 8560 14473 10153 14096 13429 11847 11299
6117,3841 8256 13526 678 13705 13056 8258 10591 3789 8896
6118,1907 12387 10565 11894 5674 11895 11354 14531 5675 8031
6119,3654 3656 5599 13211 14450 2991 3646 9150 3650 3652
6120,287 11124 5325 14240 8872 8871 6411 11481 2324 8500
6121,7002 1500 12689 13949 15072 8690 11563 14620 12811 7230
6122,5415 74 2986 541 13012 13015 2739 2985 8561 3811
6123,15074 12017 14092 15075 740 12497 1589 8473 8651 1444
6124,4 6596 12178 9262 6374 11459 7697 625 176 794
6125,3055 10715 12512 10483 14529 1865 10559 1949 9060 3800
6126,796 14792 13369 15076 9227 12013 6575 14296 7904 7622
6127,2015 8095 1886 13929 14255 3561 4564 7962 8096 5407
6128,2781 13560 2938 11993 2933 1732 3253 2750 5794 5142
6129,11096 14780 8901 13917 13780 14372 10873 8899 14369 14370
6130,12549 5928 5028 11934 7433 5541 7831 1580 2767 3100
6131,46 2277 9683 6825 2538 64 1346 2026 56 169
6132,14080 12440 15287 8588 1500 9056 14605 14604 14081 9821
6133,5329 5330 14022 5328 14370 13531 3482 5327 1882 5326
6134,14781 9573 15077 7240 6971 14066 13019 7239 5755 10975
6135,12106 12995 2549 9930 10016 10013 9013 2554 9168 5234
6136,11654 6543 6495 6494 9226 4474 14227 6544 7528 6493
6137,12290 12293 12292 12675 12289 13381 12291 14631 12673 12674
6138,9566 12277 8101 2089 13969 12613 8087 14371 10133 1637
6139,11836 8196 12852 12034 323 4408 3192 2781 2249 2558
6140,3214 15078 611 14621 11483 2309 10291 169 374 11485
6141,611 3055 4426 101 14578 15013 15002 3735 9715 6577
6142,2086 8921 1173 11055 8687 12481 5564 2093 14784 11039
6143,1883 4641 5563 6792 11210 4594 11247 11246 14076 9566
6144,14307 10715 14163 52 14100 1351 740 3055 14875 14703
6145,8999 14163 91 14866 14867 7118 14612 14865 14559 15079
6146,7960 2607 9092 10134 2929 7961 2915 1392 8183 102
6147,13388 12689 13937 11126 3055 14163 15072 692 699 11914
6148,2717 10696 13945 4654 9077 8487 14775 13019 9566 8619
6149,6812 3691 5823 6697 3676 11149 884 6813 5804 8176
6150,15013 14578 101 15270 14407 13587 3055 4426 611 8050
6151,6614 8737 14223 10121 6346 14160 14106 14222 14159 1131
6152,794 12386 12388 476 12387 323 6411 873 692 149
6153,2828 12387 12388 9343 12386 14845 1311 12009 3114 12362
6154,200 14703 2204 14307 10715 14702 14220 1351 14100 740
6155,14840 15081 3061 3062 14993 14991 14992 14990 14989 14988
6156,1883 10918 1544 13527 8663 5634 1886 9770 8416 12104
6157,1798 3441 6964 6366 4215 6963 4 6959 5079 2024
6158,8666 3548 656 15182 2598 297 13208 7256 2023 6500
6159,7632 4238 13637 6610 11398 4194 4235 10839 1845 4227
6160,692 11366 4406 8198 15082 15083 14136 11405 8250 693
6161,13838 14721 13215 692 691 13214 9938 14555 14213 14136
6162,14826 15060 13587 15134 13414 53 15063 8999 3055 14570
6163,12134 12850 13899 12574 14696 14697 14886 1518 10977 12101
6164,6836 8272 14689 14543 5595 14566 10384 9260 14163 14923
6165,58 14742 8050 14163 11126 8999 4426 3055 14824 9013
6166,6099 6101 13433 4655 8212 4892 11166 6100 2009 12997
6167,9054 7124 14555 13587 15079 14296 8999 14166 13912 91
6168,14120 14299 1456 8775 8975 571 14926 13883 2464 10904
6169,2748 182 580 2103 7723 11461 2107 2949 2448 5538
6170,798 12463 713 8190 12055 3055 10053 12308 5736 14140
6171,1028 1238 7440 12313 15085 1239 7441 3556 9760 8508
6172,5452 4973 1304 3411 2653 11733 6558 11665 2296 169
6173,625 14585 15006 3821 11462 12966 6881 5376 9207 8007
6174,6785 7170 8081 12566 7937 7967 366 6244 1847 399
6175,13538 15086 9214 6228 11921 6346 11610 12653 14890 644
6176,794 383 9715 9265 9319 3313 7223 12983 518 15056
6177,14268 4576 14396 15107 5226 11253 3116 8454 11630 14144
6178,9056 8588 15072 3906 12689 8581 14210 14080 3055 9260
6179,8904 1533 1532 3465 11112 1529 405 1323 13329 14324
6180,749 859 8184 9947 2317 11196 687 2460 775 5034
6181,7393 11157 5850 5746 12027 6282 5747 15038 2 1532
6182,6613 13577 12828 11709 12371 1893 8788 10868 7804 12373
6183,11073 7380 14215 7828 6147 13771 9702 3278 9469 6603
6184,14039 7648 10253 10254 2839 12520 7649 13175 12282 11610
6185,2133 4 2774 6826 6255 10138 1569 1206 323 466
6186,8999 45 10508 10798 7572 11632 11529 6065 12237 10737
6187,6329 413 4265 8960 624 6682 466 5369 924 8225
6188,4028 6270 14482 8340 14484 5259 13025 6196 14854 14329
6189,11405 11402 14136 726 692 2151 11403 14208 693 14512
6190,4700 4963 12385 6493 6487 7889 14956 13359 4699 4964
6191,405 2820 1323 2742 1535 1166 13932 6415 12426 404
6192,4450 1018 7663 14858 12247 7163 9964 9963 5788 15188
6193,8376 2204 14703 106 14307 14702 10715 14220 1351 14100
6194,963 13556 15016 962 14764 3006 5058 14762 3663 14763
6195,478 651 1004 1069 15088 5438 476 149 466 611
6196,11654 6268 352 6276 12276 15089 14398 10695 9076 6286
6197,9071 10281 688 5498 12992 440 2581 9072 1191 5618
6198,1752 2240 5132 2930 12667 1747 3043 3044 5752 9467
6199,2556 11480 12087 56 1919 2527 12918 9024 10175 5752
6200,5430 14180 12843 4516 5998 2741 3465 13409 2614 8362
6201,4840 13813 14416 14074 538 12841 10259 14075 14440 12504
6202,4705 5747 15090 5746 11157 8700 4696 5745 2 4698
6203,13315 12820 528 10880 8362 11555 13314 12905 14805 12821
6204,2614 2820 2742 1532 3465 9784 11112 405 1166 5998
6205,2742 5998 2614 2820 3465 2741 405 13327 2815 1165
6206,2614 405 1323 1535 2742 2820 1166 12426 8892 3465
6207,1166 405 1535 2820 2742 2815 3464 404 12426 1323
6208,404 1165 2742 1166 13327 2820 13628 405 13574 12426
6209,2820 2742 405 3465 12426 2741 404 1323 1166 2614
6210,1880 177 7923 13129 2549 7726 7922 9773 2519 23
6211,12502 6326 13422 9792 6867 406 9791 14811 14812 404
6212,14375 14374 14376 15093 2365 9784 11366 2742 1532 405
6213,1166 3464 1529 2815 2820 2742 2614 3465 405 8904
6214,2820 2614 1166 3464 2742 3465 405 12426 13187 1532
6215,14122 12826 403 13345 12475 405 1323 404 12426 2820
6216,1166 3464 2820 2742 405 1535 404 11052 3465 2614
6217,405 1166 1323 2820 1535 2742 12426 2822 2614 404
6218,14812 14811 12502 14408 11123 406 15032 1532 10494 12825
6219,1166 404 3464 2820 9791 405 2742 12426 3465 1535
6220,2742 1532 11112 9784 2815 2614 2820 3465 1166 405
6221,14812 9792 15091 14811 15032 12502 406 404 9791 14054
6222,405 1323 404 2820 1166 2742 12426 2614 1535 3465
6223,14655 14029 15032 15091 14812 1532 14335 14309 14359 12825
6224,3465 5998 2742 2614 13327 2820 405 1166 1532 2741
6225,2742 1165 12426 2820 13327 1166 2614 405 3465 2741
6226,1166 1532 404 1535 1165 2820 2742 9784 405 12426
6227,9784 14375 14374 2365 1532 15093 2820 404 11112 14376
6228,2614 2742 1166 1532 2741 2820 3464 3465 405 1165
6229,2742 3465 5998 2614 2815 2820 405 1166 2822 1532
6230,2741 1165 3464 1166 2742 2820 13327 2816 2614 2744
6231,12426 2820 13248 405 6351 1166 2742 404 1323 1535
6232,1323 405 2614 14662 14183 12426 2820 2742 3465 1166
6233,1532 2614 2742 11112 9784 3465 2820 2365 404 405
6234,2820 2614 405 3465 1323 2742 1535 1166 12426 1532
6235,1533 13628 1168 13186 12006 13932 13660 13700 8402 5475
6236,2820 2742 1165 1535 1166 405 4515 2614 3465 12426
6237,1532 3465 405 2820 2742 2614 1166 11121 404 1323
6238,405 4515 2820 2742 1166 1535 1323 2744 1532 3465
6239,1166 405 3465 3464 2742 4516 2820 1529 2814 2815
6240,2614 3465 2742 2820 1532 5998 7686 1166 1323 13339
6241,3465 2614 2820 2742 1532 1166 405 1323 404 5998
6242,5998 11112 2614 2742 1534 1532 2741 1339 3465 2820
6243,6353 14655 14335 4516 2742 3465 1532 2741 12301 2743
6244,2614 3465 5998 2742 2820 11112 2815 1532 8904 2741
6245,2614 2741 2742 5998 3465 2820 1532 1529 1165 1166
6246,13806 13807 13804 3333 13805 2951 11366 3055 10715 8999
6247,1532 1165 2742 2820 2614 1166 3465 404 14138 2741
6248,4516 8907 4330 2741 2820 1532 12426 3465 2742 4515
6249,2820 2741 12426 1529 2742 13187 1166 2614 405 3465
6250,2820 2614 2742 1166 12426 11899 405 3465 1532 1535
6251,404 1166 2820 6989 12426 14150 405 3465 9791 1532
6252,2741 8907 2742 2614 2820 5998 1165 12426 4516 1532
6253,2742 2741 1165 2820 2614 1166 5998 3465 1532 13327
6254,2741 8907 2742 8830 12426 2820 5998 1165 11898 2614
6255,1381 4315 10790 6109 2652 12850 2628 6572 12154 3055
6256,6923 2498 15098 3955 11782 11684 13117 11689 14890 14446
6257,14120 5359 14674 7719 14470 6589 8775 1456 14886 14299
6258,6162 1844 13070 1874 14588 6623 6781 9810 2627 6163
6259,7571 6069 10254 11620 1912 11249 11412 12520 10024 13666
6260,12494 947 11011 14000 914 14706 13552 11287 11286 11014
6261,6613 10868 13004 14090 11153 13046 9205 11763 1669 13971
6262,10184 6090 13765 8532 14135 10185 14365 8887 7529 10561
6263,2614 2742 3465 1532 2820 13452 8869 5998 13482 1323
6264,8647 11780 4459 7481 8318 8612 11781 7659 11782 13597
6265,1133 12559 10866 9288 1549 8486 3040 9287 8525 2670
6266,10376 10377 5111 12924 9712 7764 10378 743 8032 12718
6267,11537 9547 1011 1135 9548 4611 1141 9666 3085 5449
6268,478 1684 10818 4285 816 286 10417 476 466 149
6269,4755 5728 968 8038 15099 10838 10837 3138 7401 7239
6270,7014 10911 14762 2009 7015 4450 14546 11571 14764 9307
6271,8164 10461 12332 6432 15027 7072 12934 4605 4133 2869
6272,1018 7474 1226 1117 1036 11085 1707 2849 7475 10785
6273,4605 8164 11120 4133 5673 1721 8477 7064 1357 4135
6274,9249 14226 7310 14225 873 14464 12362 12551 1544 9648
6275,12333 9961 13647 13103 267 14182 12611 6842 13368 7827
6276,1011 2874 1861 13483 2875 4134 4138 4687 1862 1721
6277,9851 4599 2014 1357 6360 1721 1011 7057 2371 10365
6278,3602 10169 6909 14091 13004 14729 5273 7454 7466 14090
6279,6884 13142 12959 5287 2946 7018 2418 10519 5788 6885
6280,7253 7628 560 11642 6548 4523 14170 13238 13605 4357
6281,13459 6782 8555 14342 9233 13544 7085 13457 11177 10351
6282,6228 13070 6163 12765 6225 14237 12229 6623 6169 5157
6283,9807 900 9661 12025 3878 7934 6251 13204 13394 906
6284,6174 7106 6785 7936 7947 1847 7948 6513 1268 6240
6285,13841 10490 11908 14533 1126 4458 8032 13770 14006 13715
6286,6183 1700 6171 1846 14146 4068 5714 13893 1864 8114
6287,21 12196 13479 13418 7946 9438 626 7953 2421 3661
6288,12748 11219 1665 6240 6479 11529 6168 14731 8136 9809
6289,8144 6781 1844 11648 12432 7938 6162 4068 7934 9806
6290,7302 127 13285 12037 3577 1836 4966 10123 133 292
6291,3862 13782 8516 230 5945 6129 9954 8462 8118 3864
6292,2820 1532 11112 2614 2742 3465 405 1166 12426 1165
6293,6548 8590 10029 4357 726 8589 10031 10033 10030 6549
6294,13184 5895 14091 5896 4964 4073 13535 1753 4966 4710
6295,11273 7394 9183 3947 9307 7014 14764 11366 12231 957
6296,6669 13537 7660 14182 14001 13725 5614 13103 13368 13530
6297,15101 13665 11996 13685 15238 8057 6780 6567 11999 11995
6298,8335 10441 12576 5385 2439 8112 14645 5716 13392 5381
6299,10041 12500 15102 9795 13441 6571 12505 8809 8808 13235
6300,7401 7571 14353 7253 7242 7402 4447 11568 10257 9803
6301,1011 4035 10073 4037 10071 4036 4134 8541 10072 12332
6302,7571 9803 13692 9809 10257 6781 10951 6783 13950 8116
6303,11387 12077 13519 12080 12072 12074 4688 4132 4687 12917
6304,7702 13556 12147 10911 13557 3486 14764 7701 11613 11612
6305,10986 14085 13725 12486 1561 9830 14086 6784 14446 8999
6306,1752 3044 10435 1751 7630 14672 13585 3043 2560 4863
6307,2820 2742 1166 12426 2614 405 3465 1165 1535 3464
6308,3092 10282 3093 106 4554 3769 4556 4557 4945 10284
6309,15105 15104 7857 13438 15159 1473 1472 10654 1471 13108
6310,13697 11190 14057 9199 10941 6486 9683 10945 10949 12984
6311,2869 1001 1145 1002 1136 7215 1146 1011 9194 3083
6312,9194 7217 6363 2869 4134 1001 7065 6705 10461 1321
6313,5129 4285 1772 2885 11025 5667 11625 11624 12808 12378
6314,12802 4387 1011 12798 12794 12795 12799 12796 9421 5350
6315,1354 6360 2378 1355 1357 2371 9851 2369 4138 2014
6316,1003 5673 4430 11120 2891 12551 3667 2869 7065 8477
6317,2869 3083 8166 7099 8167 2378 9173 8476 11002 11703
6318,8210 13728 13729 8058 11019 8649 7754 9199 10277 14667
6319,2014 10365 9236 9851 1357 2378 10366 1354 6360 4141
6320,3676 8181 11469 6526 3533 11330 7544 3352 9496 4559
6321,14721 10625 14740 9510 5363 1527 3197 15034 12861 13324
6322,12717 4752 13105 12568 11054 7623 7937 2867 13668 15019
6323,323 6785 576 13105 12717 13668 1094 13741 15019 11117
6324,12499 12719 13795 13171 10450 13175 5878 13766 12498 9583
6325,13848 4672 11248 14229 10488 13793 12527 11249 1362 13278
6326,4605 2875 4135 8164 4133 4139 9751 4138 7554 2881
6327,8541 11537 11648 9748 9747 11799 8540 1011 1158 3845
6328,13766 14115 12719 13600 13253 4360 7250 13358 383 10982
6329,1354 2371 4138 2375 1357 1355 4132 4687 11777 1719
6330,7539 1809 10892 10251 2725 6764 14118 10252 6398 9996
6331,5007 5005 5006 5008 5009 5010 11366 3055 10715 8999
6332,5452 14057 13567 9085 13697 6333 4359 71 2830 2296
6333,13741 4700 14311 12565 1127 12470 14739 7408 7643 12577
6334,7014 2881 11273 14764 7015 8296 9307 14762 3486 15156
6335,5793 102 8844 574 6227 11145 2288 564 566 12459
6336,7960 102 11477 2023 3197 12221 2607 7961 3736 2288
6337,4576 15107 14268 9892 14396 9895 14144 9894 9893 11004
6338,4787 9053 10435 10786 1672 14070 8999 1313 11675 2149
6339,383 4045 12311 8386 12253 611 12091 13995 386 3983
6340,625 7697 6596 167 14475 14162 12178 6576 1993 2311
6341,3055 1367 7121 8621 8999 514 11126 7116 3022 3019
6342,7441 12975 10860 12977 3716 5833 12974 7440 12976 7443
6343,12617 10037 1883 10038 7909 5634 1128 10036 10039 13877
6344,4657 4655 9361 4656 4646 4648 4647 4645 4649 4650
6345,9470 9473 2093 431 905 12837 12838 1631 4018 2086
6346,2086 10086 2093 6347 416 12068 2087 2091 2094 2092
6347,12949 1996 13065 3573 3572 1998 3571 1997 5221 8216
6348,11038 9202 12565 12971 7351 6549 12470 2912 11039 11004
6349,14790 14276 15108 7444 13257 14777 13810 7336 8215 8237
6350,13721 13811 1635 11714 2087 4892 11543 3626 13720 13814
6351,6136 7563 7309 13803 6139 13003 6137 7562 14231 6138
6352,1884 12647 13703 12068 13247 12646 14796 12997 1883 13620
6353,5374 5364 6334 6115 5371 13754 5366 5368 12724 5363
6354,6303 7230 12338 2273 2263 6467 12339 6083 11037 9778
6355,3716 10084 8636 3784 9004 15109 6111 14381 11717 12977
6356,12274 12182 1956 8757 8634 14772 13608 2805 8663 4643
6357,13432 13433 12997 10918 13532 12172 14031 14809 9760 1884
6358,4056 2663 1997 12949 3572 8214 3566 1996 8216 1635
6359,8617 14381 15109 6128 12870 14035 9430 6003 14784 9004
6360,13 8096 9759 8095 13382 15 4565 12049 13307 12
6361,8617 14381 15109 12870 6128 14035 12871 6003 14784 9004
6362,1161 3398 11165 12602 11198 9027 2796 147 8560 8638
6363,12740 4651 3451 8825 4647 12495 7739 4646 4648 4650
6364,11366 13885 8215 1635 2663 4056 12977 13944 1542 14041
6365,10259 12410 11261 14416 12504 12911 2614 12480 13342 12412
6366,1996 1997 8215 12949 8629 8216 12092 15110 2610 10083
6367,13904 6852 3804 8825 13031 12740 14060 12650 2645 9495
6368,14032 14916 14917 14919 14918 6334 5374 12724 12363 6335
6369,10872 13461 9027 14779 10874 10873 14587 8295 13975 3380
6370,8899 13063 12069 14796 25 9571 3712 9358 14231 2567
6371,12877 11184 15112 14578 8999 3055 7116 1367 11126 7113
6372,6577 580 7723 2311 7225 15113 13071 5538 3222 182
6373,14388 14706 12494 14705 11405 14000 14885 13552 14456 14455
6374,611 794 3222 9781 612 170 216 4762 10919 2311
6375,5116 1956 6874 14900 3722 8288 8215 185 12274 12182
6376,15116 15117 15115 8708 15136 15137 15138 15135 15140 13594
6377,2761 4217 1247 5758 8918 12042 9886 1239 5543 795
6378,4426 12668 1396 15118 13016 14163 8999 7124 8935 15045
6379,1489 1488 8572 14891 13848 14396 14937 14278 1483 10158
6380,14320 10215 14306 8999 14869 3055 692 5971 9052 10745
6381,10095 14582 6280 4434 4755 13737 14458 1859 14616 10798
6382,9350 11631 12179 4057 4058 13307 6795 13 4451 6792
6383,7993 8140 14436 8860 11400 14833 5709 14834 5788 3260
6384,363 4180 3791 1797 3100 8307 1197 1798 7504 1648
6385,6522 6523 9924 5044 5567 3309 12434 12436 12435 611
6386,12233 13435 8852 3542 9147 2152 1376 12359 5719 12194
6387,14434 4451 14228 14230 14050 11631 14229 8517 4927 11630
6388,4031 12097 8201 6701 3860 3367 3167 5079 323 126
6389,14307 4191 1204 15074 10171 11914 7579 744 466 873
6390,7145 11317 13364 8970 7143 5155 3050 1386 6175 2689
6391,12748 10701 15120 11219 11218 3887 3665 12156 14153 6537
6392,11873 3805 10558 881 2912 8322 12708 2867 979 9445
6393,4348 4900 4985 7326 10675 4901 4897 1371 4885 4906
6394,3811 1796 7344 466 1452 2309 769 323 686 149
6395,692 11366 15123 15121 15124 15122 14136 11405 8250 693
6396,9853 2380 12238 2379 2375 11347 2372 4599 5846 2869
6397,11249 4731 10050 11856 14095 14013 12973 11620 12972 12685
6398,1665 9809 9810 12576 10441 2438 2979 5716 5385 11908
6399,9393 12938 12924 6098 4971 7796 6515 7895 4700 2439
6400,1122 1119 8024 8885 1360 13267 9128 14050 8041 8029
6401,1390 4769 12361 4490 4503 805 11681 9974 5063 12053
6402,323 879 2133 2067 1217 2672 3033 811 9098 12043
6403,4424 2760 11147 13017 2951 13513 5929 53 14163 100
6404,13879 9895 13716 13131 9892 7264 13231 13375 13374 13376
6405,2614 8761 529 7333 2742 3465 1532 2820 7334 6940
6406,1047 1901 8403 1499 3266 871 879 868 3110 6317
6407,13821 3561 6137 8105 8090 6138 6139 9576 13820 5579
6408,10369 11174 10227 3016 4943 8671 3014 14707 611 11317
6409,1166 1535 2820 2742 405 3464 404 12742 1165 12426
6410,8428 13521 14944 14942 14705 14972 13520 7226 11366 11287
6411,209 7611 4422 2987 10645 5074 6961 2719 8942 6963
6412,11366 13885 12850 692 14486 5267 5266 14481 14131 14404
6413,618 3200 15065 612 287 611 3811 149 46 794
6414,4909 9566 13462 8100 12649 12593 158 3330 8099 8759
6415,14986 258 14483 12568 8027 8007 15246 14429 7623 3055
6416,4424 11147 2760 8496 12623 11684 11758 5376 11140 13406
6417,4132 4687 9308 9406 4688 4311 9302 4138 9307 3083
6418,9111 11209 11210 9110 14787 7 12649 9354 12625 4594
6419,2982 5198 15125 1269 9404 5202 3861 9403 7104 6777
6420,13642 12439 13643 1621 5358 13024 14754 5338 14967 11888
6421,4964 5896 4073 771 5325 15060 4710 4754 5895 4753
6422,5574 9901 9586 392 9905 7372 9911 9907 9923 8722
6423,3811 4871 14893 2309 769 686 466 323 385 764
6424,11126 12877 3055 13388 58 14578 1367 8999 15112 11184
6425,15060 14570 15063 15134 14826 14241 14316 15028 13414 3055
6426,26 7992 2340 4467 2117 3910 7137 3734 9985 5046
6427,2457 715 5140 2201 7904 12668 14504 15072 2415 13805
6428,6364 6360 1317 7554 9851 2881 3083 4133 9192 8477
6429,6327 15127 6331 12342 12200 12090 12089 13571 2059 1304
6430,138 836 7462 323 9570 865 7929 5580 3328 5412
6431,4757 9299 9306 11462 5552 2448 4262 9319 182 1569
6432,10210 8427 8921 10111 12546 15128 8695 5882 4572 1677
6433,5929 8735 15129 14217 8734 8736 8739 8733 13430 8737
6434,15131 9232 14340 13284 1789 13255 13252 6393 9233 1788
6435,625 3407 12178 9296 14585 13517 611 7697 6596 3222
6436,2139 8450 9064 7399 1807 4237 5523 1391 458 6999
6437,13548 11884 14521 9126 11783 9713 13691 14117 8613 13024
6438,9809 1665 9810 1522 11177 13070 1939 9806 7651 7739
6439,611 4020 5 12032 10893 9781 618 1621 3213 10421
6440,2319 11235 516 10381 323 3811 466 788 14952 2312
6441,4688 2369 11537 4687 4132 1354 1357 3083 2372 2371
6442,12298 14971 12850 5678 11366 14497 12574 14606 13885 5676
6443,11120 8141 10622 5673 12551 2869 13483 12756 8164 14209
6444,9393 11358 4971 7796 13404 6761 9392 1119 9239 12207
6445,12877 6990 7113 6572 7120 4363 2155 137 8494 81
6446,406 14743 13741 3210 14040 3017 13366 11255 14812 14311
6447,13587 9055 7124 14555 14826 9054 4426 14578 14306 14427
6448,14718 14997 8873 8780 12875 14493 13513 5682 14827 14036
6449,14299 10042 10904 571 2918 10210 564 566 1951 3276
6450,13430 5929 5107 3751 3055 7109 9836 14714 14471 13431
6451,13957 10746 3437 15179 6281 10031 6279 5112 6773 6292
6452,7124 13587 14555 91 9055 14306 9054 14427 14865 8999
6453,14142 15132 11167 9544 12383 14674 13831 8577 14417 14490
6454,13999 12991 15133 10429 9798 10428 9797 9100 7351 13620
6455,6623 1845 6228 10255 5782 5917 2287 5783 1253 5781
6456,15134 8999 15060 92 15064 53 8587 14826 11366 3055
6457,8999 53 14826 15134 8587 3055 14163 14578 7124 7121
6458,12134 14886 1518 12850 12574 14674 13220 7719 13899 14696
6459,2498 13937 1385 5545 6902 14930 796 12513 14427 49
6460,5430 13409 14196 1785 2669 8108 3171 12905 2614 8110
6461,15140 15139 10287 15136 15137 15138 8708 2626 10481 15135
6462,15140 10287 15139 8708 2626 15142 10481 15143 15141 14855
6463,6785 9826 3859 230 1269 12566 10870 9825 5782 6244
6464,7249 6415 2958 10277 405 2742 8731 7783 10279 13314
6465,15145 2916 11619 2428 10048 2919 15144 2013 14847 7718
6466,12756 11318 11319 11120 5673 2887 13568 12551 1001 13590
6467,6780 8057 15101 13366 1665 6781 13685 13665 9803 14616
6468,14824 78 9054 8999 14166 14555 58 53 93 14868
6469,9511 7845 14931 15146 7115 14687 740 10124 15250 15244
6470,739 3790 15147 14555 3406 14306 9054 1880 3600 611
6471,3021 3160 14427 13033 13134 14929 12513 14166 14930 8999
6472,4605 8164 1721 4133 7554 8477 5689 7015 9751 9625
6473,8999 14163 7121 14166 15148 9054 7124 3055 91 1367
6474,1883 12617 7909 14783 46 5634 12091 14076 9015 14041
6475,11405 3019 726 14136 692 11403 11402 14512 693 7115
6476,15149 11366 3055 10715 8999 611 4426 53 2820 13885
6477,1532 2614 5365 7993 2742 8860 11112 6378 3465 2820
6478,3828 15150 11366 3383 3833 3832 3830 657 3824 3831
6479,11669 11904 12191 10910 10571 5397 1830 1836 7400 11905
6480,7855 1126 6784 13416 6502 14340 1896 13418 9895 12389
6481,8176 2230 14344 9341 10653 3691 8462 14128 2189 5097
6482,7002 15059 15119 14911 14143 15168 8130 15051 6622 15121
6483,2614 5998 2742 3465 2820 1532 2741 1529 405 1323
6484,15027 14736 1724 2869 12934 10461 7072 6432 12332 8164
6485,10874 10873 7759 14234 10696 14467 12648 13914 6796 11210
6486,10701 8057 14616 8409 12748 3887 12156 2705 3665 15101
6487,4909 2567 6788 14413 10080 13974 4910 11187 14164 13915
6488,1532 9784 2614 2820 11112 404 2742 3465 6866 405
6489,8899 12618 13067 13064 9348 10959 13916 9574 2793 9575
6490,1620 1436 8798 14699 15021 11080 664 1622 1621 1617
6491,4437 4978 4199 15057 380 8748 2739 4473 3811 1216
6492,5896 4966 13184 4964 4073 5895 626 9228 10337 4710
6493,1516 859 11424 8038 3055 5140 8184 10381 6877 4382
6494,12748 12717 7937 11219 14153 11218 1847 692 13105 11529
6495,15101 13685 6567 13665 8057 6780 11996 11186 13737 9409
6496,5281 8195 8479 2643 4288 6872 11148 9774 8419 742
6497,4882 7560 13065 3573 7558 3567 3565 5221 10242 9372
6498,2869 7014 3486 9307 11273 9406 13557 7015 13101 15106
6499,14218 4599 10997 10998 5845 11923 11000 11382 10999 1358
6500,5552 2709 9779 11462 5538 11458 784 11460 7723 3711
6501,4909 13399 13484 12998 13462 2567 14413 3897 10456 8302
6502,3896 11042 10976 14775 8087 8585 5554 8093 11040 1884
6503,2767 6381 1238 9065 5084 10471 1567 6959 11934 458
6504,1880 3500 4240 1918 11739 2547 2501 6474 3037 3402
6505,11461 4406 11462 9071 10039 2936 9779 1989 1992 9367
6506,9348 11544 12066 9358 14377 12069 13064 4883 11543 8899
6507,1665 6781 9809 9803 13887 6783 14340 13617 14732 4551
6508,4736 9319 3186 5012 2021 6636 5042 6302 9306 5045
6509,323 1028 11328 873 466 3811 2133 1206 879 764
6510,8591 10382 3662 10383 8999 2325 117 10672 14163 131
6511,3055 11126 8999 8369 53 1367 7116 8370 15062 15061
6512,1047 5618 2168 1901 8403 11323 8345 2943 2164 5616
6513,4295 593 1583 589 6474 6962 611 4322 4828 3910
6514,12928 5246 12927 6513 11475 14732 3118 6515 13962 4170
6515,9323 1558 9324 10373 10372 155 12860 9830 12858 10371
6516,10821 13286 12159 11405 2108 14959 577 11249 8145 4135
6517,8526 3040 10898 1166 12426 11755 2824 13926 9287 3464
6518,2457 1201 5090 4219 1206 476 4223 128 466 796
6519,9015 5331 10917 13040 13900 5332 3482 1883 14077 13009
6520,1011 3083 3085 2875 1003 2881 7784 4598 7058 6432
6521,11813 1870 6275 6470 11016 9030 3289 15185 10985 12819
6522,5253 13954 6716 11254 14985 293 12624 3005 235 234
6523,15161 15162 3074 7096 568 4306 1799 274 10257 4300
6524,49 7844 10407 10086 11945 14025 13051 14034 14024 12068
6525,5253 13954 2010 2011 13681 4398 9407 12624 3005 5732
6526,3083 7057 4135 6360 4134 2881 8164 9751 10072 3442
6527,56 82 13571 38 11113 4973 7184 10664 296 2584
6528,2206 9306 9319 12875 14718 14493 8873 11863 15154 12689
6529,6103 1187 15128 4230 4572 8052 9442 412 5882 10111
6530,2480 5222 637 14451 1636 3274 12171 14780 2793 3275
6531,53 11883 11911 15163 14578 3055 8999 14826 7124 11884
6532,1166 3464 2820 2742 8526 405 1535 404 1165 3465
6533,11257 8554 3808 3809 10494 8555 7089 3806 9479 6063
6534,7643 1554 12129 1874 12470 1127 7649 13715 14588 12685
6535,1473 1471 23 1472 15105 10654 3097 15159 13438 7857
6536,12620 14274 12714 4346 12784 15088 635 11865 11271 11216
6537,11384 12333 9961 13673 13647 14956 12385 14169 12064 14013
6538,1367 2804 1496 4653 13022 4660 8999 3055 7128 4650
6539,1901 82 8695 115 871 1047 12546 56 10715 63
6540,3395 1613 8948 796 7972 5513 1732 9140 14159 1131
6541,8975 3773 1233 10301 10299 2773 5068 8654 12023 1235
6542,1796 6576 6789 11824 12418 14809 1452 9715 4761 6577
6543,11405 14136 692 726 11402 693 11403 12497 14208 14512
6544,794 149 4462 2306 3574 5581 4695 873 476 466
6545,15051 15119 8130 5376 15168 8023 15059 7002 13047 8125
6546,11124 9522 14361 9116 14448 12103 630 14205 693 11125
6547,2741 2742 12198 2614 5998 1165 6120 12426 8907 2820
6548,9143 7205 11291 15046 9241 10247 12600 233 7719 12408
6549,9348 14377 2788 11544 2789 8274 12066 4713 1541 4718
6550,618 385 2313 3144 611 612 3811 287 149 383
6551,2597 7687 14628 160 14629 3787 7684 14627 14630 8218
6552,6280 15166 14658 11197 14164 13160 15165 14371 15110 14019
6553,8899 11128 1544 14796 14795 13703 10036 9101 14791 9358
6554,4594 3896 9558 14770 6795 9559 4641 4644 4642 9560
6555,5565 12366 14659 4643 4644 4642 12365 9083 8634 5566
6556,1636 14451 13361 1637 13306 11544 11944 15167 14798 8739
6557,3482 5331 5332 5326 14155 5327 10917 9015 5328 11206
6558,12274 5 1128 14453 12093 13936 11844 12182 8757 12275
6559,14076 12091 14783 7909 12999 1883 9015 12253 14077 14071
6560,10872 10542 8295 14683 10874 10873 14413 13969 9027 14779
6561,1883 1544 14022 13256 6796 8420 10918 5329 8416 9770
6562,2010 9814 11850 2011 10900 642 2014 10901 11022 9959
6563,12274 12182 8663 8634 8757 4643 13608 4644 12179 4892
6564,11427 13382 11199 13 14370 11426 12645 13740 15167 14772
6565,12748 10456 2015 11219 11218 14153 8997 11529 2017 10701
6566,5557 13944 13817 11165 13818 14624 13814 9772 12967 11164
6567,4594 6795 9350 2787 4641 9558 6792 6797 9559 5564
6568,10456 13399 12998 14789 13527 10918 3896 3897 13484 10721
6569,11143 5351 11260 6849 12566 9805 9590 4850 9682 12421
6570,8421 7699 3801 5784 13520 14961 886 7700 13943 7226
6571,15059 15168 7002 15051 15119 5376 699 13930 1394 8132
6572,3059 3058 3057 3053 3054 3056 3052 15001 15062 15061
6573,6622 8575 4671 7384 13892 2108 6476 6520 2979 11384
6574,11120 12866 11776 13590 12147 5673 12756 14038 12551 13557
6575,1320 4060 2375 1779 6361 9192 6362 6363 1778 6364
6576,3723 2945 11837 3128 3055 3729 3991 1419 10855 10654
6577,14892 8596 8491 13054 14149 12582 13002 5852 5326 7908
6578,771 15029 3055 14668 14849 14578 14825 9223 14163 14210
6579,11373 8793 11374 11378 174 11376 11377 10538 8501 7113
6580,4035 5535 1140 4037 10073 1011 1148 10071 1135 1141
6581,1532 2614 4840 14892 14262 2742 11470 13613 11112 3465
6582,871 7696 3015 11383 5732 879 7697 176 1452 6596
6583,611 618 578 287 3213 1374 8397 11480 9359 1640
6584,8737 4956 14635 7359 5481 14986 7082 225 8661 7531
6585,4426 15045 13016 14163 8999 7124 9055 611 6785 10715
6586,8935 6084 9834 14980 6089 8782 14979 11243 740 2278
6587,2959 15031 11046 12503 10160 10657 4712 3141 11868 14408
6588,40 1752 5141 3984 3455 328 1521 779 10931 10930
6589,2869 2875 4139 2881 5447 2883 10199 7554 7427 4134
6590,8479 14669 2310 2808 2311 14348 7324 11818 1500 2308
6591,8659 7040 7311 7041 7308 7307 7312 7340 1796 8661
6592,14384 12081 692 14383 6228 11366 1532 13885 3055 404
6593,692 14209 14213 11366 8020 8525 13050 14214 15169 15086
6594,2442 7654 4590 4087 4589 967 9879 12760 966 12761
6595,2180 476 6650 7265 5205 5096 7861 2269 5795 3718
6596,1568 5079 9390 4353 1685 6964 579 8742 12533 2024
6597,11384 13 8272 12312 14891 10082 12065 8096 692 12
6598,2614 2742 3465 1532 2820 5998 8869 1529 1323 6414
6599,4126 4752 15100 15171 4966 5709 7946 4754 6952 14542
6600,12850 13885 11366 5267 14538 5266 692 12134 14486 14222
6601,1840 6617 13214 9226 13215 6621 11567 5486 5325 399
6602,8409 2705 6160 6167 6161 6165 7951 11034 7103 12586
6603,1011 3085 7099 8541 7785 6739 10091 11102 4616 12608
6604,9406 14764 14762 7014 3486 9307 14546 11273 8296 14763
6605,14887 14688 6581 10384 257 14689 12850 12574 7177 12134
6606,14887 14688 257 12850 12574 7177 12134 11366 3055 11315
6607,5917 10125 633 5904 632 2005 14378 6228 6905 10126
6608,3403 2498 15000 5225 14718 1463 7631 1395 3405 7398
6609,13057 14502 5499 4742 8238 562 15172 5604 14967 10558
6610,12850 13885 11366 1061 5267 14538 5497 5266 692 12134
6611,8999 78 14163 14166 9054 7121 7124 91 13912 3055
6612,5788 12254 12164 11575 14505 6935 14671 13761 7470 14502
6613,8769 3939 5888 11300 2368 4926 9507 7840 2468 11870
6614,14986 4956 15246 14635 7082 8737 225 14997 8780 645
6615,4557 14996 7841 13852 886 726 4554 7846 7845 4555
6616,9051 7717 6902 5719 2291 624 686 846 2294 4261
6617,14910 14388 2595 15009 14299 14926 8421 8407 9278 10690
6618,14209 14276 14561 15173 8456 12206 14596 14458 14790 14286
6619,10169 9588 9789 5180 8565 12421 15192 10779 7489 12085
6620,3578 5764 3401 5766 9364 3984 6837 9690 12832 7983
6621,15174 3055 10715 11366 8999 611 4426 53 14555 14163
6622,7014 7015 1709 9307 9412 7013 3486 7554 11273 8164
6623,12850 13885 11366 14887 7177 5267 14538 12134 5266 692
6624,1532 3465 2614 8904 2820 2742 14812 14811 405 1166
6625,478 173 8950 14539 476 149 466 1734 1213 794
6626,1452 1796 126 12320 11758 9265 1397 14140 9715 794
6627,1732 8971 3134 9061 12144 2781 6083 2560 848 8948
6628,11219 4447 14353 12748 6537 11218 8316 6479 7242 6171
6629,4434 4630 6951 4632 14582 4755 6947 5603 12537 716
6630,1390 4 3439 1389 3441 4503 868 1899 1900 3440
6631,5938 7847 14704 12321 11366 10552 15175 14136 9989 10310
6632,5938 10552 7847 11366 12321 2332 6834 15175 9221 10237
6633,5938 7847 12321 14704 11366 10552 15175 14490 13885 10310
6634,11366 13885 12850 692 14486 5267 5938 5266 14481 14131
6635,15175 5938 11366 7847 14496 12321 10552 14485 14146 14361
6636,5938 7847 12321 14704 11366 10552 15175 14490 13885 10310
6637,1883 14496 9026 11366 15175 12617 9015 1544 14454 2009
6638,11366 13885 12850 692 14486 5267 5266 13079 14131 14481
6639,15175 14496 11366 14486 5938 9026 14485 14491 14146 14361
6640,11366 13885 12850 692 14486 5267 5266 14477 14481 14131
6641,15175 14496 11366 14486 5938 9026 14485 14491 14146 14361
6642,5267 11366 14496 14491 13885 12850 14486 5266 14479 15175
6643,11366 13885 14486 12850 692 5267 14496 5266 14481 14491
6644,15175 14361 14146 11366 14496 9522 5938 14485 11124 5714
6645,11366 13885 12850 692 14486 994 5267 5266 14481 14131
6646,15175 14496 11366 5938 14485 14146 14361 14481 14486 3055
6647,13885 12850 11366 14480 5267 14131 14486 5266 692 14488
6648,14481 6077 15176 11366 14486 5266 11144 2321 14499 15175
6649,13885 12850 11366 14486 5266 5267 692 14491 14538 14131
6650,11366 13885 5267 12850 692 14486 5266 14479 14131 14491
6651,11366 13885 12850 692 14486 5267 5266 14532 14131 14481
6652,11366 13885 12850 692 14486 5267 14491 5266 14481 14479
6653,5267 11366 10210 8427 13885 12850 14479 14491 5266 7265
6654,11366 13885 12850 692 14486 5267 5266 13697 14481 14131
6655,11366 13885 12850 692 14486 5267 1181 5266 14481 14131
6656,11366 692 13885 12850 14486 5267 10552 2332 5266 14136
6657,11366 13885 14486 12850 692 14913 5267 5266 14838 12528
6658,11366 13885 12850 692 14486 5267 14481 5266 14131 14404
6659,14508 15177 12338 14860 7937 11956 8374 10871 6584 7110
6660,15144 15178 14847 10048 4066 11619 15145 14541 2919 3397
6661,10552 6834 2332 11366 692 4324 5587 3335 4832 6204
6662,13957 15179 10746 5112 3437 2354 5651 6281 11635 14046
6663,4126 5163 5170 5172 7543 10615 12554 9472 11391 1684
6664,4016 11260 14055 11366 4074 8182 692 11143 6105 10820
6665,11366 13885 12850 692 14486 5267 5266 14481 14131 14404
6666,11366 13885 12850 692 14486 5267 5266 14481 14131 14404
6667,11366 13885 14486 12850 692 15175 14481 5267 5266 14496
6668,11366 13885 12850 692 14486 15175 5267 5266 14485 14496
6669,11366 13885 14486 12850 692 7716 5267 5266 6903 12785
6670,11366 13885 12850 692 14486 5267 5266 14481 14131 14404
6671,11366 13885 12850 692 14486 5267 5266 6834 14485 14481
6672,11366 13885 5266 476 12850 692 14486 5267 202 5170
6673,11366 13885 12850 692 14486 5267 5266 14481 14131 14404
6674,11366 13885 12850 692 14486 5267 5266 11050 14481 14131
6675,11366 692 13885 12850 14486 5267 5266 14136 11405 8250
6676,11366 13885 12850 692 14486 5267 5266 14481 14131 14404
6677,11366 13885 12850 692 14486 5267 5266 14481 14131 14404
6678,692 11366 5266 14491 13885 14486 14136 12850 11405 8250
6679,11366 13885 12850 692 14486 5267 5266 6467 14481 14131
6680,11366 13885 12850 692 14486 5267 5266 14481 14131 14404
6681,11366 13885 14486 12850 692 5267 5266 14481 14491 14479
6682,11366 13885 12850 692 14486 5267 5266 14481 14131 14404
6683,12850 13885 11366 14486 14480 5267 5266 14538 692 12134
6684,3019 7115 11059 3055 108 10651 11405 2125 8999 6259
6685,8882 4345 12429 10135 12996 10155 1902 4852 10481 4352
6686,7233 8891 10658 7168 3168 11840 11842 911 1122 13287
6687,11405 693 6725 692 14136 11403 726 11402 14512 14208
6688,13640 279 6345 14959 11237 10821 8145 7547 278 280
6689,11124 9116 3798 11125 9522 8999 11126 14240 7438 58
6690,8221 11700 14835 1728 7328 7379 12047 12048 10835 1713
6691,14564 15180 14565 11994 13511 4756 5019 10200 7898 7865
6692,14233 2089 14042 2094 2090 12613 10133 12277 2088 2091
6693,13207 8564 14193 10496 11405 1379 14153 7663 1380 13266
6694,14555 14449 9054 7124 91 13587 14927 12427 14166 739
6695,14555 14721 9054 7124 91 13587 12427 9510 14166 739
6696,3793 14941 13752 7251 7252 9321 14162 6398 3591 5581
6697,4191 13588 15181 14162 14278 3906 5594 1836 10171 5785
6698,4191 14162 14396 1396 14933 747 8581 14709 14475 14941
6699,14166 8999 91 9054 14555 9052 7124 14930 110 14929
6700,14706 14705 8428 14885 13430 14942 10906 14707 14574 1332
6701,9055 2391 12651 13587 4426 14088 3019 7881 10011 11602
6702,11734 9197 8012 9947 14001 10982 4182 133 10972 8008
6703,8666 2598 15182 3548 13836 22 13208 2596 7256 656
6704,9014 776 11973 794 3952 6958 4468 9045 760 454
6705,4591 14141 14716 15281 7141 6493 6505 12837 14717 1044
6706,10210 10042 2918 8427 2925 571 10904 14299 3257 7265
6707,11654 4474 14227 6495 10625 2930 6543 10200 10102 4964
6708,13836 2598 22 15182 9519 8666 9583 14224 4875 14
6709,2637 14925 14741 8488 7188 5522 11919 3945 1693 12197
6710,7124 13912 8999 9054 13587 4426 14555 53 14166 10715
6711,14821 14592 14822 10833 10834 10115 11731 1605 15252 10835
6712,1855 6544 8444 4962 4753 4964 4073 6543 6298 6622
6713,8143 14970 9578 11564 1665 8034 11007 11006 10484 13018
6714,9055 8413 8762 13587 4426 14088 3019 91 8999 14865
6715,8999 14166 14555 91 14550 15184 14081 14620 11820 3373
6716,138 5412 9613 11485 323 2130 149 4384 9570 2256
6717,611 8335 5381 10893 9781 618 12576 1621 10441 10421
6718,8666 3548 656 15182 2598 13208 7256 3163 6815 6816
6719,14163 4426 8999 58 13016 10715 12427 7115 7124 3021
6720,5788 14833 14834 14436 11400 5709 10011 11397 6493 626
6721,1885 8323 5572 13532 1958 11362 12997 1882 1884 9034
6722,14953 15185 10183 23 15159 2111 9030 12819 9088 10985
6723,12875 8999 14827 14493 14825 13587 14718 9319 9306 8873
6724,5016 13697 14132 14527 8995 11366 1181 14057 2591 6610
6725,6780 8575 9803 6781 1665 10810 6783 6520 13365 7651
6726,14522 14095 15026 14094 577 4731 731 11249 12973 2301
6727,641 610 614 6509 604 613 608 620 615 617
6728,13673 12659 13924 11554 13647 11555 14323 9961 12333 10127
6729,692 11405 14136 693 11366 11402 14208 11403 726 8250
6730,13943 13892 6622 7699 14885 14563 908 13893 13350 6685
6731,6622 6761 11358 9239 8016 15186 11359 4971 9393 13892
6732,11405 14208 11402 14136 692 726 11403 13182 693 14512
6733,8016 9239 15070 11358 6761 15186 6622 11359 14958 3429
6734,6614 14502 12164 12254 6935 11575 14671 13761 14505 7470
6735,8408 10484 14329 13018 9430 14970 14854 13132 7170 14526
6736,14652 15187 14465 13627 3893 14168 8897 10787 6718 6717
6737,4964 5896 4073 5895 645 9228 7744 7745 4710 5897
6738,8007 8133 8132 8027 8118 5259 3285 2393 8137 7141
6739,14209 14213 4450 8459 15188 8127 14596 8123 14458 8020
6740,13690 15186 13265 14715 1783 2409 9557 6761 13267 4567
6741,5352 14008 13694 15262 10716 12162 14495 13606 5353 1366
6742,14209 7256 11962 14596 14458 14213 14595 13680 692 11120
6743,6622 6761 2108 1380 6189 11358 9239 13892 1379 6623
6744,1380 13207 1379 6761 9292 11358 9239 1376 1375 11359
6745,8666 7256 13208 3548 15182 2598 11962 14209 14366 656
6746,3019 7115 11405 3055 108 9055 8999 11059 13016 13891
6747,8145 10821 14959 9963 2108 5788 13286 14205 12474 279
6748,13943 13350 14563 12465 14756 7699 13892 14960 12324 14961
6749,6622 6617 6621 6619 5486 2108 399 13892 6609 6616
6750,14213 6991 14209 8020 13838 6992 15188 2651 1339 10591
6751,3771 13949 14517 12901 7984 10906 8134 14426 5036 4960
6752,5788 8145 12474 4170 14959 9963 9226 6884 6935 11384
6753,10786 5897 3886 2149 7497 11131 6335 11133 12352 5895
6754,14579 11632 15189 14615 1845 7528 11959 13513 7220 14364
6755,10011 14143 14667 14911 7002 14833 7141 7276 8133 7168
6756,7401 6171 1846 14528 11786 1111 7664 7663 6183 11649
6757,13602 15100 6952 9842 15172 5604 9225 15171 13057 9226
6758,6516 8914 4942 8916 8920 8929 8927 8930 8915 8881
6759,7253 7222 6887 7401 1721 1863 1939 6542 13616 3077
6760,1845 11796 7528 15189 6494 1846 1366 5352 7976 14237
6761,13388 11126 11914 14840 3063 13937 12689 75 8587 14163
6762,740 14907 15190 14979 1351 14163 101 10715 363 14296
6763,8999 14163 7121 14166 9054 7124 91 3055 1367 101
6764,8617 14035 15109 14381 13383 14788 14784 8594 7443 12601
6765,924 14660 259 9799 14573 5369 14861 6329 9777 9778
6766,12850 13885 11366 5267 14538 14711 692 5266 12134 14222
6767,14229 1694 14883 1695 1699 11248 4672 10488 13793 14050
6768,10701 5717 13179 3665 12156 3887 2652 12748 13885 15120
6769,1500 14704 9242 10380 9989 14136 11405 15287 8189 14080
6770,12850 13885 14538 11366 5267 12134 14222 692 5266 14938
6771,7719 14674 14470 14886 9143 6589 6766 13220 14417 14490
6772,5972 14509 15191 4383 13227 4382 794 12633 7170 787
6773,871 1901 857 8403 2764 879 1047 868 1900 1570
6774,12850 13885 11366 5267 14538 5266 692 12134 14486 14222
6775,10169 15192 12084 9789 12085 9588 13004 5972 7003 9002
6776,14329 13132 10484 14854 6270 13409 13262 13018 12905 14616
6777,14538 12850 14973 14264 7229 13623 611 14938 14222 12134
6778,8428 11287 15193 13521 14972 11366 14705 13885 12850 14944
6779,7643 8397 1127 7888 7649 6488 7544 626 8410 11366
6780,8999 15134 92 15064 14163 7121 14166 9054 7124 91
6781,7572 14618 93 14866 14163 8999 14554 611 14558 1727
6782,7229 5023 12483 9486 11932 10668 14694 14693 7244 8058
6783,12850 13885 14538 11366 5267 14938 12134 14222 692 5266
6784,14320 10215 14306 13587 8999 739 9054 3055 14869 9052
6785,5107 11668 14952 14224 13430 3751 11666 11667 5108 8162
6786,2804 8374 342 8141 4653 13022 4660 11370 4650 11368
6787,3213 10893 7230 14620 611 6016 1618 235 2029 385
6788,14565 13602 11026 14564 11994 3718 13511 1588 4756 4336
6789,58 14163 11126 8999 14824 9013 1367 8050 4426 15285
6790,740 14564 106 6881 7898 15074 8992 7865 1351 14565
6791,8999 14320 14163 7121 14166 9054 3055 7124 10215 91
6792,149 6881 7898 10215 5541 10921 5971 873 169 14320
6793,3616 3617 15054 3912 1171 3615 11366 10625 8020 7076
6794,14974 1904 1697 14975 10608 11026 8428 4336 8168 1906
6795,9056 9300 14904 8588 14163 9260 14903 11310 14566 3906
6796,14286 14285 15173 14209 12440 13896 5190 12206 14276 8456
6797,8123 1697 8459 8121 8127 14163 8122 14974 15188 8475
6798,692 11366 13896 13897 14136 11405 8250 1858 693 13838
6799,4379 11311 15194 2803 11314 11312 11307 11309 11308 11310
6800,1858 15195 13897 13896 1859 1860 1864 12734 12551 12206
6801,13896 13897 1858 15195 692 1859 13894 1860 12734 1864
6802,91 2083 12711 2084 2085 8999 7116 7127 14166 14555
6803,13896 13897 1858 15195 692 13894 1859 1860 1864 12734
6804,692 11366 14637 14136 11405 8250 15196 693 13838 14208
6805,2013 13896 2134 13897 1858 4803 692 14285 9094 15195
6806,9698 2424 2397 9202 8474 13120 8576 2410 8128 2899
6807,14561 5683 782 692 15173 12206 8456 14967 14276 14443
6808,714 8054 8456 11307 3152 11308 8455 8055 10820 8021
6809,13813 14074 12841 14075 14077 14076 9015 13997 14416 4840
6810,15060 15134 8999 14826 15063 14570 15028 92 15064 13414
6811,6622 2108 13892 6189 6620 2979 6761 6623 5486 11384
6812,6622 7002 13892 2108 2979 14911 14143 6189 11384 6685
6813,6971 15077 8241 7240 9573 14781 2950 4484 8242 9531
6814,13653 15197 11105 13652 11781 5923 11177 14365 11366 3055
6815,1222 7936 11711 4358 1837 6692 4851 710 4747 6187
6816,5096 10820 113 9359 11473 13699 10662 5097 9337 9349
6817,9220 5110 5673 11120 9464 9892 4576 9894 9893 9462
6818,1855 5325 773 10414 782 764 4962 4073 4964 7649
6819,7002 14143 14911 15059 10011 15119 7141 6622 14667 857
6820,7002 14143 14911 15059 10011 15119 7141 6622 14667 857
6821,7141 4591 12837 9826 1523 11330 14716 11899 14143 1475
6822,12083 10765 7271 7658 7002 7276 6617 358 3747 5491
6823,7457 630 1332 12547 6220 4541 12059 6259 693 13808
6824,15198 10028 14789 7963 10033 10030 5158 9401 10031 6839
6825,4598 9547 9548 9666 6432 7785 1011 1358 9853 1141
6826,7229 10865 15199 7249 12020 9486 14538 11405 7675 6610
6827,7457 12059 8299 12009 5514 4541 8061 2674 692 5860
6828,14790 14276 7336 15108 13810 14777 7444 13257 8237 611
6829,58 14163 11126 8999 14824 9013 1367 8050 4426 15285
6830,771 14849 9223 15029 3055 28 14210 12689 9056 100
6831,8272 12689 14493 9306 8581 11563 12031 14923 12065 12876
6832,14564 14565 10200 13511 4756 5019 11994 3898 14478 11366
6833,15164 11054 2596 15202 12502 12826 7623 12568 2592 2598
6834,3771 14393 14693 2678 14955 5036 692 14694 3895 12020
6835,5788 10986 9830 7678 9999 9331 10941 4753 14279 4170
6836,8407 10495 8421 10498 3337 9986 9579 10492 10496 8309
6837,3801 14004 14441 8421 14961 14909 14908 13521 886 13520
6838,15203 11366 13885 3055 12850 2742 12274 692 2287 12182
6839,3062 3061 9818 14840 15003 14993 14992 14991 14990 14988
6840,9052 12015 9054 14166 12014 2130 14320 14869 10078 380
6841,14209 14596 14595 13680 14458 14213 11120 13736 14208 14286
6842,14209 14596 13680 14595 14213 14458 11120 692 14286 13736
6843,14209 14596 14595 13680 14458 14213 11120 13736 14208 14286
6844,11549 15249 15068 15066 8999 14597 103 2325 15250 13174
6845,14840 3062 3061 14993 14992 14991 14990 14989 14988 3060
6846,471 14586 14524 13831 11440 2659 14426 360 14216 11740
6847,611 6825 9781 618 46 10893 10421 1621 612 9924
6848,15204 7313 15007 15084 7307 2493 14272 7311 7323 12514
6849,11147 11140 11758 5376 126 15168 4249 878 4424 15051
6850,9306 9319 1500 8479 15205 11863 15154 14493 1447 14718
6851,3744 9489 9492 1027 9494 6426 7921 338 9493 8714
6852,5222 11190 12277 10603 10356 6140 12613 10604 10359 7244
6853,1160 650 3288 1161 3359 2484 9669 1159 186 10738
6854,1963 853 6050 2312 6051 2460 46 1100 149 6957
6855,10554 6339 14363 4596 2617 11891 10555 13603 1828 1145
6856,5527 7428 15207 15206 8816 9706 8431 10308 9701 595
6857,7697 3538 7152 12543 7907 4052 2448 1452 5771 1086
6858,15208 15209 14764 14763 15155 2443 12632 12760 4086 8269
6859,234 235 1619 1617 1618 1456 11087 1622 1621 1620
6860,7716 2156 10404 10397 12050 2030 10158 9117 7495 184
6861,1475 8808 13635 8809 14328 14662 14183 15210 8806 8894
6862,10524 12584 1532 10523 10525 13410 13455 13210 3400 14684
6863,12689 12784 12620 11271 11865 15088 14274 11867 14742 5438
6864,661 10905 3132 1917 9526 2457 7797 9616 9139 1212
6865,3976 666 7243 4186 2182 10470 4335 9991 5960 5025
6866,5244 5243 8025 11357 11358 12207 4971 6761 1124 10535
6867,1987 9458 9294 9293 7080 6963 2259 3413 9457 9982
6868,764 782 773 5898 5683 970 14967 14443 149 323
6869,3057 3056 3054 3059 3058 3053 3052 3055 15001 8999
6870,6725 6717 6719 6718 8517 8897 15187 3893 14652 6984
6871,12797 14810 15216 13390 13337 3587 13342 12794 12798 2402
6872,1001 2876 4416 3843 1826 7554 9194 2869 7062 2996
6873,3667 2999 7065 9193 3074 1003 3688 3666 3416 11778
6874,11347 1355 1354 14283 3001 6431 4661 1357 2371 2379
6875,46 1880 3043 3044 3500 3407 9781 6762 5749 7965
6876,9249 4985 6675 11044 6637 143 10675 7310 4897 14226
6877,3800 9532 973 1865 11652 12512 146 940 8667 5455
6878,4818 10275 2809 7417 5771 1280 43 11461 4061 1081
6879,2875 4402 1723 1711 6067 11102 15049 1151 12261 12146
6880,888 277 13130 11856 5613 10022 228 10289 8936 1507
6881,1145 1136 560 3842 1146 4596 7215 1721 9537 11350
6882,7123 113 7127 7117 2125 3055 108 7159 13952 5569
6883,1572 1943 506 3398 9491 7152 1086 7776 9648 1237
6884,101 3219 8999 14898 873 14578 740 1367 15013 1808
6885,15170 15218 11251 15219 11252 15169 15220 8525 11571 9418
6886,8253 6550 10192 12561 1357 6551 3442 2369 10191 6739
6887,1532 9784 8808 11111 2614 11112 14359 2820 3465 13482
6888,10085 10695 14770 10694 14769 15089 3896 9558 5554 4594
6889,1317 7065 3442 12629 3444 15217 15220 11001 4687 4037
6890,12212 6770 701 6501 4309 6771 10034 7808 6837 7809
6891,5540 3148 8697 15222 5812 3383 3350 3811 3943 4031
6892,3319 5215 3378 5786 5217 7317 5787 3237 7000 4885
6893,14752 14352 7264 10560 12439 2840 13643 13642 1360 12486
6894,4085 9715 2798 9265 1759 7398 794 1993 1796 6577
6895,3903 3347 10500 3899 3901 1058 7452 692 5952 10501
6896,2614 2742 3465 1532 2820 5998 5192 14408 1323 15224
6897,2063 11713 7646 547 1035 3529 4143 5458 3740 2064
6898,7697 7696 6596 176 2448 1452 4821 3015 625 8704
6899,2439 10441 13392 5384 10007 1211 5703 9218 8335 12576
6900,1957 4452 15005 5324 5328 7182 640 7181 6002 3149
6901,15225 11366 13885 12850 14238 11405 3055 14538 726 2742
6902,994 5322 12829 6984 15092 876 11366 1673 8897 6719
6903,611 9781 10893 618 612 10421 3213 1621 488 794
6904,1949 9060 8926 9059 1865 10559 8969 10483 14529 3055
6905,1532 1533 13329 2614 2597 11112 2742 3465 2820 8904
6906,14641 12899 8084 2404 12276 4421 11941 12900 11206 3067
6907,1345 11821 7333 1346 3150 6713 8398 7334 3892 3261
6908,3613 13783 13317 9337 3612 5096 3611 363 3405 5137
6909,14986 15246 4956 14997 8780 645 14483 12568 8027 258
6910,11804 2937 8764 8765 9529 2778 2939 1967 5081 4477
6911,6622 11384 14205 14889 692 13892 2108 2979 6189 9965
6912,3055 771 9056 8588 12689 3021 14210 14430 13953 13977
6913,769 2448 4020 770 7680 2771 2106 176 7697 323
6914,9393 11221 5373 284 613 13535 1119 1127 6761 4971
6915,1367 101 7123 7128 7127 9117 13952 7159 13414 14898
6916,585 1732 11985 1581 6638 1095 1024 10241 8418 10784
6917,13439 13850 13440 10730 2959 11366 1166 13885 3055 6572
6918,5579 5578 4925 1690 5580 466 2953 6332 9576 13821
6919,13408 13972 13407 5964 13970 13971 12555 14175 6869 13548
6920,1859 1860 12551 1858 2379 1863 11806 1864 7056 2375
6921,466 2024 607 2763 6854 3104 10294 4221 9505 3196
6922,8704 3468 4712 7448 7365 7763 3135 8194 1881 9313
6923,5502 226 3551 2736 7645 7644 4255 7021 196 2063
6924,3441 1443 1638 1460 6963 6961 815 8070 3196 1968
6925,9222 8260 14928 14037 11442 8249 11460 3755 11815 3754
6926,13069 11043 12467 13901 8033 14213 14209 10218 6826 3996
6927,8737 7531 8661 14635 8659 4956 14223 7340 14160 2601
6928,5594 7394 3942 1836 6191 12489 3947 4191 6638 10357
6929,46 169 2960 149 466 611 686 873 618 2309
6930,14857 10640 335 7234 8977 8597 14881 13037 5109 13371
6931,8999 7124 53 13912 3178 3177 3176 8377 14404 3179
6932,8494 15043 15042 1540 11651 7120 4363 6572 1536 12559
6933,705 12941 11854 3242 2266 11469 10232 989 240 4568
6934,131 67 5791 10547 3501 10293 10341 3510 1018 46
6935,1544 3332 1623 1883 9770 11715 2795 12949 3380 3359
6936,13054 14149 5326 5328 8596 13002 13485 15165 14892 12582
6937,15204 15007 7313 13920 14566 14475 14543 3055 13603 4426
6938,1028 8702 2807 14220 4805 12483 1988 323 12160 11328
6939,383 2130 3214 14418 3471 15229 1660 11485 1204 4660
6940,1532 1533 13329 2614 11112 3465 2742 8904 2820 14324
6941,3404 10278 1839 56 3403 12322 2493 10273 3393 11876
6942,3308 14675 14419 3500 15012 7126 9802 1027 9819 105
6943,6622 7625 7628 9965 5446 13892 2108 11384 2979 7629
6944,692 5516 5515 14426 11366 13670 14862 14904 12388 13920
6945,14136 739 3021 5516 2142 7113 13670 15230 692 11405
6946,13037 14857 5109 14881 13371 8597 10640 5368 335 10056
6947,3112 6870 6910 466 1097 9082 5035 2323 3739 7418
6948,1320 1779 1319 6362 9192 4060 6363 1778 2375 6361
6949,15231 15232 1898 7466 6297 1942 4462 9697 7172 1896
6950,12519 11611 5696 13280 13279 14065 5691 10253 12926 12263
6951,12182 12274 15005 8964 8757 12179 14772 13608 8634 2805
6952,7249 5570 10731 13314 6415 4840 6284 8710 8713 13144
6953,4350 1463 15227 3428 1395 512 8397 9222 578 11366
6954,15233 15234 14163 101 11366 13885 3055 12850 5788 661
6955,13101 15106 15235 15155 15156 13557 12961 9307 11273 9406
6956,7099 7100 7070 7098 10995 10996 4743 3085 2881 7095
6957,4901 4905 4913 4891 3236 9499 3237 3377 4813 233
6958,1638 223 5524 1443 736 11079 6963 3441 5722 5526
6959,11112 8892 11880 1532 2614 405 1475 2742 2741 1535
6960,7860 13669 14178 3805 4361 7970 1336 13654 13254 12926
6961,4132 4688 4416 4687 2876 3843 12077 6811 1826 7091
6962,9393 6761 9392 12948 11358 4971 1119 11359 9394 9239
6963,3486 9412 13556 7014 13282 7015 9406 9307 10911 9422
6964,7014 7015 9307 9412 7013 3486 7554 8164 11273 14571
6965,13557 9422 3486 9406 10911 9307 11273 7702 7014 14038
6966,7293 8439 14947 9364 3578 13031 13118 6790 7334 1173
6967,1011 12332 4037 1862 13981 11598 6245 7498 7427 8541
6968,10715 870 1902 12429 82 10766 9582 466 52 1374
6969,14338 14339 12632 12628 12627 11366 11273 15208 7013 12630
6970,2712 4314 4311 4308 4306 4304 1992 4312 4309 4305
6971,11199 9769 14772 15167 13020 2805 13382 11427 9766 13361
6972,9308 15156 6356 9406 7147 4311 9302 7014 13212 14546
6973,13170 4710 13456 11547 6622 13457 13458 3522 5896 4338
6974,5190 14286 14285 14209 1532 11880 1475 13635 15173 5189
6975,6812 884 11149 6697 3810 6813 3811 5823 12086 3691
6976,3602 3407 9271 2928 9580 8193 4821 2344 12320 258
6977,12763 15054 15053 9880 4581 15052 966 967 12944 12946
6978,10373 155 156 153 5415 4726 6522 10372 2794 9320
6979,1367 91 40 87 6916 6891 2547 3270 5301 3594
6980,3153 3910 4295 968 451 2012 4046 346 1802 3167
6981,14764 14762 8296 14546 15156 13212 10911 11273 7014 9307
6982,4743 7070 10996 5846 7099 10627 10630 10590 10990 10989
6983,14080 12440 15287 612 7915 8588 1500 9056 14286 14285
6984,6889 6899 9903 1373 10537 7758 3459 9921 9915 6888
6985,625 12784 9296 12178 7697 6596 14585 167 9263 14742
6986,12977 14076 311 9101 7759 1883 9100 10873 10874 9023
6987,2741 2742 2614 5998 1165 2820 11879 12426 11112 8907
6988,4660 4663 11368 11370 4657 4653 4662 2804 4655 11369
6989,2209 11671 11952 8973 3299 14319 12394 12395 88 5257
6990,4132 4687 4688 4138 1320 1779 2372 1321 2375 9192
6991,3187 1021 12190 10736 3373 11160 13794 10579 4210 3614
6992,6406 6407 9130 7829 3908 6405 6403 1215 6404 6408
6993,2508 2232 12782 5016 10618 7290 8548 11913 10531 2116
6994,14290 6664 14288 6655 6666 6653 10397 6656 6662 6665
6995,2869 12332 5449 7215 1011 11347 4037 2372 7057 9194
6996,12085 330 12543 7907 3538 12084 10169 3180 5904 305
6997,6773 1183 5468 6501 1184 1185 10031 10746 10111 12546
6998,4136 4608 8165 7498 6737 10367 1824 10574 10576 10368
6999,7369 6987 507 5035 5505 7645 9648 5742 1052 3819
7000,6476 9182 3822 1960 13365 9185 11647 2243 12775 8493
7001,4605 8164 4133 13665 15238 1721 1357 8477 9751 5673
7002,1737 2527 1373 2758 1280 6889 2546 3527 1381 9903
7003,2371 4060 6364 9192 1779 1778 1320 11120 1322 2881
7004,2371 2375 6361 6362 1320 4606 4060 1778 1779 2881
7005,2375 2379 2380 7064 2371 2372 11347 13878 7449 4060
7006,1684 3457 13139 3170 8399 3171 5778 8670 10619 10472
7007,5689 12332 8541 11598 12377 1011 11799 2869 1721 4138
7008,1452 3773 10303 3701 8970 7145 10452 10823 14661 4782
7009,7545 13040 14215 3824 14314 9015 8999 7547 12248 13029
7010,7527 2287 5969 13121 13122 7714 354 6060 8576 12309
7011,11120 5673 8477 12551 2887 437 10067 7296 12756 14464
7012,1721 6360 9851 5689 4133 2887 4605 1357 12075 8477
7013,1452 167 7697 1796 2312 6821 1569 126 6596 3222
7014,15161 15162 3074 7096 568 4306 1799 274 10257 4300
7015,618 287 363 2130 12436 40 12434 5141 14870 13129
7016,1880 612 14717 618 611 7726 23 2549 188 2509
7017,2869 7427 6363 7217 4606 1320 4060 9194 9192 1779
7018,3055 2342 7186 12002 12579 8044 6309 9420 11126 8999
7019,9165 13415 5779 11445 13129 269 9404 5339 11446 5712
7020,888 5545 6953 12423 796 214 6469 10022 5543 8257
7021,3091 9996 13842 7725 9542 2905 7539 1265 4169 8138
7022,7215 1136 3443 1145 1146 5845 4596 10088 2869 5686
7023,8999 3055 9519 5460 9426 15226 7121 1367 7124 14163
7024,12756 13568 13590 11120 2887 5673 6360 12551 8164 14225
7025,3153 243 4774 722 6192 8146 6132 10618 6214 9887
7026,6897 5424 7133 6895 2071 5425 1687 7726 3528 189
7027,7960 9850 3458 11028 11798 5636 2607 7961 1826 11802
7028,7217 1353 1006 1704 1008 1001 6363 1773 12936 1011
7029,3556 1798 7696 1836 2754 6053 2758 7510 8047 2932
7030,3237 4891 4913 8349 1163 4901 4887 3236 7561 1371
7031,8709 12114 8711 8710 6417 3465 12816 12125 2614 1323
7032,2652 1291 12106 2516 11069 2133 7731 7727 5748 2496
7033,14120 10142 1106 12011 11904 9208 2101 6861 8775 3989
7034,13926 1660 14331 13575 2824 408 15096 10410 2820 13353
7035,46 10377 10376 10378 7764 743 10712 11374 6892 9131
7036,9340 8832 2837 5753 11880 9346 12764 11917 12510 8811
7037,11405 14131 726 14136 6934 692 11403 11366 13885 11402
7038,8195 3 4850 3500 12169 10564 1905 46 9359 11480
7039,2375 4060 2371 1320 1778 1779 6362 6361 9192 6363
7040,1532 49 2614 2498 2742 11112 3465 2820 9784 404
7041,2362 14520 4810 4811 1088 2363 13036 7867 14521 6872
7042,2375 2371 1320 9192 1779 4060 1778 1780 6361 6363
7043,5328 640 4452 15005 5326 5330 5327 1957 1882 3482
7044,8999 8591 14163 10382 7121 14166 10383 9054 7124 3055
7045,7758 6899 9921 8802 8972 5498 6889 6888 9903 3459
7046,8999 611 9054 3021 9924 3178 9299 10482 10483 7124
7047,3071 8482 12512 3069 8932 3072 3800 3070 917 6966
7048,6613 7863 2277 10642 11466 2927 9088 15159 7864 8788
7049,7442 13923 14801 8429 14912 5805 10677 708 7440 7441
7050,363 11485 1573 11242 385 3214 2130 14907 2029 7495
7051,4580 13853 3789 11794 2981 7810 8384 8380 8379 8387
7052,12905 12906 12903 11286 13315 2614 12904 9517 14007 14196
7053,794 3222 2448 4 795 176 6216 467 1646 5972
7054,7249 15199 7675 405 6415 8731 7229 2742 12509 2820
7055,6352 11121 3465 13007 1532 2820 1323 2614 1166 11122
7056,4687 4132 7057 4688 4138 3083 1317 7427 1011 2869
7057,1529 3464 1166 2614 2820 3046 2742 3465 12426 405
7058,2820 1166 3465 3464 2742 2614 405 12426 404 1532
7059,2820 2742 1166 6000 405 6001 12426 2614 3465 14084
7060,1532 3465 404 2614 2820 2742 1166 11121 6352 405
7061,1529 8904 11121 3465 1532 2614 2820 405 2742 5998
7062,12426 1529 2820 2614 405 13186 13717 2364 1166 14599
7063,1532 1166 3465 405 404 2820 2614 2742 1529 12426
7064,2234 5187 10140 2518 2528 11644 9282 2514 2522 2527
7065,206 11323 9816 2702 2696 1438 11088 2711 920 1424
7066,4753 11871 11397 6231 4962 6544 4964 5615 5788 11896
7067,15240 9552 9519 9440 7272 12781 9680 3802 2714 4313
7068,14137 13998 14497 14136 11366 13905 4670 7742 5782 3815
7069,2804 13022 11369 4653 4660 11370 11368 4663 4657 4650
7070,4223 1219 5591 1683 6469 2228 5586 4250 3478 8179
7071,4634 1880 5348 10123 5421 3043 4865 2271 2270 13413
7072,8023 15241 15051 13047 8008 8015 8017 8011 8010 8019
7073,4712 207 1545 3121 7386 7090 1547 1546 7390 4711
7074,5858 5424 2318 3528 189 3531 1687 5100 4146 1030
7075,9880 2441 12763 966 9879 961 12944 12761 4589 967
7076,727 584 730 729 723 728 731 733 725 732
7077,4845 4207 13724 7925 618 10889 2960 13412 5299 10564
7078,323 466 10006 11699 11364 1288 7918 2480 6927 7038
7079,10056 7071 13125 10278 15242 3393 13038 9373 10279 14347
7080,4812 9353 9352 9347 7780 4814 3727 15243 2290 9096
7081,3222 1191 9072 6402 4974 5292 6767 4848 586 794
7082,8376 2204 7208 10595 9590 12421 3816 3403 4428 1935
7083,1784 7662 10104 2992 10103 13667 13551 13023 13839 6397
7084,740 8651 1488 1493 5282 12017 1489 8572 1351 14979
7085,3486 13282 4399 9412 9406 9422 7014 14545 7015 9421
7086,716 13597 10584 3877 13542 13823 12247 4434 13658 6485
7087,769 3709 1973 2448 3811 1230 176 794 1568 4216
7088,1947 13799 9128 1088 1948 2449 8993 5346 5347 3876
7089,101 7115 13891 7128 2125 10651 2142 13808 13913 9209
7090,466 476 879 3599 3595 3596 7918 3594 734 6052
7091,11550 12347 14710 3622 3183 13936 10968 11865 12886 11150
7092,3348 10356 5361 12108 5803 3680 13041 10360 3359 1419
7093,13193 1540 10930 13194 8263 12231 12060 967 15052 10931
7094,9799 15242 14660 13125 7071 10278 3393 10056 11366 13885
7095,2536 2551 2505 2503 6914 2562 1880 2552 2490 2557
7096,3896 7333 3897 5554 14155 12027 3892 8486 9001 9761
7097,11120 5673 12551 2869 13483 8164 12756 2887 14209 14861
7098,11937 15098 11939 11936 11938 611 8998 6923 15023 14603
7099,7561 4344 3312 6928 8481 1163 7048 3237 4906 186
7100,611 11938 11939 11936 11937 8998 15023 14603 14898 13514
7101,6651 10102 6954 10567 12021 3362 1235 4223 3704 1393
7102,4510 2467 2776 2147 9593 12360 3631 11216 12018 9619
7103,5514 5515 15163 5516 5513 14224 9114 12840 9836 13430
7104,5673 13878 11120 14236 12756 12551 2887 14459 4062 2869
7105,6108 1053 3547 1076 1038 1080 1014 1016 5790 9475
7106,3980 7623 15058 13425 4044 6084 2286 5982 8512 11156
7107,3019 9055 7115 11405 13587 3055 8999 108 4426 14088
7108,1880 2560 11739 3404 4863 6596 2503 8971 6041 12022
7109,13145 4009 639 915 11366 3055 15005 10715 2820 8999
7110,1018 10342 10341 10551 3461 9910 10547 8749 9918 11969
7111,2081 2079 9680 3552 6532 8306 2225 5609 9429 2304
7112,12669 7911 10961 8085 13825 13608 11405 1475 3716 12537
7113,1354 2369 1355 1357 6320 2371 11987 4141 2378 6360
7114,8802 4422 4423 8199 13808 6929 4429 2084 4433 4432
7115,5210 14534 12571 12569 73 10798 7139 3626 9339 6786
7116,14789 15198 10028 14155 6273 3896 13527 10918 12998 13399
7117,5579 6332 2953 5578 14111 756 6849 13820 7869 995
7118,7071 14347 14265 1013 4605 5367 7076 15242 11293 13125
7119,83 1868 4442 7822 1867 3602 7429 3601 8434 6054
7120,1568 4181 3487 782 4488 10742 3976 4929 4004 3699
7121,88 2470 11974 9493 4911 11676 3302 2471 3326 2473
7122,2614 2815 2742 3465 6352 2820 5998 1532 1166 1323
7123,2717 2688 920 2258 7146 10864 8619 3560 2710 2707
7124,12435 8846 9349 12436 12434 611 6522 5096 12433 48
7125,10964 10963 2113 11366 3055 10715 2820 8999 611 2614
7126,2084 2083 2085 7121 45 7190 7191 9457 6677 9883
7127,2767 4235 2103 8223 9069 5092 11550 12167 6643 2782
7128,2428 2790 6220 2750 3110 323 349 8798 10102 4830
7129,771 13412 44 6902 9203 10238 28 8872 3055 7461
7130,705 3242 12941 2266 240 11469 10232 989 4569 4568
7131,2790 3110 8553 2750 2428 4817 4818 4820 323 6220
7132,4031 4717 2490 9494 4029 4178 7622 3645 8457 2219
7133,1011 6432 4036 4598 2880 3038 14751 4138 9851 7427
7134,871 7504 10762 1551 3748 3255 879 2826 2764 1103
7135,4933 8800 9692 8461 8795 8801 1734 4865 5140 4770
7136,74 8561 6823 3803 7082 9770 8388 2986 3031 8562
7137,3811 648 1252 10281 4405 11272 2309 169 466 686
7138,12469 15143 15142 15140 15139 14855 15141 10287 2626 10481
7139,8585 11042 12268 2611 2612 2610 11039 11004 11040 14144
7140,3055 3061 14840 3062 14993 14991 14992 14990 14989 14988
7141,2375 1320 2371 6362 1779 6361 1319 4060 1778 9192
7142,2996 11626 1001 4604 6807 4139 1011 2998 1321 7065
7143,9797 10428 9798 10429 9100 15133 13620 9796 13999 6286
7144,466 478 14896 1204 1213 3097 756 837 4191 870
7145,2652 11739 14534 73 4315 48 7651 11001 10498 4398
7146,14986 15246 4956 14997 14483 8780 645 12568 8027 258
7147,4350 3222 1646 10432 3132 1212 509 250 4241 4292
7148,2694 984 3707 550 3704 3708 1566 8531 8744 6066
7149,46 618 14163 740 287 363 6825 14979 188 3173
7150,12290 12291 9350 12417 12179 11426 6269 13160 2664 7868
7151,3055 3019 13016 8999 11126 7115 4426 1367 108 45
7152,14383 11403 693 14384 12081 692 6228 11366 3055 10715
7153,1255 1252 1254 1253 1256 44 1251 11366 3055 5437
7154,14163 101 8999 15233 58 4426 740 10715 7115 14547
7155,9056 4788 9260 5608 15205 8588 14210 14905 6836 12689
7156,3055 58 11126 1381 7844 13937 1409 11404 15072 15069
7157,3771 5023 13847 917 2320 9491 5036 12512 692 276
7158,3097 10592 3028 9219 4076 13263 6463 9884 9295 10472
7159,7290 3095 12360 3715 7087 7291 7900 7287 9428 7140
7160,4553 7448 5630 730 11151 7423 7450 6258 3163 9428
7161,14920 9209 5919 13913 13920 13808 6836 12428 7112 3333
7162,14163 740 14866 14547 14618 8999 101 14307 58 14867
7163,13026 14977 59 12525 14978 13405 14656 12526 14230 14228
7164,58 14163 11126 8999 14824 9013 1367 8050 4426 15285
7165,14163 9054 14555 3021 78 12513 8272 8123 14868 10159
7166,3560 7146 8301 11931 11324 6419 3785 3775 8311 13310
7167,15081 14840 3055 10715 11366 8999 611 4426 53 14555
7168,111 11061 8802 7119 3055 108 7116 15215 7127 2084
7169,611 8999 1696 10503 14547 4727 14163 101 7121 9054
7170,2739 10159 5479 1489 1880 3043 10158 611 13015 5415
7171,14543 15007 14566 9300 3841 11884 15204 13920 14475 6729
7172,1367 8999 3055 7128 11126 36 101 11954 9117 7121
7173,2588 7386 8669 928 2254 7337 3180 8692 5610 11302
7174,15011 15022 14519 15021 15247 2096 12877 6065 13957 62
7175,79 7129 14840 7130 3061 3062 2142 13891 14993 10715
7176,13783 3612 3611 11762 13317 13211 6309 3613 14093 6950
7177,12877 15011 14519 15247 14578 15022 3055 11126 320 7994
7178,2375 4060 2371 5846 1320 2380 6361 2379 1778 1779
7179,8999 7128 14163 1367 7121 14166 9054 101 3055 7124
7180,58 14163 11126 8999 14824 9013 1367 8050 4426 15285
7181,7697 6473 2777 5739 2448 1452 7696 6596 176 323
7182,611 4426 2739 478 9821 9818 9819 45 10893 9119
7183,8735 8734 3068 5929 14217 3064 3067 8739 10562 8733
7184,8999 6106 15248 14163 7121 14166 9054 7124 3055 91
7185,740 12084 866 5641 1351 14979 10715 14907 14163 14089
7186,3055 11126 8999 8369 53 1367 7116 8370 15062 15061
7187,13388 11126 3055 58 1367 14840 10715 10891 8999 547
7188,1001 1013 10193 7062 1320 9194 2996 4138 6364 6363
7189,9680 3552 3161 12063 3153 9033 11302 484 10702 9122
7190,3055 15247 7994 13626 11126 8999 53 1367 8369 7116
7191,3989 1738 11930 3990 9439 3991 10934 2459 15019 11904
7192,3222 4229 1602 10710 10641 3337 10509 2784 5061 6260
7193,1352 1753 7940 4962 11366 3055 10715 8999 611 692
7194,6657 14302 6658 6663 11366 2282 10647 14097 14301 10403
7195,15045 4426 3055 10715 11366 8999 611 53 14555 14163
7196,8999 15249 15068 58 13173 13174 15066 15190 14597 1367
7197,10484 14616 13132 242 13262 14329 8408 13365 14970 8057
7198,79 7129 13891 7130 2142 14840 10715 8999 7128 13890
7199,15051 5376 15168 8130 15059 8023 15119 13047 11140 11758
7200,5516 13355 14114 5515 8726 13670 8629 5514 13838 7252
7201,8581 14862 8588 8586 714 14654 8009 14891 9299 14430
7202,7844 11367 7843 7842 14447 14165 11366 7849 6584 7841
7203,9054 12015 7124 8999 14555 13587 14166 14824 9052 14163
7204,46 1883 12977 11205 14076 14041 6825 7909 9015 14454
7205,71 2575 7911 3055 2497 1621 10659 2532 8792 2129
7206,9610 10553 2160 1130 8999 13388 1287 7178 13797 2658
7207,11166 13427 12277 9354 6792 12992 9111 7735 5565 4643
7208,14592 14821 15252 14822 1605 11731 10834 10833 10115 9106
7209,4060 6361 6362 1779 1320 5845 1778 6363 2375 1319
7210,12290 12293 12292 12675 12289 13381 6792 12674 12291 15253
7211,12479 11769 561 7209 1179 10779 4273 12557 6772 1625
7212,10639 13784 8655 9552 3802 6311 12641 15240 6066 12771
7213,611 235 1619 1618 10893 15254 234 14914 15064 1333
7214,15255 2154 8413 13891 3055 10715 11366 8999 611 4426
7215,9054 14555 14486 14166 91 14824 7632 110 14930 11367
7216,3498 14295 11229 12513 1397 6434 611 698 1118 4470
7217,740 8572 14979 1351 14907 14163 1488 14980 58 106
7218,1011 3079 3075 7076 2616 2870 7221 12237 9835 7546
7219,12383 15132 9544 13023 13024 14142 11167 2905 6398 5358
7220,3149 7965 6468 13514 6261 46 1333 3458 2625 11939
7221,1204 14393 14955 3615 15108 4940 9618 873 12020 2210
7222,9781 10381 1988 15074 1589 611 2148 15075 11444 14341
7223,12024 11575 13764 12626 14976 14593 1754 12134 15018 7888
7224,9054 7124 14555 8999 13587 14166 13912 91 78 14824
7225,399 14793 12578 6477 1896 6617 1123 6181 6612 3997
7226,3160 11379 3174 11441 3975 12016 7005 11378 10178 1960
7227,855 7520 6443 4253 2255 7836 2775 8442 4257 1441
7228,8100 8099 14373 8102 12649 8759 14231 8092 5560 8094
7229,6364 2876 4416 1826 3843 7554 9192 1320 2371 6363
7230,10975 13051 13976 11945 7844 9573 13975 9577 4270 8903
7231,4117 4116 4118 12763 4581 15050 3040 11673 12946 15054
7232,2614 4516 3465 2742 1532 6353 7686 1534 2741 13352
7233,3465 4516 2614 2742 2820 6353 5430 1532 1339 1166
7234,2614 1532 4516 2742 3465 2820 2741 5998 6353 11112
7235,2614 1532 4516 2742 3465 2820 1534 5998 7686 405
7236,3465 5998 4516 2614 2742 2820 405 1532 2741 1166
7237,14014 14325 2741 13323 5194 13328 14799 13248 8907 405
7238,4515 13628 13323 2820 1532 2742 2741 1166 9784 405
7239,2614 1532 3465 2742 8904 2820 11112 7686 5998 1323
7240,4516 6352 2741 2614 3465 13561 1532 2742 2820 1534
7241,1532 2742 11112 4515 2614 2820 405 8904 2743 3465
7242,8828 14044 15096 3465 1532 12426 404 11121 8835 2824
7243,1532 2614 14138 2742 5818 3465 11112 2820 404 15257
7244,4515 4330 5194 1532 2820 2742 405 1535 9784 4516
7245,3213 2131 2548 611 2029 618 1618 235 10893 1621
7246,5991 2302 14753 11860 11861 8477 11859 12638 12639 5992
7247,14812 14811 406 15032 12825 12502 14408 10494 11123 1532
7248,12502 12826 15164 13422 14812 14811 405 11403 403 15202
7249,1880 2739 6868 6897 3043 7726 23 2549 2490 2820
7250,14122 13421 13932 405 1323 2820 12426 11755 2742 13700
7251,3465 1323 2614 2820 11121 2742 405 8727 1166 1532
7252,2820 3464 1166 2742 3465 2614 12426 405 1165 12742
7253,1166 1532 1165 1535 2742 2820 405 3465 404 2614
7254,2820 3465 1166 2742 2614 3464 405 404 12426 1532
7255,404 1166 2820 405 1167 3465 12426 1532 2742 13259
7256,1166 3464 2820 2742 405 3463 3465 2614 1535 404
7257,2820 1166 405 1535 2742 12426 1323 404 3464 1165
7258,2614 1532 1529 11112 2742 3465 2820 11121 5998 405
7259,2820 2614 12426 2742 3465 1166 405 1532 1323 5998
7260,2742 1532 3465 2614 2820 1166 11121 405 1165 404
7261,359 361 15258 15094 360 14333 15259 362 12098 15032
7262,3465 2614 2820 2742 1532 6417 1166 15257 405 404
7263,359 14333 15258 361 15094 15259 360 362 12098 11366
7264,359 15258 15094 361 15259 362 12098 14333 360 11366
7265,359 15094 12098 15259 362 15258 361 14333 3465 360
7266,3465 4516 2614 2742 2820 5430 1532 1166 13701 2741
7267,11904 2101 10142 13401 6861 1830 4005 10571 3911 5523
7268,7719 9143 15260 6766 14674 15046 6491 11291 7205 624
7269,9587 13902 7460 7732 3598 2516 9585 9781 9780 3471
7270,11407 11710 8605 11408 6483 2437 10764 6849 11708 2732
7271,8216 2662 7916 8214 4059 3716 8275 2480 13944 12268
7272,4594 6795 4641 9558 6797 11210 9559 5564 9350 4644
7273,8592 13257 1954 11362 14041 1950 7556 8825 12963 5324
7274,1883 8899 12617 9772 13063 14066 13462 14041 14797 13064
7275,1742 6819 8487 11425 12266 6818 8712 2801 7017 14034
7276,2086 8585 11039 11004 11042 2093 5564 6568 11003 875
7277,10873 10874 7759 11096 13063 14020 3274 14664 14658 4719
7278,6099 12992 4655 8393 13222 7903 2012 945 8215 8214
7279,1635 13721 11714 1996 2662 2663 11715 13811 8215 2087
7280,12290 12289 13381 12293 12292 10037 12675 147 14777 4896
7281,9409 9410 2112 14888 460 10587 2009 3483 9408 9421
7282,6099 6792 11166 5563 6794 9012 6101 4648 9354 4647
7283,5563 9560 6792 4644 4642 4594 5564 4656 11371 9558
7284,14787 13118 5785 1958 13099 3536 615 11209 5377 7
7285,8105 8090 13821 9077 5228 13914 13915 9076 6137 9576
7286,6622 6228 2979 5157 12566 10716 2654 6528 2982 6240
7287,12091 12253 10527 14071 8543 14076 8386 7909 4045 8096
7288,5368 8058 7825 5109 5371 5405 13371 5374 9032 7408
7289,13 13307 9759 12 8096 15 8095 14 11 4565
7290,12290 13381 12289 12292 12293 8270 12996 12675 4910 12291
7291,6789 7824 14043 6790 14809 14659 1955 5607 8300 10528
7292,5788 4450 9657 8122 6884 4170 10772 9226 4699 11384
7293,8629 13355 14785 8726 8628 5516 1634 8638 1996 5407
7294,8663 8903 12993 11366 8634 8664 12274 12182 11367 6719
7295,12290 12289 13381 12291 12292 12293 12675 12674 12673 12288
7296,12292 13381 8899 12618 9772 2793 9669 12978 12290 12293
7297,11942 14771 8386 8698 10012 9074 13002 1882 14045 9770
7298,13907 14769 7916 1958 10242 4654 5578 4738 5258 13019
7299,12290 12293 12292 12675 12291 12289 12673 13381 12674 15253
7300,8899 1911 14041 2665 8592 3011 8103 3010 1890 12268
7301,7916 2833 14399 3113 903 6094 5349 10322 4803 2850
7302,13642 13643 12439 14752 7940 13741 12522 14352 13726 4068
7303,4964 4753 6544 4962 5896 4073 1855 5895 6494 5897
7304,6537 11219 6171 7264 11218 12748 3665 6173 6181 11217
7305,15261 11785 13938 4628 13290 14968 9691 3246 5973 13533
7306,12333 12577 906 9961 13673 4449 904 8258 13647 900
7307,5601 1265 10756 9998 12959 9996 4585 12555 13408 14175
7308,5929 8735 14217 15129 8734 10562 8736 13166 3067 8739
7309,3094 9439 5778 3028 13572 6036 2826 2869 10098 9518
7310,14008 15262 12162 13694 5352 11366 3055 10715 8999 611
7311,3237 4900 4901 3236 4887 4884 4904 7331 4913 9499
7312,4964 4073 5896 5895 9228 4710 4753 4962 9226 5897
7313,14122 14359 14029 13320 1532 405 1323 2742 12426 2820
7314,5157 11227 6782 4948 7574 11912 6623 908 7940 11177
7315,6990 10563 11108 11111 12070 4791 1532 4329 9784 11899
7316,7124 11045 7631 5233 9204 9207 5595 13912 8999 9054
7317,7215 9308 6356 5845 2869 2998 11347 10088 1136 4596
7318,3980 5898 7408 13113 8529 6104 5112 2859 4292 13180
7319,13130 1507 5685 10809 9441 4696 9601 13236 5444 8680
7320,7628 904 12354 7625 8148 7629 6622 13835 9950 6168
7321,3486 13282 9406 9422 9412 14545 7014 7015 13557 9421
7322,11729 9997 13733 12026 1590 8978 13643 6389 13142 2946
7323,14217 15129 14471 5929 8735 10562 14714 13430 14483 3067
7324,13968 13566 10009 8122 10008 14006 8127 14153 14181 13207
7325,2206 5305 2493 3067 68 6908 11223 9930 2546 6890
7326,2614 1532 11112 2742 3465 2820 5998 405 2741 1529
7327,1317 2881 10199 8541 1318 7784 4401 13982 14678 1011
7328,2614 1532 3465 2742 2820 4514 11112 1529 405 5998
7329,1011 12332 8541 1709 1711 7057 1721 5689 4134 4138
7330,8144 9806 13726 5707 5964 12215 12588 6781 12351 10122
7331,8477 5689 14464 2887 8541 4605 1721 6360 14226 7554
7332,7662 13023 13551 5288 14411 6744 354 15141 13642 1784
7333,1709 8848 3075 11569 1711 8847 3079 8850 13713 7554
7334,1532 2614 360 2742 13855 8869 11112 2820 13351 3465
7335,8808 4514 1534 13351 1532 2814 2614 1529 3465 2741
7336,2888 1013 14347 7071 1011 6364 1001 12734 1354 13984
7337,12309 5201 5798 5200 13122 811 5202 5199 5198 9089
7338,8335 5383 6162 1864 5385 12576 6623 11366 2439 9810
7339,4037 2880 3443 13981 10071 8645 4035 1317 10073 12332
7340,13878 14678 5673 14236 2887 11120 2380 7064 2379 1318
7341,9784 14359 1532 12744 3465 2820 404 11112 4515 11111
7342,2779 10639 4315 72 6311 9553 15240 3802 9552 13784
7343,13647 903 12659 13673 9961 12333 904 2833 12658 12661
7344,11651 14765 4289 940 5411 1102 11653 8599 1306 3006
7345,11537 4611 12607 1011 9547 3085 1318 4617 4616 4612
7346,1947 9127 14394 9659 9128 7259 8885 9126 8035 8041
7347,3486 13282 14545 9406 9412 9422 7014 7015 4399 9421
7348,3465 9784 4514 2820 1532 2614 8906 6990 2742 10041
7349,11120 14464 13483 5673 8477 2887 12551 14226 12756 4061
7350,4605 4133 8164 6553 1357 1721 9851 4413 4135 9751
7351,1011 7784 11768 3083 7057 9851 4687 4134 4138 1721
7352,8477 2377 14571 14464 2887 7015 5689 2875 12551 4605
7353,1527 11267 7241 10657 529 10963 14740 1532 15034 13315
7354,1532 11899 4514 6990 12070 2614 14803 14408 2820 3465
7355,11111 6990 12070 4791 9784 14803 4514 1532 11822 11108
7356,7215 5845 3079 3443 2616 7076 7222 14347 13483 10626
7357,7014 7015 14571 9307 9412 7013 3486 7554 9406 11273
7358,3259 14754 4296 3861 275 14644 3261 3263 14723 13121
7359,2981 4580 3789 11794 13853 8383 7567 9515 9513 9516
7360,2928 7627 13906 1985 13630 8514 10973 7623 10093 8259
7361,4034 14038 14445 11776 7013 12866 13557 14409 12760 9308
7362,9828 2852 6611 2866 2843 6607 6616 6612 6609 6619
7363,8581 8009 8588 14862 14891 14430 14928 10897 9299 7966
7364,4426 13016 15263 14163 8999 3055 7124 15045 9055 3019
7365,2156 14502 12254 78 14166 611 13057 184 6479 12164
7366,873 3289 10101 2476 14863 2475 10665 2540 11111 10025
7367,2614 1532 3465 2742 4516 2820 1166 5998 405 1323
7368,12134 14887 12574 12850 14538 14976 14688 13899 257 11575
7369,8487 8825 13740 12314 14782 1743 13301 13 8215 6824
7370,2614 1529 11112 2742 1532 3465 2820 5998 2741 405
7371,5325 2318 11873 12853 9200 12190 5121 10972 8258 3528
7372,3055 1452 7697 45 4988 12921 8999 2448 7696 11126
7373,11477 3736 12320 9817 3737 6216 323 9265 13936 6593
7374,12748 6537 2650 11218 11219 3665 12536 14153 10353 10701
7375,2331 3731 4341 592 9975 1066 5590 635 2354 5588
7376,13202 13717 14879 13233 13423 12426 2742 2820 2741 2614
7377,1686 3153 2249 10176 6378 2247 2781 2460 3161 3162
7378,3943 8621 2490 11949 3662 415 5722 15227 10293 8067
7379,133 4182 8390 5053 167 2457 14001 9197 11734 1836
7380,8999 7545 14163 7121 14166 9054 7124 3055 91 1367
7381,9487 9099 13436 9097 3865 9931 97 11008 10283 2570
7382,3403 5365 15264 3400 5745 5748 49 3043 13753 5750
7383,8272 7632 12876 8282 14555 101 12065 7631 9054 91
7384,618 3471 8473 10914 14557 612 611 287 14552 363
7385,2133 11231 4840 8562 3754 2580 3755 11284 1511 323
7386,14538 12850 14264 14973 13623 14547 7229 14938 611 101
7387,1619 8748 14939 234 235 1618 1617 1622 611 1620
7388,11042 8585 4576 11004 14144 11039 11040 2086 2611 12268
7389,14545 11725 15145 2853 9406 11619 13282 2850 2916 11366
7390,8454 14181 12536 6298 6537 10351 14342 2650 14268 11630
7391,10381 14341 2148 14952 11424 10380 2319 1589 11235 5961
7392,742 7727 1334 837 11482 5281 5191 1919 12106 12222
7393,13282 3486 8999 14545 4399 9422 9406 9412 7015 7014
7394,9909 9929 10551 69 2027 9901 7372 10712 9927 9918
7395,478 5542 3036 476 149 466 794 464 1686 430
7396,116 11479 112 12139 12140 11719 13190 6206 6207 771
7397,3871 7561 3236 3870 4909 9992 3869 4989 7716 3301
7398,12507 5606 9783 12508 13047 12503 11046 9787 9785 12506
7399,478 775 464 4257 1441 855 2775 10962 8945 4177
7400,5689 8541 8477 11799 14464 4605 1721 2887 1861 4693
7401,344 11289 15265 2591 13656 13657 7581 7747 318 12640
7402,14163 13388 14543 14585 5216 8999 14566 11126 9300 58
7403,7385 7386 6817 4712 7389 2810 7391 7388 7384 2217
7404,2614 1532 2742 11899 2820 3465 399 6477 5998 11112
7405,3055 234 235 1619 1617 1618 1622 1621 1620 12005
7406,2552 2505 1497 2536 2528 2551 2542 1880 2503 2546
7407,3055 1287 15029 15205 5517 11838 8999 11126 14578 8369
7408,14093 2852 2866 7530 1669 9996 2855 9824 14090 2845
7409,1532 11112 2614 2742 2820 9784 3465 13855 405 2741
7410,9054 7124 8999 14555 13587 14166 14824 14163 15076 14551
7411,2876 5450 3844 8191 1826 3843 4416 3842 7554 1001
7412,1893 3088 11709 2865 2906 6613 10869 1895 3087 3089
7413,1573 34 13434 3404 33 7377 3214 715 37 2313
7414,775 821 2324 843 7300 794 873 466 2460 478
7415,12702 12701 12704 6748 15267 12705 12699 12700 12703 12698
7416,2869 4135 9751 4607 7553 4693 1827 7057 2875 4687
7417,6668 6659 14097 10394 14098 109 14096 11366 3055 10715
7418,2614 1532 2742 3465 2820 8808 11112 5998 1323 405
7419,13337 7703 15268 13390 12797 3587 11366 3055 10715 1145
7420,8477 2887 14464 5689 11120 12756 14226 4133 5673 6360
7421,6614 12651 7881 2391 6227 14730 14731 2638 9055 12164
7422,8243 7926 8940 10078 823 9187 14344 4944 786 6686
7423,15204 7313 15007 11366 3055 10715 8999 611 692 4426
7424,1918 7726 2493 9920 2511 13412 8048 12514 10018 15084
7425,8176 14344 2134 779 9783 8950 499 949 15159 3873
7426,49 12666 3599 9773 5748 3403 3595 11919 3043 3596
7427,11077 11078 11487 10449 1267 11488 11489 11492 11491 9696
7428,152 11562 8600 151 11561 11556 5754 158 156 155
7429,7469 9623 13068 1549 13107 12547 3489 1862 1480 13655
7430,7002 5246 7171 13137 7169 6477 14911 14143 7161 7167
7431,794 6411 1219 3596 3964 11759 476 323 873 879
7432,12518 14178 8264 13254 12926 5923 6479 3665 11219 12521
7433,8239 13847 72 7350 7352 7545 7547 7349 9661 5023
7434,715 6522 6523 11478 7146 3560 13310 938 12434 12436
7435,13125 12422 14981 12509 363 15242 7675 11583 2989 2695
7436,6522 12436 12434 12435 6523 15269 8846 14870 611 7130
7437,323 237 13756 873 466 1206 879 794 2133 13272
7438,9262 8466 4 11459 794 6596 12178 6374 8464 11817
7439,13129 9165 5779 13415 3328 1880 618 11445 40 388
7440,7290 3715 2508 2116 10618 10531 4780 2113 3153 3095
7441,1323 8808 11111 4791 1534 10041 11822 12501 408 10733
7442,2869 1724 15027 14736 2372 7215 12332 1826 7427 1318
7443,1295 4341 3298 1369 164 5835 8484 2471 1371 3237
7444,1001 5845 6804 10997 10630 11000 10993 10999 13209 4743
7445,12420 9159 5298 5301 87 9349 5302 5097 5096 5543
7446,478 549 3288 1090 11855 2526 2570 476 466 149
7447,7264 13177 13770 13879 10490 14752 6171 11219 10560 12577
7448,6990 4791 9788 11111 12070 9784 4514 11897 11822 14803
7449,7818 2871 2873 9644 2875 2872 2874 9645 3845 7554
7450,6622 4962 6544 4753 13892 4964 1855 2108 2979 6494
7451,715 2706 2581 10625 10633 2675 10632 12541 6671 3242
7452,1880 3403 8480 7726 9773 12130 10965 10612 12764 12446
7453,2477 8248 6674 6197 2471 4427 10648 5996 1295 3280
7454,10369 11174 10227 3016 4943 8671 3014 14707 611 11317
7455,637 8701 11361 688 8700 4661 6799 4659 8702 4658
7456,101 13587 14578 15013 14407 15270 53 7124 3055 14826
7457,15079 14555 13587 14296 7124 9054 14612 8999 14559 14867
7458,3237 4635 4906 1371 5828 5834 2539 10274 7566 8180
7459,4313 4486 8113 2405 5945 4121 7387 10295 6603 11140
7460,15060 13414 15028 15063 14826 14578 8999 101 14570 15134
7461,6679 13528 14776 5824 14622 6672 1542 13816 13944 5557
7462,3055 13587 53 14578 14826 14320 7176 7124 8999 13414
7463,1480 14997 5682 8873 14718 5727 8780 1549 323 7469
7464,4424 2760 11147 13017 2951 13513 5929 53 14163 100
7465,15271 11366 3055 10715 8999 611 4426 53 2820 14555
7466,149 11140 12573 12765 873 169 466 794 478 476
7467,5427 5425 4482 5424 874 7133 5423 1484 1611 3529
7468,794 478 287 12841 1545 8845 2700 2018 1551 6419
7469,8144 1762 12588 9806 6781 12587 10052 13696 5707 12351
7470,8525 1133 8486 10866 13050 5554 15169 3897 12559 9287
7471,6809 3442 7404 1317 7554 6811 4132 4687 2875 10072
7472,10715 52 1351 14702 8999 14307 14100 8474 14163 3055
7473,10497 1548 12922 5217 5215 12921 5825 4912 3377 3319
7474,6969 7798 14337 8803 399 6477 13006 13319 2614 13418
7475,13194 1839 12322 13193 12231 10278 10747 8263 10753 10857
7476,14685 12575 10821 8335 14259 941 9267 13928 13559 7322
7477,1880 23 1291 2509 10654 8817 14144 2549 12106 7726
7478,9054 7124 8999 14555 13587 14166 14824 14163 15076 14551
7479,469 3468 11975 4291 5558 1758 10623 9044 10267 3043
7480,4295 9518 7089 8194 918 9519 3153 324 10618 2210
7481,611 2067 6032 6135 11172 3560 8339 11017 4495 8665
7482,1766 1285 5275 471 2340 8693 3502 3641 1295 8053
7483,740 4871 9511 10124 1351 14979 14163 14907 10715 14089
7484,529 7236 11410 10731 12329 538 6940 4836 536 5570
7485,8351 7398 1572 5621 14419 9284 9221 10960 3924 3308
7486,4635 5215 12018 12813 5306 9719 5217 3319 122 2539
7487,2739 6800 611 1880 13015 5415 2742 4437 6897 2820
7488,15255 2154 8413 13891 3055 10715 11366 8999 611 4426
7489,1919 4370 9069 2556 1640 1918 10016 1960 611 55
7490,1846 4300 6238 15161 6171 6183 1864 1700 1845 10190
7491,1846 11227 10190 13391 6171 1857 6623 10188 11912 6183
7492,4468 9014 3952 467 6641 7420 3951 776 11973 3699
7493,2625 2192 10144 9909 4865 8503 46 5568 2198 2553
7494,15272 11366 3055 10715 8999 611 692 4426 53 2820
7495,13346 13347 11051 13005 2820 405 1166 12426 13345 2614
7496,14320 9052 10078 14869 10215 8999 14166 12015 14306 3055
7497,75 8999 3063 13388 8587 3055 14199 11399 8411 4703
7498,53 14578 8376 14824 13414 14510 14607 14826 13587 3055
7499,10409 10408 3998 4721 2715 11010 11012 5060 9095 11009
7500,7913 5322 6580 12848 5323 3811 15092 1391 12829 3983
7501,1160 379 10780 13973 1161 3288 14617 3228 3369 11377
7502,3980 8106 5366 7408 626 5898 383 5363 5378 5374
7503,760 3937 7361 3916 323 163 2750 6445 4206 4221
7504,7153 13013 14870 1485 12436 14597 363 11316 12434 5748
7505,3055 11126 8999 8369 53 1367 7116 8370 15062 15061
7506,6836 9260 11027 12886 8190 360 625 287 13588 14278
7507,10715 740 14307 1351 52 8474 11045 15274 15273 113
7508,11366 13885 14486 12850 692 5267 5266 14481 14491 14479
7509,11366 5267 14486 14491 13885 14479 12850 5266 692 14481
7510,11366 13885 12850 692 14486 5267 5266 3066 7849 14481
7511,11366 692 13885 12850 14486 5267 5266 14136 11405 8250
7512,11366 13885 12850 692 14486 5267 5266 14481 14131 14404
7513,11366 13885 12850 692 14486 5267 5266 14481 14131 14404
7514,11366 13885 12850 692 14486 14404 5267 5266 14481 14131
7515,11366 13885 12850 692 14486 5267 5266 14481 14131 14404
7516,11366 13885 12850 692 14486 14404 5267 5266 14481 14131
7517,11366 13885 12850 692 14486 14404 5267 5266 14481 14131
7518,11366 13885 12850 692 14486 5267 5266 4027 14481 14131
7519,11366 13885 12850 692 14486 5267 5266 14481 14131 14404
7520,11366 13885 5267 12850 692 14486 5266 14479 14131 14491
7521,11366 692 13885 14486 12850 5267 5266 14491 14481 14136
7522,11366 13885 12850 692 14486 5267 5266 14481 14131 14404
7523,11366 13885 12850 692 14486 5267 5266 14481 14131 14404
7524,11366 13885 5266 12850 692 14486 5267 14481 14479 14131
7525,11366 13885 12850 692 14486 5267 5266 14481 14131 14404
7526,11366 692 13885 12850 14486 5267 5266 14136 11405 8250
7527,11366 13885 12850 692 14486 5267 5266 14481 14131 14404
7528,11366 13885 12850 692 14486 5267 5266 14481 14131 14404
7529,11366 13885 5267 12850 692 14486 5266 14479 14131 14491
7530,11366 13885 12850 692 14486 5267 5266 14481 14131 14404
7531,3055 8369 15061 15062 8370 3054 3056 3059 3058 3053
7532,7124 13912 9054 8999 13587 14555 4426 3055 53 14559
7533,3308 14675 8139 14419 7126 9802 105 15012 9928 9819
7534,14578 15029 14825 53 13587 3055 12877 15013 14826 14824
7535,15029 14668 14163 771 14578 14825 3055 1287 11838 5517
7536,13513 14577 14576 15277 10741 8780 14579 3990 10330 13017
7537,14163 14668 8999 58 4426 15029 14866 14307 10715 9054
7538,11126 14984 3055 13388 58 1367 12877 3152 714 15285
7539,7002 15123 15121 15124 15122 14911 14143 692 15059 6622
7540,1332 7580 7578 7577 7579 3093 5488 6306 794 6220
7541,14163 14391 8999 58 4426 14866 14307 10715 9054 14865
7542,9054 15076 7124 8999 14555 13587 14166 14824 14163 14296
7543,739 14555 15147 14306 9054 14852 3790 3021 7491 11255
7544,14555 12427 9054 7124 13587 14163 14166 91 739 14081
7545,8999 14163 7121 14166 9054 7124 91 3055 1367 101
7546,14166 9052 8999 9054 91 14929 14930 14427 3021 14555
7547,6836 9260 14865 9227 59 13884 13913 14163 9209 91
7548,1621 1622 2739 1617 1620 234 1618 235 8048 1619
7549,14166 1374 3906 8999 91 9054 14555 9052 7346 9359
7550,46 12545 9200 6825 2538 2026 578 10564 8999 618
7551,7632 8391 8690 8282 12876 4024 3160 3735 2199 4519
7552,12878 15279 15278 12879 8884 7524 5179 6089 11366 12274
7553,692 11366 14136 12386 11405 8250 693 13838 14208 11384
7554,8123 8459 8121 8127 1697 8122 15188 8125 8132 5259
7555,14157 7581 14159 14158 1131 14160 11746 11384 5513 2591
7556,692 11366 14136 11405 8250 693 13838 14208 11384 13885
7557,10715 1367 13388 11126 10891 547 12931 3055 8999 58
7558,3055 798 11126 8999 8369 53 1367 7116 8370 15062
7559,15067 15066 101 14240 15249 15068 9134 10053 14639 8999
7560,12850 13885 11366 5267 14538 5266 692 12134 14486 14222
7561,10715 52 1351 14702 8999 14307 14100 8474 14163 3055
7562,14143 7141 857 14911 7002 10011 14667 12837 4591 9826
7563,14209 11120 5673 14596 14458 14213 12551 14595 13680 13483
7564,14862 14654 692 8581 8586 5945 14334 14426 11308 14742
7565,692 11366 14654 14136 11405 8250 693 13838 14208 11384
7566,11836 3800 12512 8580 4570 917 2016 15019 6966 1949
7567,4132 4687 4688 4138 7057 11347 4135 2875 7065 5447
7568,3321 1033 2253 12976 3283 10860 3307 1056 2737 1978
7569,10514 10513 10515 10511 10512 2346 10644 5503 2810 5969
7570,13382 14370 12184 4566 12645 5330 9034 14369 14468 9812
7571,3916 139 11938 760 11939 11936 611 11937 2764 2762
7572,9204 1834 10711 9207 5398 9315 2994 2102 1811 7671
7573,1686 2717 8619 2688 873 3218 2457 3223 466 12865
7574,3494 4454 14355 13632 9182 7247 5288 11090 12361 6511
7575,7913 12848 3983 5322 6580 3811 2927 5468 1301 383
7576,2375 7215 4599 9853 2371 11347 5845 2379 1320 2372
7577,1686 715 1869 3223 7270 11957 8837 11623 7820 3504
7578,12054 7732 2549 2026 9928 5642 9005 12514 4426 3735
7579,4780 3730 13053 9107 3374 6564 8280 593 11217 11150
7580,2527 2546 5149 6890 2496 2556 5305 7732 2529 10013
7581,163 2521 12189 4999 11240 466 128 1646 760 463
7582,1001 3415 7062 2374 11325 3674 6742 2371 2370 1320
7583,12624 12625 9110 4652 13021 4649 9559 11858 4641 11210
7584,46 3160 7372 64 9923 2538 3461 4235 9159 7762
7585,6135 14954 9553 9269 3584 14955 10566 9267 8823 15240
7586,2185 2535 9891 12295 6134 9890 2128 12294 2527 2543
7587,10552 6205 6204 6834 5400 6248 12974 9425 4832 5760
7588,12172 5628 5626 5627 10918 2833 13613 13160 8646 14809
7589,9441 9601 1507 3314 13130 6711 12278 9598 2059 12176
7590,3811 1995 9246 2309 686 466 769 323 764 10347
7591,4718 14377 4713 8274 1541 4714 4715 4719 4717 10057
7592,14159 1131 7324 3395 5513 7581 14157 14160 14158 7325
7593,12877 14578 15028 53 15013 7124 13414 101 13587 3055
7594,739 6676 7491 11255 14555 3790 14852 15147 14306 9054
7595,2979 8057 13366 10813 6622 6780 9809 1665 15101 5716
7596,476 3222 2448 2764 167 2761 9309 6030 1389 5419
7597,796 5545 14391 8948 7972 7503 5202 775 1732 14163
7598,1447 3033 8797 4761 12305 6097 3713 5048 9743 1649
7599,2441 12944 15042 15043 977 1540 9880 12761 12943 7655
7600,11970 5209 2495 3359 2488 2480 5394 5388 5393 4878
7601,2609 15280 2608 2607 11366 3055 10715 8999 5612 611
7602,5346 4282 7695 3157 6333 7694 5347 5348 10499 5349
7603,4132 4687 4688 4138 3083 1317 1153 7427 7057 4135
7604,1018 2563 1090 12110 3582 3459 9910 10547 10342 9121
7605,4020 7247 6437 7681 6765 4015 7680 753 7670 7677
7606,8872 10019 5219 1446 3253 7439 1698 7512 619 11834
7607,966 9880 967 4589 2442 9879 12761 12760 4590 12946
7608,10222 10223 1130 10978 5304 14368 9610 10182 14372 9217
7609,2574 87 9815 181 84 2506 13042 9913 1919 2026
7610,2063 4902 1083 8515 1042 3848 12280 1079 1060 1035
7611,7571 13950 10257 231 13692 8116 12048 15162 15161 568
7612,3222 4127 14120 4788 8708 15116 15245 15117 15140 10287
7613,1859 14458 10095 13737 14209 1860 12551 1858 11625 11806
7614,14141 1044 15281 11391 14716 10263 3503 4591 14140 1073
7615,1721 1723 1155 4407 1776 1136 8152 1153 4402 11638
7616,625 6596 176 8704 5016 784 8995 2508 5507 7697
7617,693 11403 11405 14383 692 14512 6725 14208 14136 11402
7618,6032 457 2586 466 2457 7918 6381 795 6198 1447
7619,4658 6799 4659 4661 2615 4647 4645 8701 14402 4648
7620,10715 14702 1351 14100 14307 52 740 8999 8474 3055
7621,1709 2880 8150 4037 8848 1711 3038 5449 1011 8542
7622,8999 9610 1287 14163 7121 14166 3055 9054 7124 101
7623,1371 3234 12139 12140 4906 7559 11719 116 3235 4901
7624,2516 10890 1496 13412 13724 6915 7461 9898 10549 2491
7625,405 1323 2820 2742 2614 1166 1535 12426 3465 404
7626,12043 10389 8857 9884 1963 7622 6688 10532 3253 3026
7627,2014 12376 10246 9084 12757 9851 1357 1011 7817 9749
7628,2742 2815 2743 2820 2614 1166 3465 1165 6353 2741
7629,6483 11407 8605 11408 11710 2437 10764 7539 688 3012
7630,3398 593 3826 275 7483 7286 8558 334 1161 4344
7631,4437 8748 3149 9316 8673 9086 131 715 2739 1333
7632,7402 7272 9689 7401 3987 11647 8142 12981 13679 15240
7633,476 4664 4777 12462 9566 1999 6102 4765 293 10642
7634,1302 2520 9321 6114 2962 13752 10790 10657 64 4866
7635,2139 437 5386 3328 466 5392 2767 6200 3359 1656
7636,12618 9575 13067 14779 10978 4715 4584 13064 10872 8899
7637,1650 15282 1647 1642 1645 889 43 1643 468 1644
7638,871 1646 806 5853 8403 504 879 2764 1901 796
7639,3055 11126 8999 8369 53 1367 7116 8370 15062 15061
7640,7238 7243 2550 2535 7244 2029 1217 819 1329 611
7641,4726 6434 2472 2029 611 10564 618 10078 42 6522
7642,163 7149 6648 4007 2158 3812 3338 6375 3905 12449
7643,625 3100 7417 3307 3518 1477 3292 6373 4299 3207
7644,12977 13304 13529 1883 14076 11205 3716 10860 9101 11366
7645,5828 3494 6863 14259 9946 4987 9182 3381 991 2488
7646,7319 4881 7307 7311 7323 2158 895 7181 7309 7313
7647,4902 6306 11298 10066 6369 12127 5817 1083 1332 6316
7648,585 1885 4762 11949 14158 8323 14157 13532 1686 6638
7649,585 6638 1406 2653 3190 1170 4241 2024 1686 1095
7650,1160 10430 11377 1161 1055 7769 650 3288 3369 10780
7651,5134 8317 6408 479 4093 3249 2798 4 462 775
7652,3486 12627 9421 13282 9412 9406 9422 7015 7014 9408
7653,8376 7208 2204 13593 12885 4428 9590 12421 10595 3816
7654,1201 6516 3254 8914 4219 796 5090 1202 2709 7197
7655,8667 4307 6453 728 8644 1865 5455 13909 3485 7360
7656,9470 6053 887 10240 826 7956 9473 8762 12246 864
7657,11059 2154 11058 3019 7115 3055 10715 11366 8999 611
7658,6245 12895 7069 12908 11057 1011 3077 11056 12731 11055
7659,6228 13538 4375 9214 14890 12653 15086 5917 6070 6531
7660,5577 170 7001 149 143 2448 794 216 769 141
7661,6380 3629 4324 11155 9905 3343 2764 3361 12713 3372
7662,11347 2372 2369 2375 2379 1357 1354 2371 2869 4687
7663,3362 6954 3705 8188 5422 6651 3699 3707 2767 3704
7664,794 4220 1213 9587 7460 3226 476 323 464 466
7665,161 166 12813 8368 9802 8499 5362 10341 10546 10547
7666,14688 6581 8250 10384 14887 14689 14575 14964 6582 14572
7667,3019 7115 9223 6259 3055 108 10651 11059 11405 630
7668,6318 6043 10288 4235 8704 6270 12023 3712 3468 7838
7669,7499 11298 12560 3824 5452 6369 10066 1083 11412 10024
7670,2869 1354 7215 1826 4134 1357 9194 4060 10199 2881
7671,2763 1095 1519 873 169 466 4765 149 2457 3994
7672,2996 9636 9642 4316 1001 4604 6807 2998 4139 7065
7673,2675 73 5436 3821 46 2704 2500 14534 7220 14364
7674,1475 5345 2820 8892 11524 4516 11880 405 2741 1535
7675,8869 13855 13320 14183 15097 4711 1532 13321 13319 14662
7676,2663 13462 4662 4056 1635 4909 2662 4663 4660 14041
7677,328 9390 1763 3637 6879 1685 1660 322 9048 5076
7678,4138 11347 1719 1280 2377 12077 1081 10275 43 11816
7679,3055 11045 394 13077 4878 558 11126 8999 14667 7276
7680,15243 7138 4639 2721 992 4469 4637 3509 7927 5088
7681,8999 75 14163 7121 14166 9054 3055 7124 91 10715
7682,1915 9662 11578 9665 1914 8165 7064 2622 1913 1001
7683,11313 76 8474 2203 52 14100 3019 10651 7121 11314
7684,3699 6596 4468 6026 6038 5547 10310 10742 3206 6426
7685,15283 11366 3055 10715 8999 611 4426 53 2820 323
7686,5299 5305 4969 9135 7730 5020 9930 8747 6890 5149
7687,2156 11739 2563 2509 7461 1090 8500 2205 70 8307
7688,1840 12131 11567 9226 6544 13639 7949 13386 6494 13387
7689,3316 11812 5212 8954 5822 3329 5209 4898 2540 5220
7690,1880 6897 7726 2549 10965 2509 1918 7732 12130 3403
7691,3052 3051 3053 3056 3054 3059 3058 3057 15001 15062
7692,163 5075 3211 1457 2781 12246 842 10364 839 489
7693,1136 1145 1146 1721 1722 4596 7215 9537 10751 1150
7694,7324 10651 7325 8999 8802 100 15215 3055 11184 15211
7695,10715 3383 5812 3368 52 5822 186 3148 3350 1351
7696,3953 14894 15073 3954 8093 8102 11296 7953 5261 6766
7697,10413 9048 12865 14112 9800 1755 7698 1225 7382 10412
7698,1826 6364 1777 6705 1008 4134 9191 9192 9194 4416
7699,1532 2822 2614 2742 2820 405 13201 11112 3465 12426
7700,1548 5494 434 1818 6347 5866 2704 697 2238 11738
7701,5415 1806 1483 14419 13012 1485 13013 13015 3308 11316
7702,9030 15185 12819 5990 10985 15159 2111 11813 1870 4864
7703,5835 121 7315 3835 119 5388 2480 8273 164 5393
7704,796 7835 5057 775 5545 778 7972 6919 795 760
7705,2614 5998 2742 2820 3465 1532 11899 2741 1529 405
7706,101 2774 14898 8999 1367 2779 7128 15226 7159 13952
7707,4828 1583 6962 593 2704 4295 6959 1570 4827 2751
7708,2026 2574 6896 2576 2571 130 11874 2549 2532 56
7709,9495 13904 2645 1302 1040 420 2647 2644 2648 3804
7710,1367 11954 8999 3055 7128 11126 36 1960 101 9117
7711,3465 1529 2614 2820 2742 5998 1532 1166 405 12426
7712,2185 10140 1383 56 611 2528 2519 1919 2234 5187
7713,7121 8999 3055 1367 10651 11185 3022 15069 7974 823
7714,1529 2614 3779 9366 12426 5998 2820 2742 3465 4514
7715,3151 3027 8648 3038 6478 3029 8649 6949 3031 4166
7716,10715 52 1351 14702 8999 14307 14100 8474 14163 3055
7717,3289 1870 11016 11813 2540 3359 5392 2476 3349 3301
7718,2742 3465 2815 2614 2820 1166 5998 405 1165 1532
7719,3313 8451 3985 843 1454 2460 775 466 662 3811
7720,2614 2742 1529 2820 4515 3465 5998 1532 405 2741
7721,778 3372 6682 894 820 7840 6767 3256 822 5153
7722,5054 12232 7681 768 3205 6437 3208 1411 7361 848
7723,4035 10071 13380 10073 4037 8645 4039 1011 10072 2880
7724,3348 4905 3328 4885 4636 5392 1082 4901 4900 3359
7725,9577 4270 1448 5575 12246 1652 6265 7149 5756 13051
7726,15054 3617 3912 3616 15053 12946 12763 11366 15052 966
7727,6432 11808 11028 4598 11805 2372 9851 1011 1778 10626
7728,14126 13224 13835 8382 12793 9950 7795 9951 6168 3669
7729,15284 11366 3055 15012 10715 8999 611 692 4426 53
7730,9207 15084 9204 5595 7313 12966 15006 6881 11462 14272
7731,2139 612 8500 618 611 2124 2767 188 1880 287
7732,771 9223 14849 3019 15029 3055 8795 7115 6259 28
7733,13825 4797 475 9216 14878 2962 2707 11860 12669 7776
7734,11535 11366 2742 405 12426 13885 3055 12850 11112 4516
7735,12647 10086 12068 12646 7825 5324 12310 12181 12648 12645
7736,8999 7121 823 15069 3055 14163 14166 1367 7124 91
7737,91 8999 14166 14555 14865 7124 12711 2083 7118 1367
7738,228 5613 3970 5618 5615 5617 5616 3961 1297 3811
7739,7389 6572 8071 10790 8069 1905 6571 2528 9686 2549
7740,626 4966 15100 5709 10337 5113 14699 3886 692 14208
7741,11366 13885 12850 692 14486 5267 7115 5266 14481 14131
7742,3019 45 108 3055 7115 8999 2125 10651 11405 1367
7743,2139 3575 1072 2767 1207 612 128 2307 1993 143
7744,1354 3074 3666 2380 11778 1355 3687 1357 3667 3688
7745,13577 13268 12552 9017 10620 2393 9018 3793 12555 6613
7746,15030 5948 12506 1736 9878 15048 2336 10758 14151 2416
7747,3945 227 7552 476 1660 462 2457 13677 13676 2935
7748,625 12178 6596 9296 7697 2311 14585 167 13517 6374
7749,11720 12108 8669 10573 5621 12773 2588 5022 7386 1660
7750,5281 742 2509 2026 7727 11739 10140 56 10013 2516
7751,3008 3007 961 3664 966 967 9880 12762 12760 12763
7752,11045 13724 13412 2538 9901 8801 10889 1033 11646 9913
7753,2536 9585 9586 549 2533 9043 9709 2551 5574 2505
7754,6898 5314 10019 10539 97 1383 2574 2202 9913 55
7755,740 14979 1351 14907 14163 101 14296 10715 9106 106
7756,1721 1145 1136 1146 14345 1011 8152 4407 4596 1723
7757,3811 834 4782 824 1457 7513 6031 769 2309 879
7758,2739 4437 380 12014 3811 3043 870 611 476 1880
7759,163 796 1690 7512 860 466 794 760 1646 128
7760,3223 6682 3935 2255 466 7840 7816 251 7836 9274
7761,8999 10715 7124 4426 13912 1351 14163 9054 3055 14166
7762,5412 4863 12822 2560 3044 3043 149 4384 3403 4729
7763,15166 15110 11197 13160 14164 14658 6280 15165 10083 14371
7764,9182 3494 2488 2483 3822 7138 2131 4637 2485 2480
7765,4712 7386 7090 7385 3121 7389 6814 2810 13664 7384
7766,11732 10666 3961 13714 4723 3446 337 13694 11731 13695
7767,1540 15043 15042 1536 12944 4088 1537 12559 14608 8263
7768,5281 6898 10379 742 2509 2026 10140 11739 5314 6906
7769,11166 9111 9354 9110 11209 13427 11210 6792 7738 7735
7770,994 12324 876 1673 11366 6271 14961 3578 11087 13943
7771,4656 4664 4657 4646 5563 4650 4648 11371 4649 4647
7772,5299 3857 8747 7730 5305 3714 10359 3428 6325 2308
7773,14163 8999 58 4426 14866 14307 9054 10715 14865 5415
7774,14306 739 9054 10215 14320 11126 6106 12206 1858 14555
7775,11126 3055 13388 58 1367 12877 14984 15285 10715 11424
7776,14163 8999 58 4426 14866 14307 9054 10715 14865 5415
7777,9054 7124 14551 8999 14555 13587 14166 14824 78 14163
7778,14555 739 14852 9054 7124 13587 12427 14166 91 14306
7779,1880 2206 1490 7301 3600 15147 2549 7726 7157 2739
7780,14163 58 4426 12427 8999 7115 3021 11126 13016 14555
7781,14166 3021 14929 8999 14427 13134 9054 9052 14930 12513
7782,58 11126 15285 3055 8999 13388 14163 1367 11125 14899
7783,8999 3471 11045 13015 11718 14560 3960 14851 14163 3055
7784,11478 15285 14899 14701 8367 11126 58 10612 6523 6522
7785,2026 2146 2544 5281 392 2527 2535 2574 2518 69
7786,3413 3414 11340 14345 10750 673 3415 1887 7059 11325
7787,13964 13966 13965 13963 13707 13967 6751 11366 3055 10715
7788,13891 15255 8413 2154 8999 11058 7128 11059 13890 15276
7789,12877 14578 11126 15112 11184 53 15028 15247 7124 14519
7790,7124 14166 14930 14427 7115 12513 15244 14867 14931 110
7791,13414 13587 14826 15063 15028 15060 53 14578 14510 14824
7792,15284 11366 3055 15012 10715 8999 611 692 4426 53
7793,8999 14163 7121 14166 9054 7124 91 3055 1367 101
7794,4884 4823 4813 3235 7332 3234 3239 3236 3237 4891
7795,1419 10435 6911 11675 8673 2767 5461 10786 1404 6905
7796,3055 11126 1367 8999 13388 58 8369 53 10715 11424
7797,13587 14826 13414 53 14578 7124 14824 9054 15060 9055
7798,10715 14163 8999 14307 4426 58 52 740 101 1351
7799,14108 14210 12668 11366 3055 10715 8999 611 4426 53
7800,14080 1500 15287 12440 1498 8588 9056 14605 14604 9989
7801,14391 14939 5037 10321 14163 5545 8748 4758 1619 796
7802,14555 15288 9054 7124 91 13587 12427 14166 739 14449
7803,3318 5222 8903 2484 13461 8103 3359 12993 9109 12649
7804,1947 6943 8041 9128 9659 9127 8885 2449 1948 14133
7805,2009 12481 8997 9410 9409 10353 11055 1173 1883 13736
7806,7739 8077 4665 4651 7658 8079 14257 3745 8084 11592
7807,5347 8467 13195 5346 10187 8725 10432 4067 2215 5348
7808,5929 15129 8735 14217 8736 13430 5935 14471 8534 8739
7809,4660 4663 11368 2804 11370 4653 4650 4657 11369 13022
7810,4426 13016 15263 14163 8999 3055 7124 15045 9055 3019
7811,3403 13753 10124 11035 7798 3404 12667 5750 381 9773
7812,7124 14559 13912 9054 8999 13587 14555 4426 3055 91
7813,13193 10930 12060 13194 1540 8263 12231 3455 10927 3664
7814,12308 9801 856 12583 12463 5736 328 9276 702 7275
7815,2820 3465 2614 2742 1166 1532 405 8904 12426 11122
7816,14826 13587 53 15060 13414 8999 3055 8587 14578 15134
7817,1381 2497 9284 2585 5278 10265 5281 5234 4293 1806
7818,14555 9054 7124 91 13587 12427 14166 739 15288 14449
7819,7124 53 14578 12877 13587 3055 8999 13912 9054 14555
7820,58 14824 14163 8999 11126 9054 78 12427 9013 53
7821,13412 8872 8871 13724 28 9215 10528 10616 2309 611
7822,3237 7561 3234 4736 7332 7564 2566 11016 124 150
7823,53 14578 3055 14826 7124 8999 12877 15163 11883 11911
7824,10158 1316 12336 1489 10159 9910 9499 7330 1318 673
7825,11045 14700 15289 3055 7117 3022 8801 13724 8999 10715
7826,9306 13640 13798 9319 9299 6244 6161 2983 6785 4757
7827,13587 8369 15061 15062 8370 15001 3054 3056 3055 3053
7828,1826 2876 4416 3843 4414 6364 3844 7554 10199 4134
7829,1826 6364 4416 4414 3843 1777 2876 4134 9192 2869
7830,1392 494 1081 10364 5064 13755 466 1280 7958 478
7831,3405 13310 10123 3403 11920 9135 13309 4634 7302 13311
7832,15290 11366 1532 13885 3055 404 12850 12290 11384 6286
7833,7760 975 7322 7306 611 5838 11814 945 184 9610
7834,1367 13891 7128 15276 8999 3055 101 2125 10651 11184
7835,3055 6791 4820 11126 9719 8999 8369 53 1367 4988
7836,3471 14550 611 14552 14557 8999 3470 618 15065 14081
7837,88 2191 2209 5642 4901 2198 9669 3356 119 3377
